c ---- [ banner ] ------------------------------------------------------------
c
c Kissat SAT Solver
c 
c Copyright (c) 2021-2024 Armin Biere University of Freiburg
c Copyright (c) 2019-2021 Armin Biere Johannes Kepler University Linz
c 
c Version 4.0.4 8af8e56f174b778aef3aa45af9f739b2a5f492c2
c Apple clang version 17.0.0 (clang-1700.6.3.2) -W -Wall -O3 -DNDEBUG
c Mon Mar 30 18:25:47 CEST 2026 Darwin Mac 24.6.0 arm64
c
c ---- [ parsing ] -----------------------------------------------------------
c
c opened and reading DIMACS file:
c
c   tmp.cnf
c
c parsed 'p cnf 136 268736' header
c closing input after reading 8905849 bytes (8 MB)
c finished parsing after 0.03 seconds
c
c ---- [ solving ] -----------------------------------------------------------
c
c seconds switched rate     size/glue tier1 binary        remaining
c        MB reductions conflicts size  tier2   irredundant
c         level restarts redundant glue  trail        variables
c
c *  0.03 40 0 0 0  0 0   0   0 0.0 0 0 0 0 0%   0 268736 136 100%
c (  0.04 52 0 0 0  0 0   0   0 0.0 0 0 0 0 0%   0 268736 136 100%
c .  0.04 52 0 0 0  0 0   0   0 0.0 0 0 0 0 0%   0 268736 136 100%
c f  0.58 57 0 0 0  0 0   0   0 0.0 0 0 0 0 0% 591 258458 425 312%
c )  0.59 58 0 0 0  0 0   0   0 0.0 0 0 0 0 0% 591 258458 425 312%
c {  0.59 56 0 0 0  0 0   0   0 0.0 0 0 2 6 0% 591 258458 425 312%
c -  0.64 58 18 0 1 222 3 1002 624 1.5 17 11 10 15 60% 591 258458 425 312%
c }  0.64 58 18 1 1 222 3 1002 624 1.5 17 11 10 15 60% 591 258458 425 312%
c [  0.64 58 0 1 1 222 0 1002 624 0.0 0 0 2 6 0% 591 258458 425 312%
c B  0.64 58 0 1 1 222 0 1002 624 0.0 0 0 2 6 0% 591 258458 425 312%
c -  0.67 65 29 1 2 222 1 2002 1508 2.2 25 11 10 15 68% 591 258458 425 312%
c W  0.67 75 29 1 2 222 1 2004 1510 2.2 25 11 10 15 68% 591 258458 425 312%
c u  0.70 75 25 1 2 223 1 2577 2011 2.0 24 12 10 16 67% 591 258458 425 312%
c v  0.70 75 25 1 2 223 1 2577 2007 2.0 24 12 10 16 67% 591 258458 425 312%
c w  0.71 75 25 1 2 223 1 2577 2006 2.0 24 12 10 16 67% 591 258458 425 312%
c x  0.72 76 25 1 2 223 1 2577 2006 2.0 24 12 10 16 67% 591 258449 425 312%
c t  0.72 76 25 1 2 223 1 2577 2006 2.0 24 12 10 16 67% 562 258449 425 312%
c f  0.73 76 25 1 2 223 1 2577 2006 2.0 24 12 10 16 67% 574 258425 431 317%
c u  0.75 91 25 1 2 223 1 2577 2006 2.0 24 12 10 16 67% 574 258425 431 317%
c v  0.75 93 25 1 2 223 1 2577 2005 2.0 24 12 10 16 67% 574 258425 431 317%
c
c seconds  switched  rate       size/glue  tier1     binary        remaining
c        MB reductions conflicts      size    tier2     irredundant
c         level restarts   redundant     glue     trail        variables
c
c w  0.76 93 25 1 2 223 1 2577 1995 2.0 24 12 10 16 67% 574 258425 431 317%
c x  0.77 93 25 1 2 223 1 2577 1995 2.0 24 12 10 16 67% 575 258410 431 317%
c t  0.79 97 25 1 2 223 1 2577 1995 2.0 24 12 10 16 67% 569 258410 431 317%
c b  0.79 97 25 1 2 223 1 2577 1995 2.0 24 12 10 16 67% 569 258410 430 316%
c f  0.80 97 25 1 2 223 1 2577 1995 2.0 24 12 10 16 67% 579 258389 435 320%
c ]  0.82 97 24 2 2 224 1 3100 2423 1.8 24 13 10 16 66% 579 258389 435 320%
c {  0.82 97 18 2 2 224 3 3100 2423 1.5 17 11 10 15 60% 579 258389 435 320%
c -  0.83 98 17 2 3 240 3 3416 2428 1.6 17 11 9 14 59% 577 258389 435 320%
c }  0.87 98 17 3 3 416 2 4102 2969 1.5 17 11 10 15 58% 577 258389 435 320%
c [  0.87 98 24 3 3 416 1 4102 2969 1.8 24 13 10 16 66% 577 258389 435 320%
c I  0.87 98 23 3 3 416 1 4263 3107 1.8 23 13 10 16 65% 577 258389 435 320%
c -  0.90 98 22 3 4 417 1 5149 3457 1.7 23 14 12 17 64% 578 258389 435 320%
c ]  0.92 98 22 4 4 417 1 5672 3904 1.7 23 14 12 17 63% 578 258389 435 320%
c {  0.92 98 17 4 4 417 2 5672 3904 1.5 17 11 10 15 58% 578 258389 435 320%
c -  0.98 99 18 4 5 714 3 7150 4528 1.5 18 12 11 16 59% 578 258389 435 320%
c b  1.02 99 18 4 5 748 2 7937 5143 1.5 18 12 11 16 60% 578 258389 434 319%
c u  1.03 99 18 4 5 748 2 7937 5138 1.5 18 12 11 16 60% 578 258389 434 319%
c v  1.04 99 18 4 5 748 2 7937 5112 1.5 18 12 11 16 60% 578 258389 434 319%
c w  1.04 99 18 4 5 748 2 7937 5106 1.5 18 12 11 16 60% 578 258389 434 319%
c x  1.05 99 18 4 5 748 2 7937 5106 1.5 18 12 11 16 60% 579 258365 434 319%
c
c seconds  switched  rate       size/glue  tier1     binary        remaining
c        MB reductions conflicts      size    tier2     irredundant
c         level restarts   redundant     glue     trail        variables
c
c t  1.05 99 18 4 5 748 2 7937 5106 1.5 18 12 11 16 60% 575 258365 433 318%
c f  1.06 99 18 4 5 748 2 7937 5106 1.5 18 12 11 16 60% 607 258299 447 329%
c u  1.08 105 18 4 5 748 2 7937 5104 1.5 18 12 11 16 60% 607 258299 447 329%
c v  1.09 106 18 4 5 748 2 7937 5102 1.5 18 12 11 16 60% 607 258299 447 329%
c w  1.10 106 18 4 5 748 2 7937 5102 1.5 18 12 11 16 60% 607 258299 447 329%
c x  1.10 107 18 4 5 748 2 7937 5102 1.5 18 12 11 16 60% 608 258265 447 329%
c t  1.11 107 18 4 5 748 2 7937 5102 1.5 18 12 11 16 60% 602 258265 447 329%
c f  1.12 107 18 4 5 748 2 7937 5102 1.5 18 12 11 16 60% 669 258135 478 351%
c }  1.13 106 18 5 5 775 2 8025 5176 1.5 18 12 11 16 61% 669 258135 478 351%
c [  1.13 106 22 5 5 775 1 8025 5176 1.7 23 14 12 17 63% 669 258135 478 351%
c B  1.13 106 22 5 5 775 1 8034 5185 1.7 23 14 12 17 63% 669 258135 478 351%
c -  1.16 107 20 5 6 776 1 9386 5612 1.7 22 13 11 17 64% 664 258135 478 351%
c -  1.22 107 19 5 7 777 1 11835 6855 1.7 22 13 11 16 67% 664 258135 478 351%
c ]  1.23 107 19 6 7 778 1 12182 7115 1.7 22 13 11 16 67% 664 258135 478 351%
c {  1.23 107 18 6 7 778 2 12182 7115 1.5 18 12 11 16 61% 664 258135 478 351%
c s  1.28 107 17 6 7 778 2 12884 7634 1.5 18 12 11 16 62% 664 240977 478 351%
c e  1.28 108 17 6 7 778 2 12884 7634 1.5 18 12 11 16 62% 382 241101 308 226%
c 2  1.28 108 17 6 7 778 2 12884 7634 1.5 18 12 11 16 62% 377 241101 308 226%
c s  1.31 109 17 6 7 778 2 12884 7634 1.5 18 12 11 16 62% 377 238837 308 226%
c e  1.31 109 17 6 7 778 2 12884 7634 1.5 18 12 11 16 62% 368 238845 303 223%
c
c seconds   switched  rate        size/glue  tier1     binary        remaining
c         MB reductions conflicts       size    tier2     irredundant
c          level restarts    redundant     glue     trail        variables
c
c ^  1.31 109 17 6 7 778 2 12884 7634 1.5 18 12 11 16 62% 368 238845 303 223%
c o  1.32 109 17 6 7 778 2 12884 7512 1.5 18 12 11 16 62% 368 238845 303 223%
c -  1.40 110 17 6 8 783 2 14480 7754 1.6 18 11 10 15 63% 369 238845 303 223%
c }  1.44 110 16 7 8 783 2 16251 9281 1.6 18 11 10 15 63% 369 238845 303 223%
c [  1.44 110 19 7 8 783 1 16251 9281 1.7 22 13 11 16 67% 369 238845 303 223%
c W  1.45 115 19 7 8 783 1 16251 9281 1.7 22 13 11 16 67% 369 238845 303 223%
c u  1.48 115 19 7 8 783 1 16260 9289 1.7 22 13 11 16 67% 369 238845 303 223%
c v  1.49 116 19 7 8 783 1 16260 9286 1.7 22 13 11 16 67% 369 238845 303 223%
c w  1.50 116 19 7 8 783 1 16260 9286 1.7 22 13 11 16 67% 369 238845 303 223%
c x  1.51 116 19 7 8 783 1 16260 9286 1.7 22 13 11 16 67% 369 238842 303 223%
c t  1.56 119 19 7 8 783 1 16260 9286 1.7 22 13 11 16 67% 361 238842 303 223%
c f  1.57 119 19 7 8 783 1 16260 9286 1.7 22 13 11 16 67% 368 238821 309 227%
c u  1.58 118 19 7 8 783 1 16260 9284 1.7 22 13 11 16 67% 368 238821 309 227%
c v  1.60 119 19 7 8 783 1 16260 9282 1.7 22 13 11 16 67% 368 238821 309 227%
c w  1.60 119 19 7 8 783 1 16260 9281 1.7 22 13 11 16 67% 368 238821 309 227%
c x  1.61 119 19 7 8 783 1 16260 9281 1.7 22 13 11 16 67% 368 238821 309 227%
c -  1.65 119 19 7 9 784 1 17309 8825 1.7 22 13 11 16 68% 368 238821 309 227%
c -  1.73 119 20 7 10 785 1 20309 10065 1.7 23 13 11 17 69% 368 238821 309 227%
c ]  1.76 119 20 8 10 786 1 21235 10690 1.7 22 13 11 17 69% 368 238821 309 227%
c {  1.76 119 16 8 10 786 2 21235 10690 1.6 18 11 10 15 63% 368 238821 309 227%
c
c seconds   switched   rate         size/glue  tier1     binary        remaining
c         MB  reductions conflicts        size    tier2     irredundant
c          level  restarts     redundant     glue     trail        variables
c
c o  1.83 120 16 8 10 871 2 22959 12057 1.6 18 11 10 15 61% 368 238821 309 227%
c -  1.85 120 16 8 11 894 2 23471 11389 1.6 18 11 10 14 61% 369 238821 309 227%
c s  1.96 119 16 8 11 1017 2 25706 13311 1.7 18 11 10 14 61% 369 237952 309 227%
c e  1.97 119 16 8 11 1017 2 25706 13311 1.7 18 11 10 14 61% 287 238059 265 195%
c s  1.99 119 16 8 11 1017 2 25706 13311 1.7 18 11 10 14 61% 287 237154 265 195%
c e  1.99 119 16 8 11 1017 2 25706 13311 1.7 18 11 10 14 61% 281 237164 261 192%
c ^  1.99 119 16 8 11 1017 2 25706 13311 1.7 18 11 10 14 61% 281 237164 261 192%
c -  2.04 119 16 8 12 1039 2 26790 11629 1.7 19 11 9 14 61% 281 237164 261 192%
c }  2.06 119 16 9 12 1039 2 27395 12149 1.7 19 11 9 14 60% 281 237164 261 192%
c [  2.06 119 20 9 12 1039 1 27395 12149 1.7 22 13 11 17 69% 281 237164 261 192%
c O  2.06 119 20 9 12 1039 1 27395 12149 1.7 22 13 11 17 69% 281 237164 261 192%
c u  2.09 119 20 9 12 1039 1 27674 12379 1.7 22 13 11 17 69% 281 237164 261 192%
c v  2.10 119 20 9 12 1039 1 27674 12362 1.7 22 13 11 17 69% 281 237164 261 192%
c w  2.11 119 20 9 12 1039 1 27674 12362 1.7 22 13 11 17 69% 281 237164 261 192%
c x  2.12 119 20 9 12 1039 1 27674 12362 1.7 22 13 11 17 69% 286 237155 261 192%
c t  2.13 119 20 9 12 1039 1 27674 12362 1.7 22 13 11 17 69% 283 237155 261 192%
c f  2.14 119 20 9 12 1039 1 27674 12362 1.7 22 13 11 17 69% 333 236824 293 215%
c u  2.16 119 20 9 12 1039 1 27674 12354 1.7 22 13 11 17 69% 333 236824 293 215%
c v  2.17 120 20 9 12 1039 1 27674 12350 1.7 22 13 11 17 69% 333 236824 293 215%
c w  2.18 120 20 9 12 1039 1 27674 12342 1.7 22 13 11 17 69% 333 236824 293 215%
c
c seconds   switched    rate         size/glue  tier1     binary        remaining
c         MB  reductions  conflicts        size    tier2     irredundant
c          level   restarts     redundant     glue     trail        variables
c
c x  2.19 120 20 9 12 1039 1 27674 12342 1.7 22 13 11 17 69% 337 236792 293 215%
c t  2.20 120 20 9 12 1039 1 27674 12342 1.7 22 13 11 17 69% 333 236792 293 215%
c -  2.28 120 21 9 13 1041 1 30255 12287 1.7 23 14 11 17 69% 333 236792 293 215%
c -  2.39 120 24 9 14 1044 1 33860 12826 1.6 24 15 11 19 69% 333 236792 293 215%
c ]  2.41 120 24 10 14 1044 1 34696 13571 1.6 24 15 11 19 70% 333 236792 293 215%
c {  2.41 120 16 10 14 1044 2 34696 13571 1.7 19 11 9 14 60% 333 236792 293 215%
c -  2.49 120 16 10 15 1352 2 37603 14622 1.6 18 11 10 14 61% 333 236792 293 215%
c -  2.59 120 15 10 16 1407 2 41477 14857 1.6 18 11 9 13 61% 333 236792 293 215%
c u  2.64 119 15 10 16 1437 2 42363 15571 1.6 18 11 9 13 62% 333 236792 293 215%
c v  2.65 119 15 10 16 1437 2 42363 15422 1.6 18 11 9 13 62% 333 236792 293 215%
c w  2.66 119 15 10 16 1437 2 42363 15337 1.6 18 11 9 13 62% 333 236792 293 215%
c x  2.67 120 15 10 16 1437 2 42363 15337 1.6 18 11 9 13 62% 337 236768 293 215%
c t  2.75 122 15 10 16 1437 2 42363 15337 1.6 18 11 9 13 62% 335 236768 293 215%
c }  2.78 122 15 11 16 1486 2 43323 16074 1.6 18 11 9 13 62% 335 236768 293 215%
c [  2.78 122 24 11 16 1486 1 43323 16074 1.6 24 15 11 19 70% 335 236768 293 215%
c B  2.78 122 24 11 16 1486 1 43323 16074 1.6 24 15 11 19 70% 335 236768 293 215%
c o  2.79 122 24 11 16 1486 1 43323 16074 1.6 24 15 11 19 70% 335 236768 293 215%
c -  2.83 122 27 11 17 1488 1 45478 15515 1.6 25 16 11 21 71% 335 236768 293 215%
c -  2.89 122 29 11 18 1491 1 49602 16364 1.5 26 17 12 23 70% 335 236768 293 215%
c s  3.03 122 30 11 18 1492 1 53494 19879 1.5 26 17 12 23 70% 335 233842 293 215%
c
c seconds    switched    rate         size/glue  tier1     binary        remaining
c         MB   reductions  conflicts        size    tier2     irredundant
c          level    restarts     redundant     glue     trail        variables
c
c e  3.04 122 30 11 18 1492 1 53494 19879 1.5 26 17 12 23 70% 237 233951 234 172%
c s  3.06 122 30 11 18 1492 1 53494 19879 1.5 26 17 12 23 70% 237 233750 234 172%
c e  3.07 122 30 11 18 1492 1 53494 19879 1.5 26 17 12 23 70% 229 233766 230 169%
c ^  3.07 122 30 11 18 1492 1 53494 19879 1.5 26 17 12 23 70% 229 233766 230 169%
c -  3.10 122 30 11 19 1492 1 53846 16689 1.5 26 18 12 23 70% 229 233766 230 169%
c ]  3.12 123 30 12 19 1492 1 54616 17297 1.5 26 18 12 23 70% 229 233766 230 169%
c {  3.12 123 15 12 19 1492 2 54616 17297 1.6 18 11 9 13 62% 229 233766 230 169%
c -  3.23 123 15 12 20 1764 2 58205 18072 1.6 18 11 9 13 62% 229 233766 230 169%
c u  3.32 123 15 12 20 1872 2 60438 19700 1.6 17 11 9 13 62% 229 233766 230 169%
c v  3.34 123 15 12 20 1872 2 60438 19560 1.6 17 11 9 13 62% 229 233766 230 169%
c w  3.35 123 15 12 20 1872 2 60438 19560 1.6 17 11 9 13 62% 229 233766 230 169%
c x  3.36 121 15 12 20 1872 2 60438 19560 1.6 17 11 9 13 62% 234 233668 230 169%
c t  3.37 122 15 12 20 1872 2 60438 19560 1.6 17 11 9 13 62% 227 233668 230 169%
c f  3.37 122 15 12 20 1872 2 60438 19560 1.6 17 11 9 13 62% 228 233662 231 170%
c u  3.39 121 15 12 20 1872 2 60438 19554 1.6 17 11 9 13 62% 228 233662 231 170%
c v  3.41 122 15 12 20 1872 2 60438 19533 1.6 17 11 9 13 62% 228 233662 231 170%
c w  3.42 122 15 12 20 1872 2 60438 19533 1.6 17 11 9 13 62% 228 233662 231 170%
c x  3.43 122 15 12 20 1872 2 60438 19533 1.6 17 11 9 13 62% 228 233380 231 170%
c -  3.50 123 15 12 21 1966 2 62677 18983 1.6 17 11 9 13 61% 228 233380 231 170%
c }  3.58 123 15 13 21 2045 2 66096 21495 1.6 17 11 9 13 62% 228 233380 231 170%
c
c seconds    switched    rate         size/glue  tier1     binary        remaining
c         MB   reductions  conflicts        size    tier2     irredundant
c          level    restarts     redundant     glue     trail        variables
c
c [  3.58 123 30 13 21 2045 1 66096 21495 1.5 26 18 12 23 70% 228 233380 231 170%
c W  3.59 129 30 13 21 2045 1 66096 21495 1.5 26 18 12 23 70% 228 233380 231 170%
c -  3.61 129 30 13 22 2046 1 67259 19958 1.5 26 18 12 23 71% 228 233380 231 170%
c -  3.74 129 31 13 23 2049 1 71950 21983 1.5 26 17 12 23 72% 228 233380 231 170%
c -  3.86 129 31 13 24 2051 1 76746 24031 1.5 26 17 12 23 72% 228 233380 231 170%
c I  3.93 129 31 13 24 2054 1 81000 27996 1.5 26 17 12 23 72% 228 233380 231 170%
c o  3.94 129 31 13 24 2054 1 81000 27996 1.5 26 17 12 23 72% 228 233380 231 170%
c ]  3.94 129 31 14 24 2054 1 81210 28158 1.5 26 17 12 23 72% 228 233380 231 170%
c {  3.94 129 15 14 24 2054 2 81210 28158 1.6 17 11 9 13 62% 228 233380 231 170%
c -  3.96 129 15 14 25 2061 2 81644 25506 1.6 17 11 9 13 62% 228 233380 231 170%
c u  4.01 129 15 14 25 2158 2 82004 25799 1.6 17 11 9 13 62% 228 233380 231 170%
c v  4.02 129 15 14 25 2158 2 82004 25568 1.6 17 11 9 13 62% 228 233380 231 170%
c w  4.03 129 15 14 25 2158 2 82004 25564 1.6 17 11 9 13 62% 228 233380 231 170%
c x  4.05 130 15 14 25 2158 2 82004 25563 1.6 17 11 9 13 62% 230 233187 231 170%
c t  4.06 130 15 14 25 2158 2 82004 25563 1.6 17 11 9 13 62% 228 233187 231 170%
c -  4.23 130 15 14 26 2590 2 86644 26442 1.6 18 11 9 13 62% 228 233187 231 170%
c -  4.44 136 16 14 27 3142 2 91745 27339 1.6 18 11 9 14 62% 228 233187 231 170%
c }  4.53 136 15 15 27 3171 2 95925 30402 1.6 18 11 9 14 61% 228 233187 231 170%
c [  4.53 136 31 15 27 3171 1 95925 30402 1.5 26 17 12 23 72% 228 233187 231 170%
c -  4.55 136 31 15 28 3171 1 96941 28058 1.5 26 17 12 22 71% 228 233187 231 170%
c
c seconds    switched    rate         size/glue  tier1     binary        remaining
c         MB   reductions  conflicts        size    tier2     irredundant
c          level    restarts     redundant     glue     trail        variables
c
c s  4.63 136 30 15 28 3173 1 98215 28975 1.5 25 16 12 22 71% 228 232314 231 170%
c e  4.64 137 30 15 28 3173 1 98215 28975 1.5 25 16 12 22 71% 163 232464 199 146%
c s  4.68 137 30 15 28 3173 1 98215 28975 1.5 25 16 12 22 71% 163 232235 199 146%
c e  4.69 137 30 15 28 3173 1 98215 28975 1.5 25 16 12 22 71% 161 232241 198 146%
c ^  4.69 137 30 15 28 3173 1 98215 28975 1.5 25 16 12 22 71% 161 232241 198 146%
c B  4.71 135 30 15 28 3173 1 98802 29220 1.6 25 16 12 22 71% 161 232241 198 146%
c -  4.80 139 31 15 29 3176 1 102234 29121 1.6 25 16 11 22 71% 161 232241 198 146%
c u  4.91 140 32 15 29 3177 1 107205 33532 1.5 26 17 11 22 71% 161 232241 198 146%
c v  4.93 140 32 15 29 3177 1 107205 33418 1.5 26 17 11 22 71% 161 232241 198 146%
c w  4.94 140 32 15 29 3177 1 107205 33418 1.5 26 17 11 22 71% 161 232241 198 146%
c x  4.96 153 32 15 29 3177 1 107205 33418 1.5 26 17 11 22 71% 163 232155 198 146%
c t  4.97 155 32 15 29 3177 1 107205 33418 1.5 26 17 11 22 71% 161 232155 198 146%
c f  4.97 146 32 15 29 3177 1 107205 33418 1.5 26 17 11 22 71% 161 232145 199 146%
c u  5.01 163 32 15 29 3177 1 107205 33391 1.5 26 17 11 22 71% 161 232145 199 146%
c v  5.02 163 32 15 29 3177 1 107205 33301 1.5 26 17 11 22 71% 161 232145 199 146%
c w  5.04 163 32 15 29 3177 1 107205 33300 1.5 26 17 11 22 71% 161 232145 199 146%
c x  5.06 165 32 15 29 3177 1 107205 33300 1.5 26 17 11 22 71% 162 232048 199 146%
c t  5.12 170 32 15 29 3177 1 107205 33300 1.5 26 17 11 22 71% 161 232048 199 146%
c -  5.13 173 32 15 30 3177 1 107619 30381 1.5 26 17 12 23 71% 161 232048 199 146%
c -  5.29 173 32 15 31 3181 1 113098 31584 1.5 26 17 12 23 71% 161 232048 199 146%
c
c seconds    switched    rate          size/glue  tier1     binary        remaining
c         MB   reductions  conflicts         size    tier2     irredundant
c          level    restarts      redundant     glue     trail        variables
c
c -  5.43 182 32 15 32 3184 1 118667 33466 1.5 27 18 12 23 72% 161 232048 199 146%
c W  5.45 175 32 15 32 3184 1 119715 34430 1.5 27 18 12 23 72% 161 232048 199 146%
c ]  5.46 175 32 16 32 3184 1 120019 34717 1.5 27 18 12 23 72% 161 232048 199 146%
c {  5.46 175 15 16 32 3184 2 120019 34717 1.6 18 11 9 14 61% 161 232048 199 146%
c o  5.53 175 15 16 32 3298 2 122052 36148 1.6 17 11 9 14 61% 161 232048 199 146%
c -  5.59 175 15 16 33 3351 2 124324 34418 1.6 17 11 9 13 61% 161 232048 199 146%
c -  5.76 175 15 16 34 3580 2 130068 34658 1.6 17 11 9 13 60% 161 232048 199 146%
c -  5.97 175 15 16 35 4124 2 135899 35896 1.5 17 11 9 13 60% 161 232048 199 146%
c u  6.01 176 15 16 35 4124 2 136113 36028 1.5 17 11 9 13 60% 162 232048 199 146%
c v  6.03 181 15 16 35 4124 2 136113 35872 1.5 17 11 9 13 60% 162 232048 199 146%
c w  6.05 185 15 16 35 4124 2 136113 35846 1.5 17 11 9 13 60% 162 232048 199 146%
c x  6.07 192 15 16 35 4124 2 136113 35845 1.5 17 11 9 13 60% 162 231937 199 146%
c t  6.08 192 15 16 35 4124 2 136113 35845 1.5 17 11 9 13 60% 161 231937 199 146%
c f  6.08 181 15 16 35 4124 2 136113 35845 1.5 17 11 9 13 60% 162 231925 200 147%
c u  6.12 183 15 16 35 4124 2 136113 35808 1.5 17 11 9 13 60% 162 231925 200 147%
c v  6.14 183 15 16 35 4124 2 136113 35737 1.5 17 11 9 13 60% 162 231925 200 147%
c w  6.15 183 15 16 35 4124 2 136113 35713 1.5 17 11 9 13 60% 162 231925 200 147%
c x  6.17 189 15 16 35 4124 2 136113 35713 1.5 17 11 9 13 60% 162 231853 200 147%
c f  6.18 189 15 16 35 4124 2 136113 35713 1.5 17 11 9 13 60% 163 231841 201 148%
c }  6.29 196 15 17 35 4418 2 138356 37633 1.6 17 11 9 13 60% 163 231841 201 148%
c
c seconds    switched    rate          size/glue  tier1     binary        remaining
c         MB   reductions  conflicts         size    tier2     irredundant
c          level    restarts      redundant     glue     trail        variables
c
c [  6.29 196 32 17 35 4418 1 138356 37633 1.5 27 18 12 23 72% 163 231841 201 148%
c -  6.37 199 31 17 36 4420 1 141817 38350 1.5 26 17 12 23 71% 163 231841 201 148%
c O  6.42 208 31 17 36 4422 1 143941 40177 1.5 26 17 12 23 70% 163 231841 201 148%
c -  6.51 206 30 17 37 4424 1 147822 40736 1.6 26 17 11 23 71% 163 231841 201 148%
c -  6.66 206 31 17 38 4427 1 153904 42199 1.6 27 17 11 22 72% 163 231841 201 148%
c -  6.84 207 31 17 39 4431 1 160070 43196 1.6 26 17 11 22 71% 163 231841 201 148%
c s  6.95 207 31 17 39 4431 1 161739 44746 1.6 26 17 11 22 71% 163 231478 201 148%
c e  6.96 218 31 17 39 4431 1 161739 44746 1.6 26 17 11 22 71% 129 231625 182 134%
c s  7.02 218 31 17 39 4431 1 161739 44746 1.6 26 17 11 22 71% 129 231188 182 134%
c e  7.02 218 31 17 39 4431 1 161739 44746 1.6 26 17 11 22 71% 127 231198 181 133%
c ^  7.02 218 31 17 39 4431 1 161739 44746 1.6 26 17 11 22 71% 127 231198 181 133%
c -  7.11 220 31 17 40 4432 1 166314 43659 1.6 27 17 11 22 72% 127 231198 181 133%
c ]  7.14 203 31 18 40 4432 1 167636 44853 1.6 27 17 11 22 72% 127 231198 181 133%
c {  7.14 203 15 18 40 4432 2 167636 44853 1.6 17 11 9 13 60% 127 231198 181 133%
c u  7.25 207 15 18 40 4532 2 168834 45850 1.6 17 11 9 13 60% 127 231198 181 133%
c v  7.28 208 15 18 40 4532 2 168834 45842 1.6 17 11 9 13 60% 127 231198 181 133%
c w  7.29 208 15 18 40 4532 2 168834 45841 1.6 17 11 9 13 60% 127 231198 181 133%
c x  7.32 208 15 18 40 4532 2 168834 45840 1.6 17 11 9 13 60% 130 229275 181 133%
c t  7.32 208 15 18 40 4532 2 168834 45840 1.6 17 11 9 13 60% 129 229275 181 133%
c f  7.33 208 15 18 40 4532 2 168834 45840 1.6 17 11 9 13 60% 132 229233 183 135%
c
c seconds    switched    rate          size/glue  tier1    binary        remaining
c         MB   reductions  conflicts         size   tier2     irredundant
c          level    restarts      redundant     glue    trail        variables
c
c u  7.37 207 15 18 40 4532 2 168834 45815 1.6 17 11 9 13 60% 132 229233 183 135%
c v  7.39 207 15 18 40 4532 2 168834 45806 1.6 17 11 9 13 60% 132 229233 183 135%
c w  7.41 207 15 18 40 4532 2 168834 45800 1.6 17 11 9 13 60% 132 229233 183 135%
c x  7.43 209 15 18 40 4532 2 168834 45800 1.6 17 11 9 13 60% 132 229223 183 135%
c o  7.57 219 15 18 40 4688 2 172508 48629 1.6 17 11 9 13 60% 132 229223 183 135%
c -  7.58 220 15 18 41 4693 2 172639 44366 1.6 17 11 9 13 60% 133 229223 183 135%
c -  7.91 233 15 18 42 4953 2 179043 44377 1.6 18 11 9 13 59% 133 229223 183 135%
c -  8.21 234 15 18 43 5305 2 185524 44774 1.6 18 11 9 13 59% 133 229223 183 135%
c }  8.38 222 15 19 43 5439 2 189985 48157 1.6 18 11 9 13 59% 133 229223 183 135%
c [  8.38 222 31 19 43 5439 1 189985 48157 1.6 27 17 11 22 72% 133 229223 183 135%
c B  8.38 222 31 19 43 5439 1 189985 48157 1.6 27 17 11 22 72% 133 229223 183 135%
c -  8.45 223 31 19 44 5441 1 192083 46212 1.6 27 17 11 22 73% 133 229223 183 135%
c -  8.60 234 31 19 45 5445 1 198716 47535 1.6 27 17 11 22 73% 133 229223 183 135%
c -  8.82 249 31 19 46 5448 1 205424 49878 1.6 26 17 11 22 72% 133 229223 183 135%
c u  8.88 252 31 19 46 5448 1 205451 49883 1.6 27 17 11 22 72% 133 229223 183 135%
c v  8.92 252 31 19 46 5448 1 205451 49871 1.6 27 17 11 22 72% 133 229223 183 135%
c w  8.94 252 31 19 46 5448 1 205451 49868 1.6 27 17 11 22 72% 133 229223 183 135%
c x  8.97 238 31 19 46 5448 1 205451 49868 1.6 27 17 11 22 72% 134 225970 183 135%
c t  8.98 240 31 19 46 5448 1 205451 49868 1.6 27 17 11 22 72% 133 225970 183 135%
c -  9.19 240 31 19 47 5452 1 212207 50872 1.6 26 17 11 22 72% 133 225970 183 135%
c
c seconds    switched    rate          size/glue  tier1     binary        remaining
c         MB   reductions  conflicts         size    tier2     irredundant
c          level    restarts      redundant     glue     trail        variables
c
c -  9.39 241 31 19 48 5453 1 219062 50665 1.5 27 17 11 22 73% 133 225970 183 135%
c W  9.47 241 31 19 48 5453 1 221435 52783 1.5 27 17 11 22 74% 133 225970 183 135%
c -  9.60 241 31 19 49 5456 1 225993 50735 1.5 27 18 11 22 73% 133 225970 183 135%
c ]  9.70 241 31 20 49 5459 1 230398 54470 1.5 27 18 11 22 74% 133 225970 183 135%
c {  9.70 241 15 20 49 5459 2 230398 54470 1.6 18 11 9 13 59% 133 225970 183 135%
c -  9.80 241 15 20 50 5662 2 232994 51919 1.6 18 11 9 13 59% 134 225970 183 135%
c -  9.97 250 15 20 51 5664 1 240067 51857 1.6 17 11 9 13 58% 134 225970 183 135%
c o 10.04 251 15 20 51 5671 1 242943 53934 1.6 17 11 9 13 58% 134 225970 183 135%
c s 10.21 253 15 20 51 5749 1 245800 56441 1.6 17 11 9 13 59% 138 225170 183 135%
c e 10.22 253 15 20 51 5749 1 245800 56441 1.6 17 11 9 13 59%  96 225387 165 121%
c s 10.31 253 15 20 51 5749 1 245800 56441 1.6 17 11 9 13 59%  96 224730 165 121%
c e 10.31 253 15 20 51 5749 1 245800 56441 1.6 17 11 9 13 59%  85 224793 160 118%
c ! 10.31 253 15 20 51 5749 1 245800 56441 1.6 17 11 9 13 59%  85 224793 160 118%
c u 10.38 240 15 20 51 5749 1 245998 56075 1.6 17 11 9 13 59%  87 224793 160 118%
c v 10.41 241 15 20 51 5749 1 245998 56045 1.6 17 11 9 13 59%  87 224793 160 118%
c w 10.43 241 15 20 51 5749 1 245998 56036 1.6 17 11 9 13 59%  87 224793 160 118%
c x 10.45 242 15 20 51 5749 1 245998 56036 1.6 17 11 9 13 59%  91 222314 160 118%
c t 10.51 245 15 20 51 5749 1 245998 56036 1.6 17 11 9 13 59%  88 222314 160 118%
c f 10.52 245 15 20 51 5749 1 245998 56036 1.6 17 11 9 13 59%  95 222254 163 120%
c u 10.57 244 15 20 51 5749 1 245998 56013 1.6 17 11 9 13 59%  95 222254 163 120%
c
c seconds    switched    rate          size/glue  tier1    binary        remaining
c         MB   reductions  conflicts         size   tier2     irredundant
c          level    restarts      redundant     glue    trail        variables
c
c v 10.60 244 15 20 51 5749 1 245998 55933 1.6 17 11 9 13 59%  99 222254 163 120%
c w 10.62 244 15 20 51 5749 1 245998 55925 1.6 17 11 9 13 59%  96 222254 163 120%
c x 10.65 244 15 20 51 5749 1 245998 55925 1.6 17 11 9 13 59%  98 220298 163 120%
c t 10.65 244 15 20 51 5749 1 245998 55925 1.6 17 11 9 13 59%  96 220298 163 120%
c f 10.66 244 15 20 51 5749 1 245998 55925 1.6 17 11 9 13 59%  98 220254 165 121%
c - 10.71 245 15 20 52 5768 1 247209 44463 1.6 17 11 8 13 59%  98 220254 165 121%
c - 10.90 245 15 20 53 5944 1 254420 43379 1.6 17 10 8 13 59%  99 220254 165 121%
c } 10.96 245 15 21 53 5970 1 257137 45569 1.6 17 10 8 13 59%  99 220254 165 121%
c [ 10.96 245 31 21 53 5970 1 257137 45569 1.5 27 18 11 22 74%  99 220254 165 121%
c I 10.96 245 31 21 53 5970 1 257137 45569 1.5 27 18 11 22 74%  99 220254 165 121%
c - 11.10 245 30 21 54 5973 1 261701 45389 1.5 26 17 11 22 73%  99 220254 165 121%
c - 11.30 245 30 21 55 5976 1 269050 48803 1.5 26 17 11 22 73%  99 220254 165 121%
c - 11.49 245 29 21 56 5982 1 276466 50496 1.5 26 17 11 21 73%  99 220254 165 121%
c ] 11.63 245 28 22 56 5983 1 281696 54807 1.5 26 17 11 21 73%  99 220254 165 121%
c { 11.63 245 15 22 56 5983 1 281696 54807 1.6 17 10 8 13 59%  99 220254 165 121%
c - 11.74 244 15 22 57 6058 1 283950 51567 1.6 17 10 8 13 60% 101 220254 165 121%
c u 12.03 256 15 22 57 6072 1 290548 57154 1.6 17 10 8 13 60% 102 220254 165 121%
c v 12.07 258 15 22 57 6072 1 290548 56618 1.6 17 10 8 13 60% 102 220254 165 121%
c w 12.09 259 15 22 57 6072 1 290548 55260 1.6 17 10 8 13 60% 102 220254 165 121%
c x 12.12 259 15 22 57 6072 1 290548 55259 1.6 17 10 8 13 60% 102 220133 165 121%
c
c seconds    switched    rate          size/glue  tier1    binary        remaining
c         MB   reductions  conflicts         size   tier2     irredundant
c          level    restarts      redundant     glue    trail        variables
c
c t 12.13 259 15 22 57 6072 1 290548 55259 1.6 17 10 8 13 60% 101 220133 165 121%
c f 12.13 245 15 22 57 6072 1 290548 55259 1.6 17 10 8 13 60% 103 220094 167 123%
c u 12.18 244 15 22 57 6072 1 290548 55189 1.6 17 10 8 13 60% 103 220094 167 123%
c v 12.22 245 15 22 57 6072 1 290548 55148 1.6 17 10 8 13 60% 103 220094 167 123%
c w 12.24 245 15 22 57 6072 1 290548 54958 1.6 17 10 8 13 60% 103 220094 167 123%
c x 12.27 245 15 22 57 6072 1 290548 54958 1.6 17 10 8 13 60% 103 219863 167 123%
c f 12.28 245 15 22 57 6072 1 290548 54958 1.6 17 10 8 13 60% 108 219738 170 125%
c - 12.32 245 15 22 58 6174 1 291499 50988 1.6 17 10 8 13 60% 108 219738 170 125%
c - 12.52 246 14 22 59 6283 1 299114 50875 1.6 17 10 8 13 60% 108 219738 170 125%
c - 12.78 245 14 22 60 6589 1 306796 52541 1.6 17 10 8 13 60% 108 219738 170 125%
c } 13.02 253 14 23 60 6674 1 313214 57900 1.7 17 10 8 13 60% 108 219738 170 125%
c [ 13.02 253 28 23 60 6674 1 313214 57900 1.5 26 17 11 21 73% 108 219738 170 125%
c B 13.02 253 28 23 60 6674 1 313214 57900 1.5 26 17 11 21 73% 108 219738 170 125%
c o 13.02 255 28 23 60 6674 1 313214 57900 1.5 26 17 11 21 73% 108 219738 170 125%
c - 13.06 245 28 23 61 6675 1 314541 54308 1.5 26 17 11 21 74% 108 219738 170 125%
c - 13.21 245 28 23 62 6680 1 322352 55617 1.5 26 17 11 21 73% 108 219738 170 125%
c - 13.46 245 28 23 63 6684 1 330226 58437 1.5 26 17 11 21 73% 108 219738 170 125%
c - 13.73 245 28 23 64 6688 1 338166 59515 1.5 26 17 11 21 74% 108 219738 170 125%
c u 13.82 245 28 23 64 6688 1 339203 60329 1.5 26 17 11 21 74% 108 219738 170 125%
c v 13.86 245 28 23 64 6688 1 339203 60301 1.5 26 17 11 21 74% 108 219738 170 125%
c
c seconds    switched    rate          size/glue  tier1     binary        remaining
c         MB   reductions  conflicts         size    tier2     irredundant
c          level    restarts      redundant     glue     trail        variables
c
c w 13.88 249 28 23 64 6688 1 339203 60267 1.5 26 17 11 21 74% 108 219738 170 125%
c x 13.92 255 28 23 64 6688 1 339203 60267 1.5 26 17 11 21 74% 478 217430 170 125%
c t 13.92 255 28 23 64 6688 1 339203 60267 1.5 26 17 11 21 74% 107 217430 170 125%
c f 13.93 245 28 23 64 6688 1 339203 60267 1.5 26 17 11 21 74% 114 217378 172 126%
c u 13.99 245 28 23 64 6688 1 339203 59953 1.5 26 17 11 21 74% 114 217378 172 126%
c v 14.03 245 28 23 64 6688 1 339203 59932 1.5 26 17 11 21 74% 114 217378 172 126%
c w 14.05 245 28 23 64 6688 1 339203 59915 1.5 26 17 11 21 74% 114 217378 172 126%
c x 14.08 251 28 23 64 6688 1 339203 59915 1.5 26 17 11 21 74% 114 216391 172 126%
c t 14.09 254 28 23 64 6688 1 339203 59915 1.5 26 17 11 21 74% 110 216391 172 126%
c f 14.09 245 28 23 64 6688 1 339203 59915 1.5 26 17 11 21 74% 113 216365 173 127%
c - 14.23 245 28 23 65 6688 1 346168 58859 1.6 26 17 11 21 74% 113 216365 173 127%
c s 14.49 245 28 23 65 6693 1 351840 63795 1.5 26 17 11 21 74% 114 215871 173 127%
c e 14.49 246 28 23 65 6693 1 351840 63795 1.5 26 17 11 21 74%  92 216026 159 117%
c s 14.59 246 28 23 65 6693 1 351840 63795 1.5 26 17 11 21 74%  92 215827 159 117%
c e 14.60 246 28 23 65 6693 1 351840 63795 1.5 26 17 11 21 74%  89 215845 158 116%
c - 14.66 246 28 23 66 6694 1 354230 57998 1.5 26 17 10 20 74%  89 215845 158 116%
c ] 14.72 246 28 24 66 6695 1 356112 59538 1.5 26 17 10 20 74%  89 215845 158 116%
c { 14.72 246 14 24 66 6695 1 356112 59538 1.7 17 10 8 13 60%  89 215845 158 116%
c - 15.00 246 14 24 67 7220 1 362355 58210 1.7 17 10 8 12 60%  89 215845 158 116%
c - 15.35 263 14 24 68 8516 1 370540 57802 1.6 17 10 8 12 60%  89 215845 158 116%
c
c seconds    switched    rate          size/glue  tier1    binary        remaining
c         MB   reductions  conflicts         size   tier2     irredundant
c          level    restarts      redundant     glue    trail        variables
c
c - 15.59 252 14 24 69 8773 1 378786 58136 1.6 17 10 8 12 60%  89 215845 158 116%
c - 15.85 264 14 24 70 9458 1 387094 58769 1.6 17 10 8 12 60%  90 215845 158 116%
c u 16.10 262 14 24 70 10068 1 392002 62501 1.6 17 10 8 12 60%  90 215845 158 116%
c v 16.14 263 14 24 70 10068 1 392002 62381 1.6 17 10 8 12 60%  90 215845 158 116%
c w 16.16 263 14 24 70 10068 1 392002 62356 1.6 17 10 8 12 60%  90 215845 158 116%
c x 16.20 264 14 24 70 10068 1 392002 62351 1.6 17 10 8 12 60%  90 212301 158 116%
c t 16.21 264 14 24 70 10068 1 392002 62351 1.6 17 10 8 12 60%  86 212301 158 116%
c f 16.21 252 14 24 70 10068 1 392002 62351 1.6 17 10 8 12 60%  93 212214 162 119%
c u 16.28 253 14 24 70 10068 1 392002 62285 1.6 17 10 8 12 60%  96 212214 162 119%
c v 16.32 253 14 24 70 10068 1 392002 62112 1.6 17 10 8 12 60%  96 212214 162 119%
c w 16.34 253 14 24 70 10068 1 392002 62068 1.6 17 10 8 12 60%  96 212214 162 119%
c x 16.38 254 14 24 70 10068 1 392002 62066 1.6 17 10 8 12 60%  96 210220 162 119%
c t 16.51 267 14 24 70 10068 1 392002 62066 1.6 17 10 8 12 60%  94 210220 162 119%
c } 16.56 254 14 25 70 10155 1 392791 62692 1.6 17 10 8 12 60%  94 210220 162 119%
c [ 16.56 254 28 25 70 10155 1 392791 62692 1.5 26 17 10 20 74%  94 210220 162 119%
c W 16.57 255 28 25 70 10155 1 392791 62692 1.5 26 17 10 20 74%  94 210220 162 119%
c - 16.63 255 28 25 71 10157 1 395461 61220 1.5 26 17 10 20 74%  94 210220 162 119%
c o 16.70 255 28 25 71 10160 1 399037 64435 1.6 26 16 10 20 74%  94 210220 162 119%
c - 16.82 256 27 25 72 10161 1 403889 63843 1.6 26 16 10 20 75%  94 210220 162 119%
c - 17.02 256 27 25 73 10167 1 412375 65363 1.6 25 16 10 20 75%  94 210220 162 119%
c
c seconds    switched     rate          size/glue  tier1     binary        remaining
c         MB   reductions   conflicts         size    tier2     irredundant
c          level    restarts       redundant     glue     trail        variables
c
c - 17.22 256 27 25 74 10169 1 420919 66089 1.6 25 16 10 20 75%  94 210220 162 119%
c - 17.43 256 26 25 75 10172 1 429524 66555 1.7 26 15 10 19 76%  94 210220 162 119%
c - 17.69 269 26 25 76 10176 1 438187 67287 1.7 25 15 10 19 75%  94 210220 162 119%
c O 17.75 254 26 25 76 10179 1 440953 69821 1.7 26 15 10 19 75%  94 210220 162 119%
c - 17.96 256 26 25 77 10183 1 446905 66649 1.7 25 15 10 19 74%  94 210220 162 119%
c u 18.09 256 25 25 77 10183 1 448952 68058 1.7 25 15 10 19 74%  96 210220 162 119%
c v 18.13 256 25 25 77 10183 1 448952 68010 1.7 25 15 10 19 74%  96 210220 162 119%
c w 18.15 256 25 25 77 10183 1 448952 67909 1.7 25 15 10 19 74%  96 210220 162 119%
c t 18.18 256 25 25 77 10183 1 448952 67909 1.7 25 15 10 19 74%  94 210220 162 119%
c ] 18.20 263 25 26 77 10183 1 449187 68091 1.7 25 15 10 19 74%  94 210220 162 119%
c { 18.20 263 14 26 77 10183 1 449187 68091 1.6 17 10 8 12 60%  94 210220 162 119%
c - 18.51 256 15 26 78 11000 2 455679 66578 1.6 17 10 8 13 59%  94 210220 162 119%
c - 18.86 256 15 26 79 11842 2 464512 68351 1.6 17 11 8 13 59%  95 210220 162 119%
c - 19.20 269 15 26 80 12275 2 473401 70620 1.6 17 11 8 13 59%  95 210220 162 119%
c s 19.68 256 15 26 80 13452 2 481242 76895 1.6 17 11 8 13 58%  96 209092 162 119%
c e 19.69 256 15 26 80 13452 2 481242 76895 1.6 17 11 8 13 58%  88 209132 158 116%
c s 19.83 256 15 26 80 13452 2 481242 76895 1.6 17 11 8 13 58%  88 208923 158 116%
c - 19.92 268 15 26 81 13626 2 482346 72469 1.6 17 11 8 13 58%  88 208923 158 116%
c - 20.18 256 15 26 82 13750 2 491348 73149 1.6 17 11 8 13 58%  88 208923 158 116%
c } 20.18 256 15 27 82 13761 2 491407 73183 1.6 17 11 8 13 58%  88 208923 158 116%
c
c seconds    switched     rate          size/glue  tier1     binary        remaining
c         MB   reductions   conflicts         size    tier2     irredundant
c          level    restarts       redundant     glue     trail        variables
c
c [ 20.18 256 25 27 82 13761 1 491407 73183 1.7 25 15 10 19 74%  88 208923 158 116%
c B 20.25 256 25 27 82 13763 1 493740 74930 1.7 25 15 10 19 74%  88 208923 158 116%
c o 20.25 256 25 27 82 13763 1 493740 74930 1.7 25 15 10 19 74%  88 208923 158 116%
c - 20.38 257 26 27 83 13767 1 500403 71028 1.6 25 15 10 19 73%  88 208923 158 116%
c - 20.58 257 26 27 84 13772 1 509514 69957 1.6 25 15 10 20 72%  88 208923 158 116%
c u 20.69 257 26 27 84 13773 1 510206 70224 1.6 25 15 10 20 72%  97 208923 158 116%
c v 20.76 257 26 27 84 13773 1 510206 70068 1.6 25 15 10 20 72%  97 208923 158 116%
c w 20.79 265 26 27 84 13773 1 510206 69979 1.6 25 15 10 20 72%  97 208923 158 116%
c d 20.80 267 26 27 84 13773 1 510206 69362 1.6 25 15 10 20 72%  95 199768 157 115%
c t 20.80 267 26 27 84 13773 1 510206 69362 1.6 25 15 10 20 72%  85 199768 157 115%
c f 20.81 257 26 27 84 13773 1 510206 69362 1.6 25 15 10 20 72%  89 199705 159 117%
c u 20.88 257 26 27 84 13773 1 510206 69127 1.6 25 15 10 20 72% 102 199705 159 117%
c v 20.94 257 26 27 84 13773 1 510206 68752 1.6 25 15 10 20 72%  96 199705 159 117%
c w 20.96 257 26 27 84 13773 1 510206 68635 1.6 25 15 10 20 72%  96 199705 159 117%
c x 21.01 257 26 27 84 13773 1 510206 68634 1.6 25 15 10 20 72%  97 198212 159 117%
c d 21.01 257 26 27 84 13773 1 510206 67960 1.6 25 15 10 20 72%  95 194368 158 116%
c t 21.02 257 26 27 84 13773 1 510206 67960 1.6 25 15 10 20 72%  89 194368 158 116%
c - 21.17 266 27 27 85 13775 1 518681 69000 1.6 25 15 10 20 73%  89 194368 158 116%
c - 21.39 257 26 27 86 13778 1 527901 70367 1.6 25 15 10 19 72%  89 194368 158 116%
c - 21.63 257 26 27 87 13783 1 537174 71231 1.6 25 15 10 19 71%  89 194368 158 116%
c
c seconds    switched     rate          size/glue  tier1     binary        remaining
c         MB   reductions   conflicts         size    tier2     irredundant
c          level    restarts       redundant     glue     trail        variables
c
c - 21.85 257 26 27 88 13789 1 546503 71540 1.6 25 15 10 19 70%  89 194368 158 116%
c W 21.98 257 25 27 88 13790 1 551324 75878 1.6 25 15 10 19 69%  89 194368 158 116%
c - 22.09 257 25 27 89 13790 1 555886 71503 1.6 24 15 10 19 69%  89 194368 158 116%
c - 22.31 257 25 27 90 13791 1 565319 71374 1.6 24 15 10 19 68%  89 194368 158 116%
c ] 22.33 257 25 28 90 13791 1 566061 72050 1.6 24 15 10 19 68%  89 194368 158 116%
c { 22.33 257 15 28 90 13791 2 566061 72050 1.6 17 11 8 13 58%  89 194368 158 116%
c - 22.68 257 15 28 91 14709 2 574807 69726 1.5 17 11 8 13 58%  89 194368 158 116%
c u 22.77 255 15 28 91 14738 2 575574 70231 1.5 17 11 8 13 58%  90 194368 158 116%
c v 22.82 257 15 28 91 14738 2 575574 70060 1.5 17 11 8 13 58%  90 194368 158 116%
c w 22.84 257 15 28 91 14738 2 575574 70044 1.5 17 11 8 13 58%  90 194368 158 116%
c x 22.87 257 15 28 91 14738 2 575574 70044 1.5 17 11 8 13 58%  90 192311 158 116%
c t 22.88 257 15 28 91 14738 2 575574 70044 1.5 17 11 8 13 58%  88 192311 158 116%
c - 23.11 257 15 28 92 14876 2 584349 66915 1.5 17 11 8 13 57%  88 192311 158 116%
c - 23.40 257 15 28 93 15356 2 593940 67081 1.5 16 11 8 13 56%  88 192311 158 116%
c o 23.47 257 15 28 93 15390 2 596228 68653 1.5 16 11 8 13 56%  88 192311 158 116%
c - 23.74 257 14 28 94 15792 2 603584 68679 1.5 16 11 8 13 56%  88 192311 158 116%
c - 24.06 267 15 28 95 16526 2 613281 70916 1.5 16 11 8 13 57%  88 192311 158 116%
c } 24.10 256 15 29 95 16578 2 614200 71605 1.5 16 11 8 13 58%  88 192311 158 116%
c [ 24.10 256 25 29 95 16578 1 614200 71605 1.6 24 15 10 19 68%  88 192311 158 116%
c I 24.10 256 25 29 95 16578 1 614200 71605 1.6 24 15 10 19 68%  88 192311 158 116%
c
c seconds    switched     rate          size/glue  tier1     binary        remaining
c         MB   reductions   conflicts         size    tier2     irredundant
c          level    restarts       redundant     glue     trail        variables
c
c - 24.37 257 25 29 96 16584 1 623028 72941 1.6 24 15 10 19 67%  88 192311 158 116%
c - 24.63 257 26 29 97 16590 1 632827 72106 1.6 24 16 10 19 67%  88 192311 158 116%
c s 24.84 257 26 29 97 16591 1 635436 74476 1.5 24 16 10 19 67%  91 191647 158 116%
c e 24.84 257 26 29 97 16591 1 635436 74476 1.5 24 16 10 19 67%  88 191666 156 115%
c s 24.99 257 26 29 97 16591 1 635436 74476 1.5 24 16 10 19 67%  88 191344 156 115%
c - 25.20 257 27 29 98 16592 1 642675 69730 1.5 25 16 10 20 68%  88 191344 156 115%
c u 25.35 255 27 29 98 16592 1 645300 71988 1.5 25 16 10 20 68%  89 191344 156 115%
c v 25.40 257 27 29 98 16592 1 645300 71951 1.5 25 16 10 20 68%  89 191344 156 115%
c w 25.43 257 27 29 98 16592 1 645300 71939 1.5 25 16 10 20 68%  89 191344 156 115%
c x 25.47 257 27 29 98 16592 1 645300 71937 1.5 25 16 10 20 68%  89 190428 156 115%
c t 25.47 257 27 29 98 16592 1 645300 71937 1.5 25 16 10 20 68%  84 190428 156 115%
c f 25.48 257 27 29 98 16592 1 645300 71937 1.5 25 16 10 20 68%  85 190405 157 115%
c u 25.55 257 27 29 98 16592 1 645300 71780 1.5 25 16 10 20 68%  87 190405 157 115%
c v 25.60 257 27 29 98 16592 1 645300 71737 1.5 25 16 10 20 68%  87 190405 157 115%
c w 25.62 257 27 29 98 16592 1 645300 71737 1.5 25 16 10 20 68%  87 190405 157 115%
c x 25.66 266 27 29 98 16592 1 645300 71737 1.5 25 16 10 20 68%  88 189777 157 115%
c t 25.67 267 27 29 98 16592 1 645300 71737 1.5 25 16 10 20 68%  85 189777 157 115%
c - 25.89 257 27 29 99 16597 1 652574 67737 1.5 25 17 10 20 68%  85 189777 157 115%
c - 26.12 257 28 29 100 16602 1 662526 64198 1.5 25 17 10 20 68%  85 189777 157 115%
c - 26.36 257 28 29 101 16607 1 672527 63498 1.5 26 17 10 20 68%  85 189777 157 115%
c
c seconds    switched      rate          size/glue  tier1     binary        remaining
c         MB   reductions    conflicts         size    tier2     irredundant
c          level     restarts       redundant     glue     trail        variables
c
c B 26.50 257 28 29 101 16608 1 681883 71548 1.5 26 18 10 20 69%  85 189777 157 115%
c - 26.52 257 28 29 102 16608 1 682578 63448 1.5 26 18 10 20 69%  85 189777 157 115%
c ] 26.54 257 29 30 102 16608 1 683892 64497 1.5 26 18 10 20 69%  85 189777 157 115%
c { 26.54 257 15 30 102 16608 2 683892 64497 1.5 16 11 8 13 58%  85 189777 157 115%
c - 26.88 257 15 30 103 17398 2 692678 63204 1.5 16 11 8 13 57%  85 189777 157 115%
c - 27.27 257 15 30 104 18096 2 702828 63881 1.5 16 11 8 13 57%  85 189777 157 115%
c o 27.50 258 15 30 104 18433 2 708869 68394 1.5 16 11 8 13 56%  85 189777 157 115%
c - 27.65 258 15 30 105 18507 2 713026 64010 1.5 16 11 8 13 56%  85 189777 157 115%
c u 27.95 271 15 30 105 18939 2 719421 69008 1.5 16 11 8 13 56%  85 189777 157 115%
c v 28.01 272 15 30 105 18939 2 719421 68671 1.5 16 11 8 13 56%  85 189777 157 115%
c w 28.03 272 15 30 105 18939 2 719421 68599 1.5 16 11 8 13 56%  85 189777 157 115%
c x 28.07 257 15 30 105 18939 2 719421 68599 1.5 16 11 8 13 56%  86 189056 157 115%
c t 28.08 258 15 30 105 18939 2 719421 68599 1.5 16 11 8 13 56%  85 189056 157 115%
c - 28.23 258 15 30 106 19189 2 723272 63677 1.5 16 11 8 13 55%  85 189056 157 115%
c - 28.54 258 15 30 107 19610 2 733569 62975 1.5 16 11 8 13 56%  85 189056 157 115%
c } 28.66 258 15 31 107 19818 2 738326 66298 1.5 16 11 8 13 56%  85 189056 157 115%
c [ 28.66 258 29 31 107 19818 1 738326 66298 1.5 26 18 10 20 69%  85 189056 157 115%
c - 28.82 259 28 31 108 19822 1 743916 62856 1.5 26 17 10 20 69%  85 189056 157 115%
c - 29.13 259 27 31 109 19827 1 754309 64286 1.5 25 17 10 20 69%  85 189056 157 115%
c W 29.16 258 27 31 109 19828 1 754859 64734 1.5 25 17 10 20 69%  85 189056 157 115%
c
c seconds    switched      rate          size/glue  tier1     binary        remaining
c         MB   reductions    conflicts         size    tier2     irredundant
c          level     restarts       redundant     glue     trail        variables
c
c - 29.44 258 26 31 110 19832 1 764749 65631 1.5 25 17 10 20 69%  85 189056 157 115%
c - 29.73 258 26 31 111 19835 1 775237 64448 1.5 25 17 10 20 69%  85 189056 157 115%
c - 30.01 258 25 31 112 19842 1 785772 65041 1.5 25 16 10 20 70%  85 189056 157 115%
c - 30.32 258 25 31 113 19847 1 796355 64411 1.5 25 16 10 20 70%  85 189056 157 115%
c u 30.44 258 25 31 113 19847 1 798016 65640 1.5 25 16 10 20 70%  95 189056 157 115%
c v 30.50 258 25 31 113 19847 1 798016 65591 1.5 25 16 10 20 70%  95 189056 157 115%
c w 30.53 258 25 31 113 19847 1 798016 65498 1.5 25 16 10 20 70%  95 189056 157 115%
c x 30.58 258 25 31 113 19847 1 798016 65494 1.5 25 16 10 20 70%  96 188126 157 115%
c t 30.90 263 25 31 113 19847 1 798016 65494 1.5 25 16 10 20 70%  87 188126 157 115%
c ] 31.13 262 25 32 113 19848 1 806385 72867 1.5 25 16 10 20 70%  87 188126 157 115%
c { 31.13 262 15 32 113 19848 2 806385 72867 1.5 16 11 8 13 56%  87 188126 157 115%
c - 31.18 263 15 32 114 19964 2 806985 63405 1.5 16 11 8 13 56%  87 188126 157 115%
c s 31.62 263 15 32 114 20506 2 815223 69431 1.5 16 11 8 13 56%  88 187777 157 115%
c e 31.62 263 15 32 114 20506 2 815223 69431 1.5 16 11 8 13 56%  87 187777 156 115%
c s 31.78 263 15 32 114 20506 2 815223 69431 1.5 16 11 8 13 56%  87 187692 156 115%
c - 31.90 263 15 32 115 20900 2 817663 62974 1.5 16 11 8 13 56%  87 187692 156 115%
c - 32.37 263 15 32 116 21978 2 828388 63050 1.5 16 11 8 13 57%  87 187692 156 115%
c o 32.48 263 15 32 116 22224 2 831816 65402 1.5 16 11 8 13 57%  87 187692 156 115%
c - 32.77 263 15 32 117 22826 2 839158 64260 1.5 16 11 8 13 57%  87 187692 156 115%
c - 33.10 263 15 32 118 22928 2 849974 65178 1.5 16 11 8 13 56%  87 187692 156 115%
c
c seconds    switched      rate          size/glue  tier1    binary        remaining
c         MB   reductions    conflicts         size   tier2     irredundant
c          level     restarts       redundant     glue    trail        variables
c
c - 33.42 263 15 32 119 23257 2 860837 66749 1.5 16 11 8 13 57%  87 187692 156 115%
c } 33.74 263 15 33 119 23938 2 867490 72125 1.5 16 11 8 13 57%  87 187692 156 115%
c [ 33.74 263 25 33 119 23938 1 867490 72125 1.5 25 16 10 20 70%  87 187692 156 115%
c O 33.74 263 25 33 119 23938 1 867490 72125 1.5 25 16 10 20 70%  87 187692 156 115%
c - 33.87 262 25 33 120 23941 1 871745 69823 1.5 25 16 10 20 70%  87 187692 156 115%
c u 34.14 274 25 33 120 23946 1 881130 78049 1.6 25 16 10 20 71%  88 187692 156 115%
c v 34.22 276 25 33 120 23946 1 881130 76668 1.6 25 16 10 20 71%  88 187692 156 115%
c w 34.25 276 25 33 120 23946 1 881130 76548 1.6 25 16 10 20 71%  88 187692 156 115%
c x 34.31 261 25 33 120 23946 1 881130 76521 1.6 25 16 10 20 71%  95 184597 156 115%
c d 34.31 263 25 33 120 23946 1 881130 76500 1.6 25 16 10 20 71%  93 184597 155 114%
c t 34.32 263 25 33 120 23946 1 881130 76500 1.6 25 16 10 20 71%  86 184597 155 114%
c f 34.32 263 25 33 120 23946 1 881130 76500 1.6 25 16 10 20 71%  93 184514 159 117%
c u 34.41 264 25 33 120 23946 1 881130 76267 1.6 25 16 10 20 71% 102 184514 159 117%
c v 34.48 274 25 33 120 23946 1 881130 75066 1.6 25 16 10 20 71% 102 184514 159 117%
c w 34.51 276 25 33 120 23946 1 881130 75046 1.6 25 16 10 20 71% 102 184514 159 117%
c x 34.56 263 25 33 120 23946 1 881130 75043 1.6 25 16 10 20 71% 103 183107 159 117%
c t 34.57 264 25 33 120 23946 1 881130 75043 1.6 25 16 10 20 71%  94 183107 159 117%
c f 34.58 264 25 33 120 23946 1 881130 75043 1.6 25 16 10 20 71%  97 183068 161 118%
c - 34.64 264 25 33 121 23947 1 882699 71604 1.6 25 16 10 20 71%  97 183068 161 118%
c - 34.92 264 26 33 122 23952 1 893700 72637 1.6 26 16 10 20 71%  97 183068 161 118%
c
c seconds    switched      rate          size/glue  tier1     binary        remaining
c         MB   reductions    conflicts         size    tier2     irredundant
c          level     restarts       redundant     glue     trail        variables
c
c - 35.17 264 28 33 123 23955 1 904745 68267 1.5 26 17 10 20 71%  97 183068 161 118%
c - 35.42 264 29 33 124 23962 1 915836 64628 1.5 27 18 10 21 71%  97 183068 161 118%
c - 35.68 264 29 33 125 23967 1 926971 62291 1.5 27 19 11 21 71%  97 183068 161 118%
c - 35.95 263 30 33 126 23968 1 938151 60531 1.5 28 19 11 21 71%  97 183068 161 118%
c - 36.22 263 30 33 127 23968 1 949376 60914 1.4 28 20 11 22 71%  97 183068 161 118%
c B 36.27 264 30 33 127 23970 1 951529 62883 1.4 28 20 11 22 71%  97 183068 161 118%
c - 36.55 264 31 33 128 23975 1 960645 62493 1.4 29 20 11 22 71%  97 183068 161 118%
c ] 36.72 264 31 34 128 23978 1 966395 67822 1.4 29 20 11 22 71%  97 183068 161 118%
c { 36.72 264 15 34 128 23978 2 966395 67822 1.5 16 11 8 13 57%  97 183068 161 118%
c o 36.72 264 15 34 128 23983 2 966416 67843 1.5 16 11 8 13 57%  97 183068 161 118%
c u 36.84 264 15 34 128 23992 2 968737 69784 1.5 17 11 8 13 57%  99 183068 161 118%
c v 36.88 264 15 34 128 23992 2 968737 69730 1.5 17 11 8 13 57%  99 183068 161 118%
c w 36.91 264 15 34 128 23992 2 968737 69728 1.5 17 11 8 13 57%  99 183068 161 118%
c x 36.96 264 15 34 128 23992 2 968737 69723 1.5 17 11 8 13 57% 102 181803 161 118%
c t 36.96 264 15 34 128 23992 2 968737 69723 1.5 17 11 8 13 57%  97 181803 161 118%
c f 36.97 264 15 34 128 23992 2 968737 69723 1.5 17 11 8 13 57%  99 181771 162 119%
c u 37.03 264 15 34 128 23992 2 968737 69498 1.5 17 11 8 13 57%  99 181771 162 119%
c v 37.08 264 15 34 128 23992 2 968737 69438 1.5 17 11 8 13 57%  99 181771 162 119%
c w 37.11 264 15 34 128 23992 2 968737 69438 1.5 17 11 8 13 57%  99 181771 162 119%
c x 37.15 264 15 34 128 23992 2 968737 69437 1.5 17 11 8 13 57% 102 180789 162 119%
c
c seconds    switched      rate          size/glue  tier1    binary        remaining
c         MB   reductions    conflicts         size   tier2     irredundant
c          level     restarts       redundant     glue    trail        variables
c
c t 37.16 264 15 34 128 23992 2 968737 69437 1.5 17 11 8 13 57%  99 180789 162 119%
c f 37.17 264 15 34 128 23992 2 968737 69437 1.5 17 11 8 13 57% 110 180684 164 121%
c - 37.32 264 15 34 129 24034 2 971961 64397 1.5 17 11 8 13 58% 110 180684 164 121%
c - 37.69 264 15 34 130 24321 2 983319 67579 1.6 17 11 8 13 59% 110 180684 164 121%
c - 37.97 264 15 34 131 24413 1 994720 71033 1.7 18 11 8 13 60% 110 180684 164 121%
c - 38.33 263 15 34 132 24669 1 1006165 74083 1.7 18 11 8 13 61% 110 180684 164 121%
c - 38.71 264 15 34 133 24887 1 1017654 77623 1.7 19 11 8 13 62% 110 180684 164 121%
c s 39.02 264 15 34 133 24896 1 1022379 81339 1.7 19 11 8 13 63% 116 179038 164 121%
c e 39.02 264 15 34 133 24896 1 1022379 81339 1.7 19 11 8 13 63%  86 179133 154 113%
c s 39.23 264 15 34 133 24896 1 1022379 81339 1.7 19 11 8 13 63%  86 178825 154 113%
c - 39.43 264 15 34 134 24971 1 1029190 79562 1.7 18 11 8 12 64%  86 178825 154 113%
c } 39.62 264 15 35 134 25251 1 1034541 83556 1.7 18 11 8 12 64%  88 178825 154 113%
c [ 39.62 264 31 35 134 25251 1 1034541 83556 1.4 29 20 11 22 71%  88 178825 154 113%
c - 39.75 264 30 35 135 25256 1 1040765 81438 1.4 28 20 11 22 72%  88 178825 154 113%
c W 39.77 264 30 35 135 25256 1 1041329 81908 1.4 28 20 11 22 72%  88 178825 154 113%
c - 40.12 264 29 35 136 25262 1 1052383 83033 1.5 27 19 11 22 72%  88 178825 154 113%
c d 40.34 264 28 35 136 25265 1 1060922 88061 1.5 27 18 11 22 72%  87 172574 152 112%
c b 40.35 264 28 35 136 25265 1 1060922 88061 1.5 27 18 11 22 72%  87 172574 147 108%
c u 40.43 264 28 35 136 25265 1 1060922 83375 1.5 27 18 11 22 72%  97 172574 147 108%
c v 40.52 264 28 35 136 25265 1 1060922 83233 1.5 27 18 11 22 72%  89 172574 147 108%
c
c seconds    switched      rate           size/glue  tier1     binary        remaining
c         MB   reductions     conflicts         size    tier2     irredundant
c          level     restarts        redundant     glue     trail        variables
c
c w 40.56 264 28 35 136 25265 1 1060922 83193 1.5 27 18 11 22 72%  89 172574 147 108%
c x 40.62 263 28 35 136 25265 1 1060922 83186 1.5 27 18 11 22 72%  99 162506 147 108%
c t 40.63 264 28 35 136 25265 1 1060922 83186 1.5 27 18 11 22 72%  89 162506 147 108%
c b 40.63 264 28 35 136 25265 1 1060922 83186 1.5 27 18 11 22 72%  89 162506 146 107%
c f 40.64 264 28 35 136 25265 1 1060922 83186 1.5 27 18 11 22 72% 120 162043 163 120%
c b 40.65 264 28 35 136 25265 1 1060922 83186 1.5 27 18 11 22 72% 120 162043 160 118%
c u 40.73 263 28 35 136 25265 1 1060922 82729 1.5 27 18 11 22 72% 123 162043 160 118%
c v 40.81 264 28 35 136 25265 1 1060922 82346 1.5 27 18 11 22 72% 123 162043 160 118%
c w 40.84 264 28 35 136 25265 1 1060922 82314 1.5 27 18 11 22 72% 123 162043 160 118%
c x 40.90 264 28 35 136 25265 1 1060922 82309 1.5 27 18 11 22 72% 124 158907 160 118%
c t 40.90 264 28 35 136 25265 1 1060922 82309 1.5 27 18 11 22 72% 119 158907 160 118%
c f 40.92 264 28 35 136 25265 1 1060922 82309 1.5 27 18 11 22 72% 132 158716 167 123%
c - 41.01 264 28 35 137 25265 1 1064045 79498 1.5 27 18 11 22 72% 101 158716 167 123%
c - 41.32 264 27 35 138 25271 1 1075750 83537 1.5 26 17 10 21 71% 101 158716 167 123%
c - 41.61 264 26 35 139 25278 1 1087498 87904 1.5 26 17 10 21 71% 101 158716 167 123%
c - 41.91 264 25 35 140 25280 1 1099291 89804 1.5 26 17 10 21 71% 101 158716 167 123%
c - 42.24 264 25 35 141 25281 1 1111124 91273 1.5 25 16 10 21 70% 101 158716 167 123%
c ] 42.30 264 24 36 141 25281 1 1113048 92886 1.5 25 16 10 21 70% 101 158716 167 123%
c { 42.30 264 15 36 141 25281 1 1113048 92886 1.7 18 11 8 12 64% 101 158716 167 123%
c o 42.30 264 15 36 141 25294 1 1113112 92944 1.7 18 11 8 12 64% 101 158716 167 123%
c
c seconds    switched      rate           size/glue  tier1    binary        remaining
c         MB   reductions     conflicts         size   tier2     irredundant
c          level     restarts        redundant     glue    trail        variables
c
c - 42.63 264 15 36 142 26013 1 1122999 91283 1.7 18 11 8 12 64% 101 158716 167 123%
c - 43.14 264 15 36 143 27007 1 1134915 90378 1.7 18 11 8 13 64% 101 158716 167 123%
c - 43.59 264 15 36 144 27906 1 1146873 90765 1.7 18 11 8 13 63% 101 158716 167 123%
c u 44.17 278 15 36 144 29181 2 1157320 98940 1.6 18 11 8 13 63% 101 158716 167 123%
c v 44.26 278 15 36 144 29181 2 1157320 98899 1.6 18 11 8 13 63% 101 158716 167 123%
c w 44.29 278 15 36 144 29181 2 1157320 98891 1.6 18 11 8 13 63% 101 158716 167 123%
c x 44.36 264 15 36 144 29181 2 1157320 98882 1.6 18 11 8 13 63% 104 154699 167 123%
c t 44.36 264 15 36 144 29181 2 1157320 98882 1.6 18 11 8 13 63%  99 154699 167 123%
c f 44.37 264 15 36 144 29181 2 1157320 98882 1.6 18 11 8 13 63% 100 154680 168 124%
c u 44.47 264 15 36 144 29181 2 1157320 98765 1.6 18 11 8 13 63% 100 154680 168 124%
c v 44.54 272 15 36 144 29181 2 1157320 98637 1.6 18 11 8 13 63% 100 154680 168 124%
c w 44.58 275 15 36 144 29181 2 1157320 98631 1.6 18 11 8 13 63% 100 154680 168 124%
c x 44.65 264 15 36 144 29181 2 1157320 98628 1.6 18 11 8 13 63% 104 153229 168 124%
c t 44.65 264 15 36 144 29181 2 1157320 98628 1.6 18 11 8 13 63% 100 153229 168 124%
c f 44.66 264 15 36 144 29181 2 1157320 98628 1.6 18 11 8 13 63% 102 153203 169 124%
c - 44.74 264 15 36 145 29404 2 1158874 92175 1.6 18 11 8 13 63% 102 153203 169 124%
c - 45.15 264 15 36 146 30172 2 1170915 92941 1.6 18 11 8 13 63% 102 153203 169 124%
c - 45.58 264 15 36 147 30821 2 1182998 92821 1.6 18 11 8 13 62% 102 153202 169 124%
c } 45.70 262 15 37 147 30825 2 1188606 96677 1.6 17 11 8 13 61% 102 153202 169 124%
c [ 45.70 262 24 37 147 30825 1 1188606 96677 1.5 25 16 10 21 70% 102 153202 169 124%
c
c seconds    switched      rate           size/glue  tier1     binary        remaining
c         MB   reductions     conflicts         size    tier2     irredundant
c          level     restarts        redundant     glue     trail        variables
c
c I 45.70 262 24 37 147 30825 1 1188606 96677 1.5 25 16 10 21 70% 102 153202 169 124%
c - 45.91 264 24 37 148 30830 1 1195122 93054 1.5 25 16 10 21 69% 102 153202 169 124%
c - 46.24 264 23 37 149 30837 1 1207287 93388 1.5 24 16 10 21 68% 102 153202 169 124%
c - 46.56 264 23 37 150 30839 1 1219493 93789 1.5 24 16 10 21 67% 102 153202 169 124%
c - 46.93 264 23 37 151 30846 1 1231741 94102 1.5 24 16 10 21 67% 102 153202 169 124%
c - 47.24 264 22 37 152 30853 1 1244029 94195 1.5 24 15 10 21 68% 102 153202 169 124%
c - 47.53 264 22 37 153 30855 1 1256361 94431 1.5 24 16 10 21 68% 102 153202 169 124%
c s 47.81 264 22 37 153 30855 1 1257778 95683 1.5 24 16 10 21 68% 103 150770 169 124%
c e 47.81 264 22 37 153 30855 1 1257778 95683 1.5 24 16 10 21 68%  68 150904 148 109%
c s 48.06 264 22 37 153 30855 1 1257778 95683 1.5 24 16 10 21 68%  70 150143 148 109%
c u 48.18 264 22 37 153 30855 1 1258293 95291 1.5 24 16 10 21 68%  70 150143 148 109%
c v 48.26 264 22 37 153 30855 1 1258293 95211 1.5 24 16 10 21 68%  70 150143 148 109%
c w 48.29 264 22 37 153 30855 1 1258293 95207 1.5 24 16 10 21 68%  70 150143 148 109%
c x 48.35 263 22 37 153 30855 1 1258293 95206 1.5 24 16 10 21 68%  72 148341 148 109%
c t 48.83 268 22 37 153 30855 1 1258293 95206 1.5 24 16 10 21 68%  69 148341 148 109%
c f 48.84 268 22 37 153 30855 1 1258293 95206 1.5 24 16 10 21 68%  75 148260 152 112%
c u 48.92 267 22 37 153 30855 1 1258293 95044 1.5 24 16 10 21 68%  75 148260 152 112%
c v 48.99 268 22 37 153 30855 1 1258293 94934 1.5 24 16 10 21 68%  75 148260 152 112%
c w 49.03 268 22 37 153 30855 1 1258293 94926 1.5 24 16 10 21 68%  75 148260 152 112%
c x 49.08 277 22 37 153 30855 1 1258293 94926 1.5 24 16 10 21 68%  75 146565 152 112%
c
c seconds    switched      rate           size/glue  tier1     binary        remaining
c         MB   reductions     conflicts         size    tier2     irredundant
c          level     restarts        redundant     glue     trail        variables
c
c - 49.35 268 23 37 154 30855 1 1268730 94353 1.5 24 16 10 21 70%  75 146565 152 112%
c - 49.67 268 23 37 155 30862 1 1281139 94599 1.5 24 16 10 21 71%  75 146565 152 112%
c B 49.95 268 23 37 155 30868 1 1290383 102512 1.5 24 16 10 21 71%  75 146565 152 112%
c o 49.95 268 23 37 155 30868 1 1290383 102512 1.5 24 16 10 21 71%  75 146565 152 112%
c - 50.05 268 24 37 156 30869 1 1293589 95377 1.5 24 16 10 21 71%  75 146565 152 112%
c ] 50.12 268 24 38 156 30870 1 1296386 97952 1.5 24 16 10 21 71%  75 146565 152 112%
c { 50.12 268 15 38 156 30870 2 1296386 97952 1.6 17 11 8 13 61%  75 146565 152 112%
c - 50.41 268 15 38 157 30937 1 1306078 97613 1.6 17 11 8 12 62%  75 146565 152 112%
c - 50.79 268 15 38 158 31008 1 1318607 85148 1.6 17 11 7 12 63%  75 146565 152 112%
c - 51.19 268 14 38 159 31208 1 1331176 87622 1.6 17 11 8 12 63%  75 146565 152 112%
c - 51.65 268 14 38 160 31353 1 1343785 90536 1.6 17 11 8 12 64%  75 146565 152 112%
c - 52.09 268 14 38 161 31541 1 1356434 86972 1.7 17 10 7 12 65%  75 146565 152 112%
c u 52.41 268 14 38 161 31659 1 1363867 93042 1.7 17 10 7 12 66%  79 146565 152 112%
c v 52.50 268 14 38 161 31659 1 1363867 92543 1.7 17 10 7 12 66%  79 146565 152 112%
c w 52.54 268 14 38 161 31659 1 1363867 92414 1.7 17 10 7 12 66%  79 146565 152 112%
c x 52.61 268 14 38 161 31659 1 1363867 92385 1.7 17 10 7 12 66%  79 143333 152 112%
c t 52.61 268 14 38 161 31659 1 1363867 92385 1.7 17 10 7 12 66%  75 143333 152 112%
c f 52.62 268 14 38 161 31659 1 1363867 92385 1.7 17 10 7 12 66%  80 143286 154 113%
c u 52.71 269 14 38 161 31659 1 1363867 92192 1.7 17 10 7 12 66%  80 143286 154 113%
c v 52.80 269 14 38 161 31659 1 1363867 91719 1.7 17 10 7 12 66%  80 143286 154 113%
c
c seconds    switched      rate           size/glue  tier1    binary        remaining
c         MB   reductions     conflicts         size   tier2     irredundant
c          level     restarts        redundant     glue    trail        variables
c
c w 52.83 269 14 38 161 31659 1 1363867 91653 1.7 17 10 7 12 66%  80 143286 154 113%
c x 52.89 269 14 38 161 31659 1 1363867 91650 1.7 17 10 7 12 66%  80 140674 154 113%
c f 52.91 269 14 38 161 31659 1 1363867 91650 1.7 17 10 7 12 66%  95 140099 162 119%
c - 53.10 269 14 38 162 31690 1 1369123 85456 1.7 17 10 7 12 66%  96 140099 162 119%
c } 53.36 268 14 39 162 31790 1 1379719 94771 1.7 17 10 7 12 67%  96 140099 162 119%
c [ 53.36 268 24 39 162 31790 1 1379719 94771 1.5 24 16 10 21 71%  96 140099 162 119%
c - 53.41 269 24 39 163 31792 1 1381854 87468 1.5 24 16 10 21 71%  96 140099 162 119%
c - 53.67 269 23 39 164 31799 1 1394622 89258 1.5 23 15 10 21 70%  96 140099 162 119%
c W 53.75 267 22 39 164 31801 1 1398370 91745 1.5 23 15 10 21 70%  96 140099 162 119%
c - 54.00 269 22 39 165 31804 1 1407428 89479 1.5 23 15 10 20 70%  96 140099 162 119%
c - 54.27 269 21 39 166 31810 1 1420275 88472 1.5 22 15 10 20 71%  96 140099 162 119%
c - 54.60 269 21 39 167 31817 1 1433159 87070 1.5 21 14 10 20 72%  96 140099 162 119%
c - 54.96 269 20 39 168 31819 1 1446081 85739 1.5 21 14 10 20 72%  96 140099 162 119%
c - 55.23 269 20 39 169 31820 1 1459042 85817 1.5 21 14 10 20 73%  96 140099 162 119%
c - 55.50 270 19 39 170 31827 1 1472042 86862 1.5 20 13 10 20 73%  96 140099 162 119%
c u 55.65 269 19 39 170 31827 1 1474047 88276 1.5 20 13 10 20 73%  96 140099 162 119%
c v 55.73 269 19 39 170 31827 1 1474047 79282 1.5 20 13 10 20 73%  96 140099 162 119%
c w 55.76 269 19 39 170 31827 1 1474047 78082 1.5 20 13 10 20 73%  96 140099 162 119%
c x 55.81 269 19 39 170 31827 1 1474047 78081 1.5 20 13 10 20 73%  96 139562 162 119%
c t 55.81 269 19 39 170 31827 1 1474047 78081 1.5 20 13 10 20 73%  94 139562 162 119%
c
c seconds    switched      rate           size/glue  tier1     binary        remaining
c         MB   reductions     conflicts         size    tier2     irredundant
c          level     restarts        redundant     glue     trail        variables
c
c f 55.82 269 19 39 170 31827 1 1474047 78081 1.5 20 13 10 20 73%  98 139456 164 121%
c u 55.89 269 19 39 170 31827 1 1474047 77980 1.5 20 13 10 20 73%  98 139456 164 121%
c v 55.96 269 19 39 170 31827 1 1474047 77887 1.5 20 13 10 20 73%  98 139456 164 121%
c w 55.99 269 19 39 170 31827 1 1474047 76606 1.5 20 13 10 20 73%  98 139456 164 121%
c x 56.04 269 19 39 170 31827 1 1474047 76606 1.5 20 13 10 20 73%  98 139235 164 121%
c t 56.04 269 19 39 170 31827 1 1474047 76606 1.5 20 13 10 20 73%  96 139235 164 121%
c f 56.05 269 19 39 170 31827 1 1474047 76606 1.5 20 13 10 20 73% 100 139188 166 122%
c o 56.05 269 19 39 170 31827 1 1474047 76606 1.5 20 13 10 20 73% 100 139188 166 122%
c - 56.36 269 19 39 171 31834 1 1485080 79989 1.5 20 13 9 20 74% 100 139188 166 122%
c - 56.75 269 18 39 172 31838 1 1498157 85916 1.5 20 13 9 20 74% 100 139188 166 122%
c ] 56.78 269 18 40 172 31838 1 1499634 87131 1.5 20 13 9 20 74% 100 139188 166 122%
c { 56.78 269 14 40 172 31838 1 1499634 87131 1.7 17 10 7 12 67% 100 139188 166 122%
c - 57.12 269 14 40 173 31982 1 1511271 87939 1.7 17 10 7 12 68% 100 139188 166 122%
c s 57.63 269 14 40 173 32164 1 1521477 95430 1.7 16 10 7 12 69% 100 137970 166 122%
c e 57.63 269 14 40 173 32164 1 1521477 95430 1.7 16 10 7 12 69%  71 138063 149 110%
c s 57.90 269 14 40 173 32164 1 1521477 95430 1.7 16 10 7 12 69%  71 137967 149 110%
c - 57.98 269 14 40 174 32174 1 1524425 89018 1.7 16 10 7 12 69%  71 137967 149 110%
c - 58.29 269 13 40 175 32215 1 1537618 90758 1.7 16 10 7 12 70%  73 137967 149 110%
c i 58.38 269 13 40 175 32218 1 1540256 92611 1.7 16 10 7 12 70%  80 137967 144 106%
c - 58.73 269 13 40 176 33226 1 1550846 41327 1.6 16 10 7 12 69%  60 137967 144 106%
c
c seconds    switched      rate           size/glue  tier1    binary        remaining
c         MB   reductions     conflicts         size   tier2     irredundant
c          level     restarts        redundant     glue    trail        variables
c
c - 59.18 269 14 40 177 34325 1 1564113 48686 1.6 16 10 7 12 67%  62 137967 144 106%
c - 59.69 269 14 40 178 35861 1 1577419 53383 1.6 16 10 7 12 66%  62 137967 144 106%
c u 60.14 269 14 40 178 36700 1 1589000 61557 1.6 16 10 7 12 65%  64 134949 144 106%
c v 60.22 269 14 40 178 36700 1 1589000 61411 1.6 16 10 7 12 65%  64 134949 144 106%
c w 60.26 269 14 40 178 36700 1 1589000 61373 1.6 16 10 7 12 65%  64 134949 144 106%
c x 60.31 270 14 40 178 36700 1 1589000 61371 1.6 16 10 7 12 65%  64 131704 144 106%
c t 60.32 270 14 40 178 36700 1 1589000 61371 1.6 16 10 7 12 65%  62 131704 144 106%
c f 60.32 270 14 40 178 36700 1 1589000 61371 1.6 16 10 7 12 65%  80 131336 155 114%
c u 60.40 269 14 40 178 36700 1 1589000 61095 1.6 16 10 7 12 65%  80 131336 155 114%
c v 60.48 269 14 40 178 36700 1 1589000 60582 1.6 16 10 7 12 65%  80 131336 155 114%
c w 60.51 269 14 40 178 36700 1 1589000 60542 1.6 16 10 7 12 65%  80 131336 155 114%
c x 60.58 268 14 40 178 36700 1 1589000 60528 1.6 16 10 7 12 65%  83 128275 155 114%
c t 60.58 269 14 40 178 36700 1 1589000 60528 1.6 16 10 7 12 65%  81 128275 155 114%
c f 60.59 269 14 40 178 36700 1 1589000 60528 1.6 16 10 7 12 65%  81 128253 156 115%
c - 60.65 269 14 40 179 36791 1 1590764 53977 1.6 16 10 7 12 65%  81 128253 156 115%
c } 60.66 269 14 41 179 36798 1 1591109 54264 1.6 16 10 7 12 65%  81 128253 156 115%
c [ 60.66 269 18 41 179 36798 1 1591109 54264 1.5 20 13 9 20 74%  81 128253 156 115%
c O 60.66 269 18 41 179 36798 1 1591109 54264 1.5 20 13 9 20 74%  81 128253 156 115%
c - 60.91 269 20 41 180 36805 1 1604145 53144 1.5 21 14 9 20 73%  81 128253 156 115%
c - 61.21 269 22 41 181 36812 1 1617561 52589 1.5 22 15 9 20 72%  81 128253 156 115%
c
c seconds    switched      rate           size/glue  tier1    binary        remaining
c         MB   reductions     conflicts         size   tier2     irredundant
c          level     restarts        redundant     glue    trail        variables
c
c - 61.63 269 23 41 182 36818 1 1631015 54413 1.5 23 15 9 20 72%  81 128253 156 115%
c - 61.96 269 24 41 183 36825 1 1644505 56123 1.5 23 16 9 20 71%  81 128253 156 115%
c - 62.29 269 25 41 184 36828 1 1658034 55705 1.5 24 16 9 20 69%  81 128253 156 115%
c - 62.62 269 25 41 185 36828 1 1671598 55999 1.4 24 17 9 20 67%  81 128253 156 115%
c - 62.96 269 26 41 186 36835 1 1685199 57412 1.4 24 17 10 20 65%  81 128253 156 115%
c - 63.32 269 26 41 187 36843 1 1698837 58785 1.4 24 17 10 20 63%  81 128253 156 115%
c ] 63.44 269 26 42 187 36843 1 1703363 62743 1.4 24 17 10 20 64%  81 128253 156 115%
c { 63.44 269 14 42 187 36843 1 1703363 62743 1.6 16 10 7 12 65%  81 128253 156 115%
c o 63.44 269 14 42 187 36848 1 1703390 62768 1.6 16 10 7 12 65%  81 128253 156 115%
c u 63.71 269 14 42 187 37164 1 1708579 66596 1.6 16 10 7 12 64%  83 128253 156 115%
c v 63.78 269 14 42 187 37164 1 1708579 66379 1.6 16 10 7 12 64%  83 128253 156 115%
c w 63.82 269 14 42 187 37164 1 1708579 66355 1.6 16 10 7 12 64%  83 128253 156 115%
c x 63.88 269 14 42 187 37164 1 1708579 66351 1.6 16 10 7 12 64%  83 126100 156 115%
c t 63.88 269 14 42 187 37164 1 1708579 66351 1.6 16 10 7 12 64%  81 126100 156 115%
c - 64.07 269 14 42 188 37549 2 1712512 59231 1.6 16 10 7 12 64%  81 126100 156 115%
c - 64.51 269 14 42 189 38367 2 1726223 58520 1.6 16 10 7 12 64%  81 126100 156 115%
c - 65.01 269 15 42 190 39452 2 1739971 58859 1.6 16 10 7 12 63%  81 126100 156 115%
c - 65.45 277 15 42 191 40133 2 1753759 58729 1.6 16 10 7 12 62%  81 126100 156 115%
c - 65.93 277 14 42 192 41173 2 1767579 59456 1.6 16 10 7 12 62%  81 126100 156 115%
c - 66.38 277 14 42 193 41922 2 1781437 61971 1.5 16 10 7 12 61%  81 126100 156 115%
c
c seconds    switched      rate           size/glue  tier1    binary        remaining
c         MB   reductions     conflicts         size   tier2     irredundant
c          level     restarts        redundant     glue    trail        variables
c
c - 66.80 277 14 42 194 42574 2 1795330 64573 1.5 16 10 7 12 62%  82 126100 156 115%
c } 67.10 277 14 43 194 43445 2 1803336 71013 1.5 16 10 7 12 62%  82 126100 156 115%
c [ 67.10 277 26 43 194 43445 1 1803336 71013 1.4 24 17 10 20 64%  82 126100 156 115%
c B 67.10 277 26 43 194 43445 1 1803336 71013 1.4 24 17 10 20 64%  82 126100 156 115%
c - 67.25 278 26 43 195 43449 1 1809258 66512 1.4 24 17 10 20 64%  82 126100 156 115%
c s 67.74 278 27 43 195 43451 1 1815335 71939 1.4 25 17 10 20 64%  82 122334 156 115%
c e 67.75 278 27 43 195 43451 1 1815335 71939 1.4 25 17 10 20 64%  59 122442 141 104%
c s 68.09 278 27 43 195 43451 1 1815335 71939 1.4 25 17 10 20 64%  59 122104 141 104%
c e 68.10 278 27 43 195 43451 1 1815335 71939 1.4 25 17 10 20 64%  57 122122 140 103%
c - 68.32 277 27 43 196 43457 1 1823223 65081 1.4 25 18 10 20 65%  57 122122 140 103%
c u 68.61 278 28 43 196 43459 1 1832959 73170 1.4 25 18 10 20 65%  57 122122 140 103%
c v 68.70 278 28 43 196 43459 1 1832959 72913 1.4 25 18 10 20 65%  57 122122 140 103%
c w 68.74 278 28 43 196 43459 1 1832959 72800 1.4 25 18 10 20 65%  57 122122 140 103%
c x 68.81 278 28 43 196 43459 1 1832959 72795 1.4 25 18 10 20 65%  57 120650 140 103%
c f 68.82 278 28 43 196 43459 1 1832959 72795 1.4 25 18 10 20 65%  66 120577 143 105%
c u 68.91 277 28 43 196 43459 1 1832959 72577 1.4 25 18 10 20 65%  66 120577 143 105%
c v 69.00 278 28 43 196 43459 1 1832959 72270 1.4 25 18 10 20 65%  66 120577 143 105%
c w 69.04 278 28 43 196 43459 1 1832959 71901 1.4 25 18 10 20 65%  66 120577 143 105%
c x 69.11 278 28 43 196 43459 1 1832959 71900 1.4 25 18 10 20 65%  66 117381 143 105%
c - 69.40 277 28 43 197 43460 1 1837223 64349 1.4 25 18 10 20 66%  66 117381 143 105%
c
c seconds    switched      rate           size/glue  tier1     binary        remaining
c         MB   reductions     conflicts         size    tier2     irredundant
c          level     restarts        redundant     glue     trail        variables
c
c - 69.78 278 28 43 198 43469 1 1851260 67196 1.4 26 18 10 20 66%  66 117381 143 105%
c - 70.20 278 28 43 199 43474 1 1865331 71573 1.4 26 18 10 20 67%  66 117381 143 105%
c - 70.65 278 29 43 200 43475 1 1879437 71834 1.5 27 18 10 20 69%  66 117381 143 105%
c - 71.07 278 29 43 201 43481 1 1893580 72376 1.5 27 18 10 20 70%  66 117381 143 105%
c - 71.36 278 29 43 202 43489 1 1907759 72109 1.5 27 18 10 20 70%  66 117381 143 105%
c - 71.63 278 29 43 203 43493 1 1921972 70038 1.5 27 18 10 20 71%  66 117381 143 105%
c W 71.83 274 29 43 203 43497 1 1930806 77901 1.5 27 18 10 20 71%  66 117381 143 105%
c o 71.83 277 29 43 203 43497 1 1930806 77901 1.5 27 18 10 20 71%  66 117381 143 105%
c - 71.93 277 30 43 204 43501 1 1936219 70419 1.5 27 18 10 20 71%  66 117381 143 105%
c - 72.16 278 30 43 205 43505 1 1950502 69931 1.4 27 19 10 21 71%  66 117381 143 105%
c ] 72.24 278 30 44 205 43506 1 1954438 73308 1.4 27 19 10 21 71%  66 117381 143 105%
c { 72.24 278 14 44 205 43506 2 1954438 73308 1.5 16 10 7 12 62%  66 117381 143 105%
c u 72.61 279 15 44 205 44106 2 1962075 79185 1.5 16 10 7 12 61%  67 117381 143 105%
c v 72.68 279 15 44 205 44106 2 1962075 78755 1.5 16 10 7 12 61%  67 117381 143 105%
c w 72.72 279 15 44 205 44106 2 1962075 78626 1.5 16 10 7 12 61%  67 117381 143 105%
c x 72.77 279 15 44 205 44106 2 1962075 78614 1.5 16 10 7 12 61%  67 116790 143 105%
c - 72.87 279 15 44 206 44173 2 1964821 69515 1.5 16 10 7 12 61%  67 116790 143 105%
c - 73.42 279 15 44 207 45512 2 1979174 72612 1.5 16 11 7 12 59%  67 116790 143 105%
c - 73.97 279 15 44 208 46627 2 1993563 73081 1.5 16 11 7 12 59%  67 116790 143 105%
c - 74.50 279 15 44 209 47534 2 2007985 73481 1.5 16 11 7 12 59%  67 116790 143 105%
c
c seconds    switched      rate           size/glue  tier1    binary        remaining
c         MB   reductions     conflicts         size   tier2     irredundant
c          level     restarts        redundant     glue    trail        variables
c
c - 74.99 278 15 44 210 48295 2 2022442 73698 1.5 16 11 7 12 60%  67 116790 143 105%
c - 75.52 279 15 44 211 49618 2 2036933 74930 1.5 17 11 7 12 60%  67 116790 143 105%
c - 75.99 284 15 44 212 50281 2 2051459 76816 1.5 17 11 7 12 59%  67 116790 143 105%
c } 76.45 283 15 45 212 51221 2 2063271 86784 1.6 17 11 7 12 59%  67 116790 143 105%
c [ 76.45 283 30 45 212 51221 1 2063271 86784 1.4 27 19 10 21 71%  67 116790 143 105%
c I 76.50 283 30 45 212 51222 1 2065045 88132 1.4 27 19 10 21 70%  67 116790 143 105%
c - 76.53 283 30 45 213 51223 1 2066020 79730 1.4 27 19 10 21 70%  67 116790 143 105%
c - 76.88 284 29 45 214 51231 1 2080615 83276 1.5 26 18 10 20 69%  67 116790 143 105%
c - 77.08 284 29 45 215 51235 1 2095243 85812 1.5 26 18 10 20 71%  67 116790 143 105%
c u 77.19 284 29 45 215 51235 1 2096086 86237 1.5 26 18 10 20 71%  67 116790 143 105%
c v 77.30 284 29 45 215 51235 1 2096086 85702 1.5 26 18 10 20 71%  67 116790 143 105%
c w 77.35 284 29 45 215 51235 1 2096086 85356 1.5 26 18 10 20 71%  67 116790 143 105%
c x 77.43 283 29 45 215 51235 1 2096086 85351 1.5 26 18 10 20 71%  68 115653 143 105%
c t 77.43 283 29 45 215 51235 1 2096086 85351 1.5 26 18 10 20 71%  67 115653 143 105%
c f 77.44 283 29 45 215 51235 1 2096086 85351 1.5 26 18 10 20 71%  68 115618 144 106%
c u 77.55 283 29 45 215 51235 1 2096086 84912 1.5 26 18 10 20 71%  69 115618 144 106%
c v 77.65 283 29 45 215 51235 1 2096086 83924 1.5 26 18 10 20 71%  69 115618 144 106%
c w 77.70 284 29 45 215 51235 1 2096086 83792 1.5 26 18 10 20 71%  69 115618 144 106%
c x 77.78 284 29 45 215 51235 1 2096086 83788 1.5 26 18 10 20 71%  69 113305 144 106%
c t 77.79 284 29 45 215 51235 1 2096086 83788 1.5 26 18 10 20 71%  68 113305 144 106%
c
c seconds    switched      rate           size/glue  tier1     binary        remaining
c         MB   reductions     conflicts         size    tier2     irredundant
c          level     restarts        redundant     glue     trail        variables
c
c f 77.79 284 29 45 215 51235 1 2096086 83788 1.5 26 18 10 20 71%  70 113281 145 107%
c - 78.18 284 29 45 216 51243 1 2109905 84613 1.5 27 18 10 20 70%  70 113281 145 107%
c - 78.59 283 30 45 217 51250 1 2124601 85083 1.5 26 18 10 20 69%  70 113281 145 107%
c - 78.99 284 30 45 218 51251 1 2139335 84231 1.5 27 18 10 21 68%  70 113281 145 107%
c s 79.33 284 30 45 218 51251 1 2140277 85091 1.5 27 18 10 21 68%  70 112470 145 107%
c e 79.33 284 30 45 218 51251 1 2140277 85091 1.5 27 18 10 21 68%  67 112485 143 105%
c s 79.65 284 30 45 218 51251 1 2140277 85091 1.5 27 18 10 21 68%  67 112367 143 105%
c o 79.66 284 30 45 218 51251 1 2140277 84813 1.5 27 18 10 21 68%  67 112367 143 105%
c - 79.87 280 32 45 219 51257 1 2154101 83069 1.5 27 18 10 21 68%  67 112367 143 105%
c - 80.24 284 32 45 220 51265 1 2168899 82146 1.5 27 18 10 21 68%  67 112367 143 105%
c - 80.68 284 33 45 221 51269 1 2183733 81337 1.5 27 19 10 21 68%  67 112367 143 105%
c - 81.08 283 33 45 222 51278 1 2198601 78349 1.4 28 19 10 21 67%  67 112367 143 105%
c B 81.28 283 33 45 222 51281 1 2206194 85190 1.4 28 19 10 21 67%  67 112367 143 105%
c - 81.39 284 34 45 223 51281 1 2213502 76655 1.4 29 20 10 21 68%  67 112367 143 105%
c - 81.68 284 34 45 224 51282 1 2228435 73517 1.4 29 20 10 21 69%  67 112367 143 105%
c u 81.88 284 34 45 224 51283 1 2234986 79271 1.4 29 21 10 21 69%  67 112367 143 105%
c v 81.95 284 34 45 224 51283 1 2234986 79178 1.4 29 21 10 21 69%  67 112367 143 105%
c w 81.99 284 34 45 224 51283 1 2234986 78970 1.4 29 21 10 21 69%  67 112367 143 105%
c x 82.04 284 34 45 224 51283 1 2234986 78957 1.4 29 21 10 21 69%  67 111932 143 105%
c - 82.26 283 34 45 225 51283 1 2243401 69550 1.4 29 21 10 21 68%  67 111932 143 105%
c
c seconds    switched      rate           size/glue  tier1     binary        remaining
c         MB   reductions     conflicts         size    tier2     irredundant
c          level     restarts        redundant     glue     trail        variables
c
c ] 82.32 283 34 46 225 51283 1 2246293 72105 1.4 29 20 10 21 68%  67 111932 143 105%
c { 82.32 283 15 46 225 51283 2 2246293 72105 1.6 17 11 7 12 59%  67 111932 143 105%
c - 82.69 284 15 46 226 51680 2 2258401 70852 1.5 17 11 7 12 57%  67 111932 143 105%
c - 83.27 284 15 46 227 52779 2 2273435 74273 1.5 17 11 7 12 58%  67 111932 143 105%
c - 83.76 284 15 46 228 53376 2 2288501 76374 1.6 17 11 7 12 58%  67 111932 143 105%
c - 84.42 284 16 46 229 55182 2 2303601 79009 1.5 17 11 7 12 57%  67 111932 143 105%
c - 84.94 284 16 46 230 56043 2 2318735 82243 1.5 17 11 7 12 57%  67 111932 143 105%
c - 85.45 283 16 46 231 56707 2 2333901 83967 1.5 17 11 7 12 57%  67 111932 143 105%
c o 85.69 284 16 46 231 57076 2 2340693 89193 1.5 17 11 7 12 57%  67 111932 143 105%
c - 86.04 284 16 46 232 58018 2 2349099 85855 1.5 17 11 7 12 56%  67 111932 143 105%
c - 86.51 284 16 46 233 58716 2 2364331 88543 1.6 17 11 7 12 57%  67 111932 143 105%
c } 86.51 284 16 47 233 58718 2 2364338 88549 1.6 17 11 7 12 57%  67 111932 143 105%
c [ 86.51 284 34 47 233 58718 1 2364338 88549 1.4 29 20 10 21 68%  67 111932 143 105%
c W 86.53 284 34 47 233 58718 1 2364338 88549 1.4 29 20 10 21 68%  67 111932 143 105%
c u 86.86 284 34 47 233 58726 1 2378851 99559 1.4 29 21 10 21 68%  67 111932 143 105%
c v 86.98 284 34 47 233 58726 1 2378851 99343 1.4 29 21 10 21 68%  67 111932 143 105%
c w 87.03 284 34 47 233 58726 1 2378851 99312 1.4 29 21 10 21 68%  67 111932 143 105%
c x 87.11 284 34 47 233 58726 1 2378851 99301 1.4 29 21 10 21 68%  67 110153 143 105%
c - 87.15 283 34 47 234 58727 1 2379595 85099 1.4 29 21 10 21 68%  67 110153 143 105%
c - 87.40 284 34 47 235 58732 1 2394893 81004 1.4 29 21 10 21 68%  67 110153 143 105%
c
c seconds    switched      rate           size/glue  tier1     binary        remaining
c         MB   reductions     conflicts         size    tier2     irredundant
c          level     restarts        redundant     glue     trail        variables
c
c - 87.68 284 33 47 236 58739 1 2410224 83872 1.4 29 21 10 21 69%  67 110153 143 105%
c - 88.03 284 32 47 237 58747 1 2425586 88355 1.4 29 21 10 21 68%  67 110153 143 105%
c - 88.43 284 32 47 238 58748 1 2440981 90891 1.4 28 20 10 21 67%  67 110153 143 105%
c - 88.79 284 31 47 239 58755 1 2456409 90850 1.4 28 20 10 21 67%  67 110153 143 105%
c - 89.12 283 32 47 240 58762 1 2471868 87070 1.4 28 21 10 21 68%  67 110153 143 105%
c - 89.52 284 31 47 241 58768 1 2487359 84965 1.4 28 20 10 21 67%  67 110153 143 105%
c s 90.07 284 30 47 241 58773 1 2497618 93198 1.4 27 20 10 21 66%  67 109877 143 105%
c s 90.37 284 30 47 241 58773 1 2497618 93198 1.4 27 20 10 21 66%  67 109865 143 105%
c - 90.50 283 30 47 242 58777 1 2502884 83273 1.4 27 20 10 21 66%  67 109865 143 105%
c - 90.77 283 30 47 243 58779 1 2518441 76404 1.3 28 20 10 22 66%  67 109865 143 105%
c O 90.79 283 30 47 243 58779 1 2519699 77368 1.3 28 21 10 22 66%  67 109865 143 105%
c u 91.09 284 30 47 243 58779 1 2527676 83865 1.4 27 20 10 22 65%  67 109865 143 105%
c v 91.16 284 30 47 243 58779 1 2527676 83516 1.4 27 20 10 22 65%  67 109865 143 105%
c w 91.20 284 30 47 243 58779 1 2527676 83482 1.4 27 20 10 22 65%  67 109865 143 105%
c x 91.26 284 30 47 243 58779 1 2527676 83479 1.4 27 20 10 22 65%  67 109572 143 105%
c - 91.43 283 29 47 244 58780 1 2534030 73373 1.4 27 20 10 22 65%  67 109572 143 105%
c - 91.81 283 29 47 245 58780 1 2549650 76473 1.4 28 19 10 21 67%  67 109572 143 105%
c ] 92.20 282 29 48 245 58781 1 2565142 90422 1.4 28 19 10 21 68%  67 109572 143 105%
c { 92.20 282 16 48 245 58781 2 2565142 90422 1.6 17 11 7 12 57%  67 109572 143 105%
c o 92.20 283 16 48 245 58795 2 2565210 90489 1.6 17 11 7 12 57%  67 109572 143 105%
c
c seconds    switched      rate           size/glue  tier1    binary        remaining
c         MB   reductions     conflicts         size   tier2     irredundant
c          level     restarts        redundant     glue    trail        variables
c
c - 92.22 283 16 48 246 58814 2 2565306 75917 1.6 17 11 7 12 57%  67 109572 143 105%
c - 92.74 283 15 48 247 59340 2 2580994 75676 1.6 17 11 7 12 57%  67 109572 143 105%
c - 93.41 283 16 48 248 60760 2 2596710 77710 1.5 17 11 7 12 57%  68 109572 143 105%
c - 93.89 284 15 48 249 61134 2 2612458 80252 1.5 17 11 7 12 57%  68 109572 143 105%
c - 94.33 284 15 48 250 61220 2 2628238 80790 1.5 16 11 7 12 58%  68 109572 143 105%
c - 94.80 284 14 48 251 61562 2 2644049 82338 1.5 16 10 7 12 59%  70 109572 143 105%
c - 95.41 280 15 48 252 62778 2 2659891 87117 1.5 16 11 7 12 59%  70 109572 143 105%
c - 96.00 284 15 48 253 63954 2 2675765 91430 1.5 16 11 7 12 58%  70 109572 143 105%
c u 96.29 284 15 48 253 63993 2 2681522 95238 1.5 16 11 7 12 59%  70 109572 143 105%
c v 96.40 284 15 48 253 63993 2 2681522 94715 1.5 16 11 7 12 59%  70 109572 143 105%
c w 96.45 284 15 48 253 63993 2 2681522 94689 1.5 16 11 7 12 59%  70 109572 143 105%
c x 96.53 283 15 48 253 63993 2 2681522 94687 1.5 16 11 7 12 59%  71 108940 143 105%
c t 96.54 284 15 48 253 63993 2 2681522 94687 1.5 16 11 7 12 59%  70 108940 143 105%
c f 96.54 284 15 48 253 63993 2 2681522 94687 1.5 16 11 7 12 59%  71 108916 144 106%
c u 96.66 283 15 48 253 63993 2 2681522 94417 1.5 16 11 7 12 59%  71 108916 144 106%
c v 96.77 284 15 48 253 63993 2 2681522 93954 1.5 16 11 7 12 59%  71 108916 144 106%
c w 96.82 284 15 48 253 63993 2 2681522 93880 1.5 16 11 7 12 59%  71 108916 144 106%
c x 96.89 284 15 48 253 63993 2 2681522 93880 1.5 16 11 7 12 59%  71 108598 144 106%
c - 97.26 284 14 48 254 64445 2 2691670 92085 1.5 16 11 7 12 58%  71 108598 144 106%
c } 97.29 284 14 49 254 64445 2 2692754 92834 1.5 16 11 7 12 58%  71 108598 144 106%
c
c seconds    switched      rate           size/glue  tier1     binary        remaining
c         MB   reductions     conflicts         size    tier2     irredundant
c          level     restarts        redundant     glue     trail        variables
c
c [ 97.29 284 29 49 254 64445 1 2692754 92834 1.4 28 19 10 21 68%  71 108598 144 106%
c B 97.29 284 29 49 254 64445 1 2692754 92834 1.4 28 19 10 21 68%  71 108598 144 106%
c - 97.68 284 29 49 255 64454 1 2707609 94358 1.4 28 19 10 22 68%  71 108598 144 106%
c - 98.02 284 30 49 256 64459 1 2723579 94792 1.4 28 20 10 22 68%  71 108598 144 106%
c - 98.38 284 31 49 257 64468 1 2739581 92591 1.4 28 20 10 22 69%  71 108598 144 106%
c - 98.78 283 31 49 258 64474 1 2755613 92314 1.4 28 21 10 22 69%  71 108598 144 106%
c - 99.18 284 31 49 259 64475 1 2771677 91050 1.4 28 20 10 22 70%  71 108598 144 106%
c - 99.65 284 30 49 260 64482 1 2787770 92260 1.4 28 20 10 22 70%  71 108598 144 106%
c - 100.16 283 30 49 261 64490 1 2803895 92433 1.4 28 20 10 22 69%  71 108598 144 106%
c - 100.63 284 29 49 262 64497 1 2820051 92569 1.4 28 19 10 22 69%  71 108598 144 106%
c - 101.04 283 30 49 263 64505 1 2836237 89117 1.4 28 19 10 22 69%  71 108598 144 106%
c u 101.24 284 30 49 263 64505 1 2840385 92223 1.4 28 20 10 22 69%  71 108598 144 106%
c v 101.34 284 30 49 263 64505 1 2840385 92106 1.4 28 20 10 22 69%  71 108598 144 106%
c w 101.39 284 30 49 263 64505 1 2840385 92095 1.4 28 20 10 22 69%  71 108598 144 106%
c x 101.45 284 30 49 263 64505 1 2840385 92094 1.4 28 20 10 22 69%  71 108318 144 106%
c o 101.46 284 30 49 263 64505 1 2840385 92094 1.4 28 20 10 22 69%  71 108318 144 106%
c - 101.78 284 30 49 264 64506 1 2852454 83127 1.4 28 20 10 22 69%  71 108318 144 106%
c W 102.04 284 30 49 264 64507 1 2862848 92221 1.4 28 19 10 22 69%  71 108318 144 106%
c - 102.14 283 30 49 265 64507 1 2868702 84146 1.4 27 19 10 22 69%  71 108318 144 106%
c ] 102.35 284 30 50 265 64507 1 2880129 93878 1.4 28 19 10 22 70%  71 108318 144 106%
c
c seconds     switched      rate           size/glue  tier1    binary        remaining
c          MB   reductions     conflicts         size   tier2     irredundant
c           level     restarts        redundant     glue    trail        variables
c
c { 102.35 284 14 50 265 64507 2 2880129 93878 1.5 16 11 7 12 58%  71 108318 144 106%
c - 102.58 284 15 50 266 65142 2 2884980 86239 1.5 16 11 7 12 58%  71 108318 144 106%
c s 103.10 284 15 50 266 65509 2 2888563 89247 1.5 16 11 7 12 58%  71 105428 144 106%
c s 103.47 284 15 50 266 65509 2 2888563 89247 1.5 16 11 7 12 58%  71 105379 144 106%
c - 104.09 284 15 50 267 66346 2 2901290 88706 1.5 16 11 7 12 59%  71 105379 144 106%
c - 104.89 284 15 50 268 68019 2 2917630 89564 1.6 17 11 7 12 59%  71 105379 144 106%
c - 105.80 283 15 50 269 69856 2 2934000 91861 1.6 17 11 7 12 59%  71 105379 144 106%
c - 106.31 284 15 50 270 70436 2 2950403 93807 1.6 17 11 7 12 61%  71 105379 144 106%
c - 107.17 283 15 50 271 72427 2 2966835 95608 1.6 18 11 7 12 61%  71 105379 144 106%
c - 107.71 285 15 50 272 73103 1 2983300 98282 1.6 18 11 7 12 62%  71 105379 144 106%
c - 108.57 284 15 50 273 74568 1 2999792 100323 1.6 18 11 7 12 62%  71 105379 144 106%
c u 108.92 284 15 50 273 74786 1 3004322 103386 1.6 18 11 7 12 62%  71 105379 144 106%
c v 109.08 284 15 50 273 74786 1 3004322 102455 1.6 18 11 7 12 62%  71 105379 144 106%
c w 109.15 284 15 50 273 74786 1 3004322 102223 1.6 18 11 7 12 62%  71 105379 144 106%
c x 109.25 292 15 50 273 74786 1 3004322 102223 1.6 18 11 7 12 62%  71 104644 144 106%
c f 109.26 284 15 50 273 74786 1 3004322 102223 1.6 18 11 7 12 62%  74 104603 146 107%
c u 109.42 284 15 50 273 74786 1 3004322 101728 1.6 18 11 7 12 62%  74 104603 146 107%
c v 109.58 284 15 50 273 74786 1 3004322 101277 1.6 18 11 7 12 62%  74 104603 146 107%
c w 109.64 284 15 50 273 74786 1 3004322 100829 1.6 18 11 7 12 62%  74 104603 146 107%
c x 109.74 283 15 50 273 74786 1 3004322 100828 1.6 18 11 7 12 62%  75 104381 146 107%
c
c seconds     switched      rate            size/glue  tier1    binary        remaining
c          MB   reductions     conflicts          size   tier2     irredundant
c           level     restarts        redundant      glue    trail        variables
c
c t 110.44 285 15 50 273 74786 1 3004322 100828 1.6 18 11 7 12 62%  74 104381 146 107%
c - 110.99 286 16 50 274 75555 1 3016315 100397 1.6 18 11 7 12 62%  74 104381 146 107%
c } 111.03 284 16 51 274 75611 1 3017654 101202 1.6 18 11 7 12 62%  74 104381 146 107%
c [ 111.03 284 30 51 274 75611 1 3017654 101202 1.4 28 19 10 22 70%  74 104381 146 107%
c - 111.44 285 29 51 275 75620 1 3032869 103242 1.5 27 19 10 22 69%  74 104381 146 107%
c I 111.61 283 28 51 275 75624 1 3040500 110229 1.5 27 18 10 22 70%  74 104381 146 107%
c - 111.94 286 27 51 276 75625 1 3049452 105405 1.5 27 18 10 22 70%  74 104381 146 107%
c - 112.34 285 27 51 277 75635 1 3066065 106656 1.5 26 18 10 22 71%  74 104381 146 107%
c - 112.82 285 27 51 278 75640 1 3082708 103605 1.5 26 18 10 22 71%  74 104381 146 107%
c - 113.27 285 26 51 279 75641 1 3099382 104283 1.5 26 17 10 22 71%  74 104381 146 107%
c - 113.67 286 26 51 280 75651 1 3116087 104282 1.5 26 17 10 22 72%  74 104381 146 107%
c - 114.13 286 26 51 281 75656 1 3132820 100277 1.5 25 17 10 22 71%  74 104381 146 107%
c - 114.59 285 25 51 282 75667 1 3149583 96284 1.5 25 17 10 22 72%  74 104381 146 107%
c - 115.05 285 25 51 283 75672 1 3166376 95886 1.5 25 17 10 22 72%  74 104381 146 107%
c u 115.32 285 25 51 283 75672 1 3173334 101625 1.5 25 17 10 22 73%  74 104381 146 107%
c v 115.44 286 25 51 283 75672 1 3173334 101488 1.5 25 17 10 22 73%  74 104381 146 107%
c w 115.50 294 25 51 283 75672 1 3173334 98634 1.5 25 17 10 22 73%  74 104381 146 107%
c x 115.57 287 25 51 283 75672 1 3173334 98634 1.5 25 17 10 22 73%  75 104125 146 107%
c t 115.58 287 25 51 283 75672 1 3173334 98634 1.5 25 17 10 22 73%  74 104125 146 107%
c o 115.58 287 25 51 283 75672 1 3173334 98634 1.5 25 17 10 22 73%  74 104125 146 107%
c
c seconds     switched      rate           size/glue  tier1     binary        remaining
c          MB   reductions     conflicts         size    tier2     irredundant
c           level     restarts        redundant     glue     trail        variables
c
c - 115.86 287 26 51 284 75673 1 3183200 91125 1.5 25 17 10 21 72%  74 104125 146 107%
c - 116.37 287 26 51 285 75673 1 3200052 87877 1.5 25 17 10 21 71%  74 104125 146 107%
c - 116.86 287 26 51 286 75675 1 3216933 86905 1.5 25 17 10 21 70%  74 104125 146 107%
c B 117.10 287 26 51 286 75680 1 3225834 94981 1.5 25 17 10 21 70%  74 104125 146 107%
c - 117.31 287 26 51 287 75685 1 3233844 88654 1.5 25 17 10 21 70%  74 104125 146 107%
c - 117.74 287 25 51 288 75691 1 3250785 89587 1.5 25 17 10 21 71%  74 104125 146 107%
c ] 118.03 287 25 52 288 75696 1 3261110 98405 1.5 25 17 10 21 70%  74 104125 146 107%
c { 118.03 287 16 52 288 75696 1 3261110 98405 1.6 18 11 7 12 62%  74 104125 146 107%
c - 118.31 287 16 52 289 76339 1 3267756 91521 1.6 18 11 7 12 62%  74 104125 146 107%
c - 118.88 286 16 52 290 77074 1 3284756 92348 1.6 18 11 7 12 62%  74 104125 146 107%
c - 119.53 287 16 52 291 78238 2 3301787 92157 1.6 18 11 7 12 63%  74 104125 146 107%
c s 120.49 287 16 52 291 78920 2 3314054 101978 1.6 18 11 7 12 63%  74 101982 146 107%
c e 120.49 287 16 52 291 78920 2 3314054 101978 1.6 18 11 7 12 63%  72 102000 145 107%
c s 120.99 287 16 52 291 78920 2 3314054 101978 1.6 18 11 7 12 63%  72 101920 145 107%
c - 121.17 287 16 52 292 78983 2 3318846 93262 1.6 18 11 7 12 62%  72 101920 145 107%
c - 121.77 287 16 52 293 79907 2 3335935 94585 1.6 18 11 7 12 62%  72 101920 145 107%
c u 122.24 287 16 52 293 80362 2 3347470 103975 1.6 18 11 7 12 62%  72 101920 145 107%
c v 122.38 295 16 52 293 80362 2 3347470 102689 1.6 18 11 7 12 62%  72 101920 145 107%
c w 122.43 297 16 52 293 80362 2 3347470 102589 1.6 18 11 7 12 62%  72 101920 145 107%
c x 122.51 298 16 52 293 80362 2 3347470 102587 1.6 18 11 7 12 62%  72 101871 145 107%
c
c seconds     switched      rate            size/glue  tier1    binary        remaining
c          MB   reductions     conflicts          size   tier2     irredundant
c           level     restarts        redundant      glue    trail        variables
c
c f 122.52 288 16 52 293 80362 2 3347470 102587 1.6 18 11 7 12 62%  73 101843 146 107%
c u 122.64 287 16 52 293 80362 2 3347470 102199 1.6 18 11 7 12 62%  74 101843 146 107%
c v 122.77 288 16 52 293 80362 2 3347470 102007 1.6 18 11 7 12 62%  74 101843 146 107%
c w 122.82 288 16 52 293 80362 2 3347470 101892 1.6 18 11 7 12 62%  74 101843 146 107%
c x 122.90 288 16 52 293 80362 2 3347470 101892 1.6 18 11 7 12 62%  74 101841 146 107%
c t 122.90 288 16 52 293 80362 2 3347470 101892 1.6 18 11 7 12 62%  73 101841 146 107%
c - 123.19 287 16 52 294 80921 2 3353053 95478 1.6 18 11 7 12 62%  73 101841 146 107%
c - 123.83 287 17 52 295 81858 2 3370199 98385 1.6 18 11 7 12 62%  73 101841 146 107%
c - 124.42 287 16 52 296 82646 2 3387374 99909 1.6 18 11 7 12 62%  73 101841 146 107%
c - 125.12 287 16 52 297 83704 2 3404579 102132 1.6 18 11 7 12 62%  73 101841 146 107%
c } 125.28 287 16 53 297 83875 2 3408897 105568 1.6 18 11 7 12 62%  73 101841 146 107%
c [ 125.28 287 25 53 297 83875 1 3408897 105568 1.5 25 17 10 21 70%  73 101841 146 107%
c W 125.55 284 24 53 297 83881 1 3418974 113665 1.5 25 17 10 21 70%  73 101841 146 107%
c o 125.55 286 24 53 297 83881 1 3418974 113665 1.5 25 17 10 21 70%  73 101841 146 107%
c - 125.66 287 25 53 298 83882 1 3421813 103505 1.5 25 17 10 21 70%  73 101841 146 107%
c - 126.10 287 25 53 299 83889 1 3439076 103706 1.5 25 17 10 21 71%  73 101841 146 107%
c - 126.51 287 25 53 300 83899 1 3456367 104163 1.5 25 17 10 21 72%  73 101841 146 107%
c - 126.92 287 25 53 301 83904 1 3473687 105892 1.5 25 16 10 21 71%  73 101841 146 107%
c - 127.34 287 24 53 302 83905 1 3491038 107352 1.5 25 16 10 21 72%  73 101841 146 107%
c - 127.75 287 24 53 303 83916 1 3508416 107240 1.5 24 16 10 21 71%  73 101841 146 107%
c
c seconds     switched      rate            size/glue  tier1     binary        remaining
c          MB   reductions     conflicts          size    tier2     irredundant
c           level     restarts        redundant      glue     trail        variables
c
c - 128.14 287 23 53 304 83922 1 3525822 105627 1.5 24 16 10 21 72%  73 101841 146 107%
c u 128.33 288 23 53 304 83923 1 3526748 105675 1.5 24 16 10 21 72%  74 101841 146 107%
c v 128.51 287 23 53 304 83923 1 3526748 105418 1.5 24 16 10 21 72%  74 101841 146 107%
c w 128.59 287 23 53 304 83923 1 3526748 105159 1.5 24 16 10 21 72%  74 101841 146 107%
c t 128.60 287 23 53 304 83923 1 3526748 105159 1.5 24 16 10 21 72%  73 101841 146 107%
c - 129.00 287 23 53 305 83933 1 3543257 102091 1.5 24 16 10 21 73%  73 101841 146 107%
c - 129.43 287 23 53 306 83936 1 3560722 101292 1.5 24 16 10 21 74%  73 101841 146 107%
c - 129.89 287 22 53 307 83937 1 3578214 100299 1.5 24 15 10 21 74%  73 101841 146 107%
c - 130.34 287 22 53 308 83937 1 3595738 101173 1.5 23 15 10 21 75%  73 101841 146 107%
c - 130.82 287 22 53 309 83943 1 3613287 102118 1.5 23 15 10 21 75%  73 101841 146 107%
c O 131.01 287 21 53 309 83945 1 3620044 107715 1.5 23 15 10 21 75%  73 101841 146 107%
c - 131.28 287 21 53 310 83951 1 3630865 102705 1.5 23 15 10 21 74%  73 101841 146 107%
c ] 131.35 287 21 54 310 83952 1 3633728 105273 1.5 23 15 10 21 74%  73 101841 146 107%
c { 131.35 287 16 54 310 83952 2 3633728 105273 1.6 18 11 7 12 62%  73 101841 146 107%
c - 131.81 287 16 54 311 83978 2 3648471 102633 1.6 18 11 7 12 62%  73 101841 146 107%
c - 132.42 287 16 54 312 84293 1 3666107 102537 1.6 18 11 7 12 63%  73 101841 146 107%
c o 132.80 287 15 54 312 84342 1 3679993 113974 1.7 18 11 7 12 63%  73 101841 146 107%
c - 132.96 287 15 54 313 84479 1 3683771 105079 1.7 18 11 7 12 63%  73 101841 146 107%
c - 133.55 287 15 54 314 84522 1 3701464 106507 1.7 17 11 7 12 63%  73 101841 146 107%
c u 133.93 298 15 54 314 84608 1 3711202 114010 1.7 18 10 7 12 63%  73 101841 146 107%
c
c seconds     switched      rate            size/glue  tier1    binary        remaining
c          MB   reductions     conflicts          size   tier2     irredundant
c           level     restarts        redundant      glue    trail        variables
c
c v 134.07 300 15 54 314 84608 1 3711202 112851 1.7 18 10 7 12 63%  73 101841 146 107%
c w 134.12 300 15 54 314 84608 1 3711202 112812 1.7 18 10 7 12 63%  73 101841 146 107%
c x 134.20 301 15 54 314 84608 1 3711202 112810 1.7 18 10 7 12 63%  73 101770 146 107%
c f 134.21 288 15 54 314 84608 1 3711202 112810 1.7 18 10 7 12 63%  77 101728 148 109%
c u 134.34 287 15 54 314 84608 1 3711202 112235 1.7 18 10 7 12 63%  77 101728 148 109%
c v 134.47 287 15 54 314 84608 1 3711202 111992 1.7 18 10 7 12 63%  77 101728 148 109%
c w 134.51 295 15 54 314 84608 1 3711202 111948 1.7 18 10 7 12 63%  77 101728 148 109%
c x 134.59 297 15 54 314 84608 1 3711202 111948 1.7 18 10 7 12 63%  77 101727 148 109%
c - 134.83 287 15 54 315 84712 1 3719185 106896 1.7 18 10 7 12 64%  77 101727 148 109%
c - 135.40 288 14 54 316 84961 1 3736935 110899 1.7 18 10 7 12 64%  77 101727 148 109%
c - 136.04 288 14 54 317 85504 1 3754712 112648 1.7 17 10 7 12 63%  77 101727 148 109%
c - 136.69 287 14 54 318 86199 1 3772516 114546 1.7 17 10 7 12 64%  77 101727 148 109%
c s 137.27 287 14 54 318 86245 1 3775038 116510 1.7 17 10 7 12 64%  77 101553 148 109%
c e 137.27 287 14 54 318 86245 1 3775038 116510 1.7 17 10 7 12 64%  71 101583 145 107%
c s 137.72 287 14 54 318 86245 1 3775038 116510 1.7 17 10 7 12 64%  71 101578 145 107%
c - 138.39 288 14 54 319 87003 1 3790348 99558 1.7 17 10 6 12 64%  71 101578 145 107%
c } 138.44 288 14 55 319 87026 1 3792123 100893 1.7 17 10 6 12 64%  71 101578 145 107%
c [ 138.44 288 21 55 319 87026 1 3792123 100893 1.5 23 15 10 21 74%  71 101578 145 107%
c - 138.84 288 21 55 320 87035 1 3808208 96792 1.5 23 15 10 21 73%  71 101578 145 107%
c - 139.32 288 20 55 321 87042 1 3826096 94900 1.5 22 15 10 21 72%  71 101578 145 107%
c
c seconds     switched      rate           size/glue  tier1     binary        remaining
c          MB   reductions     conflicts         size    tier2     irredundant
c           level     restarts        redundant     glue     trail        variables
c
c B 139.39 288 20 55 321 87044 1 3829159 97460 1.5 23 15 10 21 72%  71 101578 145 107%
c - 139.79 288 20 55 322 87053 1 3844012 95708 1.5 23 15 10 21 72%  71 101578 145 107%
c - 140.30 288 20 55 323 87056 1 3861958 95756 1.6 23 15 10 21 72%  71 101578 145 107%
c - 140.83 288 20 55 324 87061 1 3879931 95591 1.6 23 14 10 21 72%  71 101578 145 107%
c - 141.30 287 20 55 325 87070 1 3897932 94797 1.6 23 14 10 21 72%  71 101578 145 107%
c u 141.55 288 20 55 325 87071 1 3900856 96796 1.6 23 14 10 21 72%  71 101578 145 107%
c v 141.76 297 20 55 325 87071 1 3900856 95984 1.6 23 14 10 21 72%  71 101578 145 107%
c w 141.85 298 20 55 325 87071 1 3900856 94891 1.6 23 14 10 21 72%  71 101578 145 107%
c f 141.86 288 20 55 325 87071 1 3900856 94891 1.6 23 14 10 21 72%  74 101556 146 107%
c u 141.99 288 20 55 325 87071 1 3900856 94418 1.6 23 14 10 21 72%  76 101556 146 107%
c v 142.13 288 20 55 325 87071 1 3900856 94036 1.6 23 14 10 21 72%  76 101556 146 107%
c w 142.19 288 20 55 325 87071 1 3900856 93581 1.6 23 14 10 21 72%  76 101556 146 107%
c x 142.28 288 20 55 325 87071 1 3900856 93581 1.6 23 14 10 21 72%  76 101545 146 107%
c t 142.28 288 20 55 325 87071 1 3900856 93581 1.6 23 14 10 21 72%  75 101545 146 107%
c - 142.68 287 21 55 326 87078 1 3915959 89837 1.6 23 15 10 21 72%  75 101545 146 107%
c - 143.17 288 20 55 327 87086 1 3934015 89404 1.6 23 15 10 21 71%  75 101545 146 107%
c - 143.65 288 21 55 328 87087 1 3952099 89660 1.6 23 15 10 21 71%  75 101545 146 107%
c - 144.13 288 20 55 329 87088 1 3970209 91289 1.6 24 15 10 21 72%  75 101545 146 107%
c - 144.65 288 20 55 330 87088 1 3988348 92405 1.6 24 15 10 21 72%  75 101545 146 107%
c o 144.68 288 20 55 330 87089 1 3989743 93597 1.6 24 15 10 21 72%  75 101545 146 107%
c
c seconds     switched      rate           size/glue  tier1     binary        remaining
c          MB   reductions     conflicts         size    tier2     irredundant
c           level     restarts        redundant     glue     trail        variables
c
c ] 144.87 288 20 56 330 87093 1 3995205 98234 1.6 24 15 10 21 72%  75 101545 146 107%
c { 144.87 288 14 56 330 87093 1 3995205 98234 1.7 17 10 6 12 64%  75 101545 146 107%
c - 145.42 288 14 56 331 88227 1 4006514 91551 1.6 17 10 6 12 63%  75 101545 146 107%
c - 146.12 288 14 56 332 89344 1 4024709 88147 1.6 17 10 6 12 63%  77 101545 146 107%
c - 146.91 288 15 56 333 91349 1 4042932 88775 1.6 17 11 6 12 63%  77 101545 146 107%
c - 147.55 288 15 56 334 92693 2 4061180 90591 1.6 17 11 6 12 63%  77 101545 146 107%
c - 148.30 289 15 56 335 94265 2 4079456 92388 1.6 17 11 6 12 63%  77 101545 146 107%
c u 149.00 288 15 56 335 94902 2 4095736 104772 1.6 18 11 6 12 63%  77 101545 146 107%
c v 149.22 288 15 56 335 94902 2 4095736 103989 1.6 18 11 6 12 63%  77 101545 146 107%
c w 149.30 288 15 56 335 94902 2 4095736 103910 1.6 18 11 6 12 63%  77 101545 146 107%
c - 149.42 288 15 56 336 95216 2 4097760 93420 1.6 18 11 6 12 63%  77 101545 146 107%
c - 150.09 287 15 56 337 96146 2 4116092 94239 1.6 17 11 6 12 63%  77 101545 146 107%
c - 150.84 288 15 56 338 97942 2 4134449 96170 1.6 17 11 6 12 61%  77 101545 146 107%
c - 151.43 288 15 56 339 98612 2 4152834 97819 1.6 17 11 6 12 62%  77 101545 146 107%
c } 151.95 287 16 57 339 99777 2 4164548 107499 1.6 17 11 6 12 61%  77 101545 146 107%
c [ 151.95 287 20 57 339 99777 1 4164548 107499 1.6 24 15 10 21 72%  77 101545 146 107%
c W 151.98 288 20 57 339 99777 1 4164548 107499 1.6 24 15 10 21 72%  77 101545 146 107%
c - 152.18 288 20 57 340 99782 1 4171246 99520 1.6 24 15 10 20 71%  77 101545 146 107%
c - 152.67 288 20 57 341 99791 1 4189685 102308 1.6 23 14 10 20 71%  77 101545 146 107%
c - 153.16 288 20 57 342 99798 1 4208151 102619 1.6 23 14 10 20 70%  77 101545 146 107%
c
c seconds     switched      rate            size/glue  tier1     binary        remaining
c          MB   reductions     conflicts          size    tier2     irredundant
c           level     restarts        redundant      glue     trail        variables
c
c - 153.68 288 19 57 343 99806 1 4226644 102733 1.6 23 14 10 20 69%  77 101545 146 107%
c - 154.13 288 19 57 344 99807 1 4245164 102668 1.6 23 14 10 20 68%  77 101545 146 107%
c o 154.57 288 19 57 344 99817 1 4261247 116367 1.6 22 14 10 20 67%  77 101545 146 107%
c - 154.68 287 19 57 345 99818 1 4263712 102218 1.6 23 14 10 20 67%  77 101545 146 107%
c s 155.43 287 20 57 345 99822 1 4272417 109576 1.6 23 14 10 20 67%  77 100475 146 107%
c e 155.43 287 20 57 345 99822 1 4272417 109576 1.6 23 14 10 20 67%  75 100493 145 107%
c s 155.98 287 20 57 345 99822 1 4272417 109576 1.6 23 14 10 20 67%  75 100481 145 107%
c - 156.24 287 21 57 346 99825 1 4282286 94129 1.5 23 15 10 20 68%  75 100481 145 107%
c u 156.70 288 22 57 346 99832 1 4295863 104332 1.5 24 16 10 20 68%  76 100481 145 107%
c v 156.89 288 22 57 346 99832 1 4295863 103015 1.5 24 16 10 20 68%  76 100481 145 107%
c w 156.98 299 22 57 346 99832 1 4295863 102663 1.5 24 16 10 20 68%  76 100481 145 107%
c t 156.98 299 22 57 346 99832 1 4295863 102663 1.5 24 16 10 20 68%  75 100481 145 107%
c f 156.99 288 22 57 346 99832 1 4295863 102663 1.5 24 16 10 20 68%  78 100459 146 107%
c u 157.12 288 22 57 346 99832 1 4295863 102282 1.5 24 16 10 20 68%  78 100459 146 107%
c v 157.26 297 22 57 346 99832 1 4295863 102066 1.5 24 16 10 20 68%  78 100459 146 107%
c w 157.33 300 22 57 346 99832 1 4295863 100259 1.5 24 16 10 20 68%  78 100459 146 107%
c x 157.41 300 22 57 346 99832 1 4295863 100259 1.5 24 16 10 20 68%  78 100457 146 107%
c - 157.54 287 23 57 347 99836 1 4300887 81915 1.5 24 17 10 20 67%  78 100457 146 107%
c - 157.96 287 24 57 348 99838 1 4319514 83540 1.4 25 17 10 21 67%  78 100457 146 107%
c - 158.40 287 24 57 349 99839 1 4338168 87315 1.4 25 18 10 21 67%  78 100457 146 107%
c
c seconds     switched      rate           size/glue  tier1     binary        remaining
c          MB   reductions     conflicts         size    tier2     irredundant
c           level     restarts        redundant     glue     trail        variables
c
c - 158.94 287 26 57 350 99839 1 4356850 87757 1.4 26 18 10 21 68%  78 100457 146 107%
c - 159.45 288 26 57 351 99846 1 4375559 84853 1.4 26 19 10 21 67%  78 100457 146 107%
c I 159.84 288 27 57 351 99854 1 4390115 96112 1.4 26 19 10 21 68%  78 100457 146 107%
c - 159.99 288 27 57 352 99854 1 4394293 85385 1.4 26 19 10 21 68%  78 100457 146 107%
c - 160.52 288 25 57 353 99864 1 4413054 90326 1.4 25 18 10 21 69%  78 100457 146 107%
c ] 160.68 286 25 58 353 99868 1 4418597 94975 1.4 25 18 10 21 69%  78 100457 146 107%
c { 160.68 286 16 58 353 99868 2 4418597 94975 1.6 17 11 6 12 61%  78 100457 146 107%
c - 161.08 288 15 58 354 100211 2 4431843 90968 1.6 17 11 6 12 62%  78 100457 146 107%
c - 161.80 288 16 58 355 101529 2 4450658 91704 1.6 18 11 6 12 62%  78 100457 146 107%
c - 162.65 288 16 58 356 102901 2 4469499 92641 1.6 18 11 6 12 62%  78 100457 146 107%
c - 163.40 287 16 58 357 104027 2 4488366 93621 1.6 18 11 6 12 61%  78 100457 146 107%
c u 163.97 288 16 58 357 104516 2 4501264 103045 1.6 18 12 6 12 62%  78 100457 146 107%
c v 164.17 288 16 58 357 104516 2 4501264 102297 1.6 18 12 6 12 62%  78 100457 146 107%
c w 164.25 288 16 58 357 104516 2 4501264 102096 1.6 18 12 6 12 62%  78 100457 146 107%
c - 165.24 290 16 58 358 104802 2 4507261 93141 1.6 18 12 6 12 62%  78 100457 146 107%
c - 165.91 290 17 58 359 105546 2 4526181 95223 1.6 18 11 6 12 63%  78 100457 146 107%
c o 166.38 290 17 58 359 105983 2 4543120 108663 1.6 18 11 6 12 64%  78 100457 146 107%
c - 166.49 290 17 58 360 106261 2 4545128 96866 1.6 18 11 6 12 64%  78 100457 146 107%
c - 167.26 290 17 58 361 107309 2 4564102 98315 1.6 19 12 6 12 62%  78 100457 146 107%
c - 167.83 290 17 58 362 107807 2 4583104 98681 1.6 18 11 6 12 62%  78 100457 146 107%
c
c seconds     switched       rate            size/glue  tier1    binary        remaining
c          MB   reductions      conflicts          size   tier2     irredundant
c           level      restarts        redundant      glue    trail        variables
c
c } 168.32 287 16 59 362 108190 2 4599226 111205 1.6 18 11 6 12 62%  78 100457 146 107%
c [ 168.32 287 25 59 362 108190 1 4599226 111205 1.4 25 18 10 21 69%  78 100457 146 107%
c - 168.42 290 24 59 363 108192 1 4602131 97820 1.4 25 18 10 21 69%  78 100457 146 107%
c - 168.97 290 24 59 364 108203 1 4621183 98933 1.5 24 17 10 21 70%  78 100457 146 107%
c B 169.05 290 24 59 364 108204 1 4624083 101344 1.5 24 17 10 21 70%  78 100457 146 107%
c - 169.47 290 23 59 365 108210 1 4640261 100624 1.5 24 16 10 21 71%  78 100457 146 107%
c - 170.12 290 22 59 366 108219 1 4659365 101106 1.5 24 16 10 21 71%  78 100457 146 107%
c - 170.58 290 22 59 367 108220 1 4678496 101029 1.6 24 15 10 20 70%  78 100457 146 107%
c - 171.10 290 21 59 368 108230 1 4697653 100961 1.7 24 15 10 20 70%  78 100457 146 107%
c u 171.65 301 22 59 368 108235 1 4711965 111905 1.6 24 15 10 20 70%  78 100457 146 107%
c v 171.87 303 22 59 368 108235 1 4711965 111586 1.6 24 15 10 20 70%  78 100457 146 107%
c w 171.96 303 22 59 368 108235 1 4711965 111509 1.6 24 15 10 20 70%  78 100457 146 107%
c - 172.09 290 22 59 369 108237 1 4716837 98835 1.6 24 15 10 20 70%  78 100457 146 107%
c - 172.54 290 23 59 370 108249 1 4736046 94834 1.6 24 16 10 20 68%  78 100457 146 107%
c - 172.94 290 24 59 371 108251 1 4755281 95268 1.5 24 16 10 20 69%  78 100457 146 107%
c - 173.40 290 24 59 372 108252 1 4774542 96902 1.5 24 16 10 20 68%  78 100457 146 107%
c - 173.81 290 25 59 373 108252 1 4793829 97876 1.5 25 16 10 20 70%  78 100457 146 107%
c s 174.67 290 26 59 373 108259 1 4807068 108895 1.5 25 17 10 20 70%  78 100447 146 107%
c - 175.36 290 26 59 374 108262 1 4813143 93919 1.5 25 17 10 20 70%  78 100447 146 107%
c - 175.85 290 27 59 375 108268 1 4832483 90530 1.4 26 18 10 20 70%  78 100447 146 107%
c
c seconds     switched       rate           size/glue  tier1     binary        remaining
c          MB   reductions      conflicts         size    tier2     irredundant
c           level      restarts        redundant     glue     trail        variables
c
c - 176.37 290 27 59 376 108280 1 4851848 86359 1.4 26 18 10 20 70%  78 100447 146 107%
c ] 176.53 290 27 60 376 108282 1 4857174 90530 1.4 26 18 10 20 70%  78 100447 146 107%
c { 176.53 290 16 60 376 108282 2 4857174 90530 1.6 18 11 6 12 62%  78 100447 146 107%
c o 176.53 290 16 60 376 108302 2 4857300 90646 1.6 18 11 6 12 62%  78 100447 146 107%
c - 177.09 289 16 60 377 109124 2 4871240 90204 1.6 18 11 6 12 62%  78 100447 146 107%
c - 177.86 289 16 60 378 110134 2 4890658 94435 1.6 18 11 6 12 61%  78 100447 146 107%
c - 178.55 290 16 60 379 111086 2 4910100 93874 1.6 18 11 6 12 60%  78 100447 146 107%
c u 179.32 290 16 60 379 111444 2 4927966 106422 1.6 18 11 6 12 61%  78 100447 146 107%
c v 179.51 300 16 60 379 111444 2 4927966 103963 1.6 18 11 6 12 61%  78 100447 146 107%
c w 179.58 301 16 60 379 111444 2 4927966 103859 1.6 18 11 6 12 61%  78 100447 146 107%
c - 179.70 290 16 60 380 111686 2 4929567 91907 1.6 18 11 6 12 61%  78 100447 146 107%
c - 180.35 290 16 60 381 112468 2 4949061 95460 1.6 18 11 6 12 63%  78 100447 146 107%
c - 181.04 290 16 60 382 113141 2 4968582 97437 1.5 17 11 6 12 63%  78 100447 146 107%
c - 181.90 290 16 60 383 114501 2 4988126 99726 1.5 18 11 6 12 63%  78 100447 146 107%
c - 182.59 289 16 60 384 115370 2 5007697 100510 1.5 17 11 6 12 63%  78 100447 146 107%
c - 183.34 290 16 60 385 116536 2 5027293 101060 1.5 17 11 6 12 64%  78 100447 146 107%
c - 184.05 290 16 60 386 117239 2 5046914 101523 1.5 17 11 6 12 63%  78 100447 146 107%
c } 184.13 290 16 61 386 117352 2 5049426 103317 1.5 17 11 6 12 63%  78 100447 146 107%
c [ 184.13 290 27 61 386 117352 1 5049426 103317 1.4 26 18 10 20 70%  78 100447 146 107%
c W 184.15 290 27 61 386 117352 1 5049426 103317 1.4 26 18 10 20 70%  78 100447 146 107%
c
c seconds     switched       rate           size/glue  tier1     binary        remaining
c          MB   reductions      conflicts         size    tier2     irredundant
c           level      restarts        redundant     glue     trail        variables
c
c - 184.55 290 28 61 387 117362 1 5066563 97906 1.4 26 19 10 20 70%  78 100447 146 107%
c - 184.95 290 28 61 388 117369 1 5086235 93967 1.4 26 19 10 20 70%  78 100447 146 107%
c - 185.38 290 29 61 389 117380 1 5105932 91835 1.4 27 19 10 20 70%  78 100447 146 107%
c - 185.89 290 28 61 390 117382 1 5125655 91158 1.4 26 19 10 20 69%  78 100447 146 107%
c - 186.35 290 28 61 391 117390 1 5145403 92913 1.4 26 19 10 20 68%  78 100447 146 107%
c u 186.58 290 28 61 391 117392 1 5149319 94430 1.4 26 19 10 20 68%  78 100447 146 107%
c v 186.72 290 28 61 391 117392 1 5149319 93913 1.4 26 19 10 20 68%  78 100447 146 107%
c w 186.80 298 28 61 391 117392 1 5149319 90035 1.4 26 19 10 20 68%  78 100447 146 107%
c x 186.89 300 28 61 391 117392 1 5149319 90035 1.4 26 19 10 20 68%  78 100436 146 107%
c - 187.28 290 28 61 392 117397 1 5165180 87751 1.3 26 20 10 20 68%  78 100436 146 107%
c - 187.78 290 28 61 393 117409 1 5184978 87438 1.4 27 20 10 21 68%  78 100436 146 107%
c - 188.32 290 28 61 394 117413 1 5204802 90138 1.4 27 20 10 21 68%  78 100436 146 107%
c - 188.85 290 28 61 395 117414 1 5224651 91019 1.4 27 20 10 21 68%  78 100436 146 107%
c - 189.41 290 28 61 396 117414 1 5244525 90918 1.4 27 20 10 21 68%  78 100436 146 107%
c - 189.92 289 28 61 397 117424 1 5264425 88950 1.3 27 20 10 21 68%  78 100436 146 107%
c - 190.40 290 28 61 398 117431 1 5284349 88379 1.3 27 20 10 21 68%  78 100436 146 107%
c O 190.80 290 27 61 398 117440 1 5300536 101163 1.3 27 20 10 21 68%  78 100436 146 107%
c o 190.80 290 27 61 398 117440 1 5300536 101163 1.3 27 20 10 21 68%  78 100436 146 107%
c - 190.96 290 27 61 399 117443 1 5304299 88600 1.3 26 20 10 21 67%  78 100436 146 107%
c - 191.47 290 26 61 400 117445 1 5324275 92221 1.4 26 19 10 21 63%  78 100436 146 107%
c
c seconds     switched       rate           size/glue  tier1     binary        remaining
c          MB   reductions      conflicts         size    tier2     irredundant
c           level      restarts        redundant     glue     trail        variables
c
c - 192.02 290 25 61 401 117452 1 5344277 91699 1.4 25 18 10 21 61%  78 100436 146 107%
c ] 192.08 290 25 62 401 117454 1 5346365 93524 1.4 25 18 10 21 61%  78 100436 146 107%
c { 192.08 290 16 62 401 117454 2 5346365 93524 1.5 17 11 6 12 63%  78 100436 146 107%
c - 192.80 289 16 62 402 118384 2 5364301 92366 1.5 17 11 6 12 64%  78 100436 146 107%
c u 193.41 290 16 62 402 118898 2 5376021 100926 1.5 17 11 6 12 64%  78 100436 146 107%
c v 193.61 290 16 62 402 118898 2 5376021 100616 1.5 17 11 6 12 64%  78 100436 146 107%
c w 193.70 290 16 62 402 118898 2 5376021 100594 1.5 17 11 6 12 64%  78 100436 146 107%
c s 194.48 290 16 62 402 119160 2 5379793 103770 1.5 17 11 6 12 63%  78 100413 146 107%
c - 195.23 290 16 62 403 119403 2 5384350 91151 1.5 17 11 6 12 64%  78 100413 146 107%
c - 195.86 290 15 62 404 119604 2 5404425 90866 1.5 17 11 6 12 65%  78 100413 146 107%
c - 196.48 290 15 62 405 119992 1 5424524 91648 1.6 17 11 6 12 66%  78 100413 146 107%
c - 197.20 289 15 62 406 121426 1 5444649 95890 1.6 18 11 6 12 66%  78 100413 146 107%
c - 197.83 290 15 62 407 122340 2 5464798 99337 1.6 18 11 6 12 67%  78 100413 146 107%
c - 198.65 290 16 62 408 123543 2 5484972 99669 1.6 18 11 6 12 66%  78 100413 146 107%
c - 199.23 290 15 62 409 124046 1 5505172 99403 1.6 18 11 6 12 64%  78 100413 146 107%
c - 200.09 290 16 62 410 125297 2 5525397 100725 1.6 18 11 6 12 63%  78 100413 146 107%
c - 200.72 290 16 62 411 126093 2 5545646 101562 1.6 18 11 6 12 64%  78 100413 146 107%
c } 200.82 288 16 63 411 126099 2 5550574 105294 1.6 18 11 6 12 64%  78 100413 146 107%
c [ 200.82 288 25 63 411 126099 1 5550574 105294 1.4 25 18 10 21 61%  78 100413 146 107%
c B 201.00 290 26 63 411 126105 1 5560387 113839 1.4 26 18 10 21 62%  78 100413 146 107%
c
c seconds     switched       rate           size/glue  tier1     binary        remaining
c          MB   reductions      conflicts         size    tier2     irredundant
c           level      restarts        redundant     glue     trail        variables
c
c - 201.12 290 26 63 412 126108 1 5565921 98812 1.4 26 18 10 21 63%  78 100413 146 107%
c - 201.71 290 27 63 413 126116 1 5586220 94154 1.4 26 19 10 21 65%  78 100413 146 107%
c - 202.27 290 27 63 414 126127 1 5606543 91623 1.4 27 19 10 21 64%  78 100413 146 107%
c u 202.53 290 27 63 414 126127 1 5608097 91661 1.4 26 19 10 21 64%  78 100413 146 107%
c v 202.77 290 27 63 414 126127 1 5608097 91299 1.4 26 19 10 21 64%  78 100413 146 107%
c w 202.87 298 27 63 414 126127 1 5608097 91219 1.4 26 19 10 21 64%  78 100413 146 107%
c - 203.34 290 27 63 415 126129 1 5626890 90749 1.4 26 19 10 21 65%  78 100413 146 107%
c - 203.73 290 28 63 416 126138 1 5647261 93003 1.4 26 19 10 21 66%  78 100413 146 107%
c - 204.30 290 28 63 417 126145 1 5667659 91424 1.4 26 19 10 21 66%  78 100413 146 107%
c - 204.92 290 28 63 418 126158 1 5688083 93037 1.4 26 19 10 21 66%  78 100413 146 107%
c - 205.47 290 27 63 419 126160 1 5708528 97468 1.4 26 19 10 21 67%  78 100413 146 107%
c - 206.02 290 27 63 420 126161 1 5728997 101685 1.4 26 18 10 21 67%  78 100413 146 107%
c - 206.51 290 27 63 421 126161 1 5749490 103071 1.4 26 18 10 21 69%  78 100413 146 107%
c - 207.10 290 27 63 422 126174 1 5770009 100546 1.4 26 18 10 21 69%  78 100413 146 107%
c - 207.63 290 27 63 423 126182 1 5790551 98367 1.4 26 19 10 21 68%  78 100413 146 107%
c - 208.05 290 28 63 424 126191 1 5811117 94270 1.4 26 19 10 21 68%  78 100413 146 107%
c W 208.40 290 28 63 424 126192 1 5829088 109123 1.4 26 19 10 21 68%  78 100413 146 107%
c o 208.40 290 28 63 424 126192 1 5829088 109123 1.4 26 19 10 21 68%  78 100413 146 107%
c - 208.46 290 28 63 425 126192 1 5831709 91890 1.4 26 19 10 21 68%  78 100413 146 107%
c u 208.95 290 29 63 425 126200 1 5845573 103368 1.4 26 19 10 21 68%  78 100413 146 107%
c
c seconds     switched       rate            size/glue  tier1     binary        remaining
c          MB   reductions      conflicts          size    tier2     irredundant
c           level      restarts        redundant      glue     trail        variables
c
c v 209.13 290 29 63 425 126200 1 5845573 102800 1.4 26 19 10 21 68%  78 100413 146 107%
c w 209.21 302 29 63 425 126200 1 5845573 102594 1.4 26 19 10 21 68%  78 100413 146 107%
c ] 209.38 289 29 64 425 126205 1 5852211 108346 1.4 26 19 10 21 69%  78 100413 146 107%
c { 209.38 289 16 64 425 126205 2 5852211 108346 1.6 18 11 6 12 64%  78 100413 146 107%
c - 209.40 290 16 64 426 126222 2 5852325 90485 1.6 18 11 6 12 64%  78 100413 146 107%
c - 210.06 290 16 64 427 126971 2 5872964 93627 1.6 18 11 6 12 63%  78 100413 146 107%
c - 210.81 290 16 64 428 128067 2 5893628 95935 1.6 18 11 6 12 63%  78 100413 146 107%
c - 211.54 290 16 64 429 129018 2 5914316 99311 1.6 18 11 6 12 63%  78 100413 146 107%
c - 212.14 290 16 64 430 129499 1 5935028 100621 1.6 18 11 6 12 65%  78 100413 146 107%
c - 212.74 290 15 64 431 130085 1 5955765 101688 1.6 18 11 6 12 67%  78 100413 146 107%
c - 213.44 290 15 64 432 131086 1 5976526 103373 1.6 17 11 6 12 66%  78 100413 146 107%
c - 215.43 290 15 64 433 131844 1 5997310 104933 1.6 18 11 6 12 66%  78 100413 146 107%
c - 216.19 290 15 64 434 132817 1 6018119 105284 1.6 17 11 6 12 66%  78 100413 146 107%
c - 217.06 289 16 64 435 134283 2 6038953 105303 1.6 18 11 6 12 64%  78 100413 146 107%
c - 217.78 290 15 64 436 135012 2 6059809 105255 1.6 17 11 6 12 64%  78 100413 146 107%
c } 218.06 290 15 65 436 135481 2 6068709 112386 1.6 17 11 6 12 64%  78 100413 146 107%
c [ 218.06 290 29 65 436 135481 1 6068709 112386 1.4 26 19 10 21 69%  78 100413 146 107%
c - 218.39 290 27 65 437 135487 1 6080690 105425 1.4 25 18 10 21 68%  78 100413 146 107%
c u 218.85 290 26 65 437 135493 1 6088476 110376 1.4 25 18 10 21 68%  78 100413 146 107%
c v 219.13 290 26 65 437 135493 1 6088476 104055 1.4 25 18 10 21 68%  78 100413 146 107%
c
c seconds     switched       rate            size/glue  tier1     binary        remaining
c          MB   reductions      conflicts          size    tier2     irredundant
c           level      restarts        redundant      glue     trail        variables
c
c w 219.23 290 26 65 437 135493 1 6088476 102062 1.4 25 18 10 21 68%  78 100413 146 107%
c - 219.53 290 27 65 438 135495 1 6101594 96224 1.4 25 18 10 21 69%  78 100413 146 107%
c I 219.66 290 27 65 438 135499 1 6106751 100566 1.4 25 18 10 21 69%  78 100413 146 107%
c - 220.12 290 26 65 439 135509 1 6122523 101505 1.4 24 17 10 21 68%  78 100413 146 107%
c - 220.67 290 25 65 440 135511 1 6143477 107218 1.5 24 16 10 21 69%  78 100413 146 107%
c - 221.30 290 24 65 441 135519 1 6164453 108399 1.5 24 16 10 20 70%  78 100413 146 107%
c - 221.91 290 23 65 442 135528 1 6185455 109193 1.6 24 16 10 20 71%  78 100413 146 107%
c - 222.62 290 23 65 443 135540 1 6206480 107514 1.6 24 15 10 20 70%  78 100413 146 107%
c - 223.24 290 24 65 444 135542 1 6227527 104944 1.5 24 16 10 20 71%  78 100413 146 107%
c - 223.91 290 24 65 445 135543 1 6248598 103447 1.5 25 16 10 20 72%  78 100413 146 107%
c - 224.49 290 24 65 446 135546 1 6269694 109645 1.5 25 16 10 20 73%  78 100413 146 107%
c - 225.11 290 25 65 447 135557 1 6290813 110487 1.5 25 17 10 20 73%  78 100413 146 107%
c - 225.76 290 25 65 448 135566 1 6311957 103410 1.5 26 17 10 20 73%  78 100413 146 107%
c ] 226.26 290 26 66 448 135573 1 6327451 115656 1.5 26 18 10 20 73%  78 100413 146 107%
c { 226.26 290 15 66 448 135573 2 6327451 115656 1.6 17 11 6 12 64%  78 100413 146 107%
c o 226.28 290 15 66 448 135611 2 6327685 115859 1.6 17 11 6 12 64%  78 100413 146 107%
c - 226.57 290 15 66 449 135922 2 6333124 99903 1.6 17 11 6 12 64%  78 100413 146 107%
c u 226.88 290 15 66 449 136041 1 6336803 102314 1.6 18 11 6 12 64%  78 100413 146 107%
c v 227.06 290 15 66 449 136041 1 6336803 102130 1.6 18 11 6 12 64%  78 100413 146 107%
c w 227.14 290 15 66 449 136041 1 6336803 102082 1.6 18 11 6 12 64%  78 100413 146 107%
c
c seconds     switched       rate            size/glue  tier1    binary        remaining
c          MB   reductions      conflicts          size   tier2     irredundant
c           level      restarts        redundant      glue    trail        variables
c
c x 227.25 290 15 66 449 136041 1 6336803 102067 1.6 18 11 6 12 64%  80 100327 146 107%
c f 227.26 290 15 66 449 136041 1 6336803 102067 1.6 18 11 6 12 64%  82 100306 147 108%
c u 227.47 290 15 66 449 136041 1 6336803 101248 1.6 18 11 6 12 64%  82 100306 147 108%
c v 227.72 299 15 66 449 136041 1 6336803 100920 1.6 18 11 6 12 64%  82 100306 147 108%
c w 227.82 300 15 66 449 136041 1 6336803 100879 1.6 18 11 6 12 64%  82 100306 147 108%
c t 227.83 300 15 66 449 136041 1 6336803 100879 1.6 18 11 6 12 64%  81 100306 147 108%
c - 228.74 290 16 66 450 137105 1 6354315 104822 1.6 18 11 6 12 64%  81 100306 147 108%
c - 229.75 291 16 66 451 138397 1 6375529 108113 1.6 18 11 6 12 64%  81 100306 147 108%
c - 230.51 291 16 66 452 138961 1 6396765 111428 1.7 19 11 6 12 66%  81 100306 147 108%
c - 231.51 291 16 66 453 140258 1 6418027 112636 1.7 19 11 6 12 66%  81 100306 147 108%
c - 232.38 291 16 66 454 141289 1 6439311 113482 1.7 19 11 6 12 66%  81 100306 147 108%
c - 233.18 291 16 66 455 142165 1 6460618 114775 1.7 19 11 6 12 67%  81 100306 147 108%
c - 234.17 290 16 66 456 143025 1 6481950 115728 1.7 19 11 6 12 67%  81 100306 147 108%
c - 235.04 291 16 66 457 143919 1 6503304 116013 1.7 19 11 6 12 67%  81 100306 147 108%
c - 236.08 291 16 66 458 145279 1 6524682 116251 1.7 19 12 6 12 67%  81 100306 147 108%
c - 237.02 291 16 66 459 145981 1 6546082 116879 1.7 19 12 6 12 67%  81 100306 147 108%
c } 237.39 291 16 67 459 146095 1 6556566 125928 1.7 19 11 6 12 67%  81 100306 147 108%
c [ 237.39 291 26 67 459 146095 1 6556566 125928 1.5 26 18 10 20 73%  81 100306 147 108%
c B 237.39 291 26 67 459 146095 1 6556566 125928 1.5 26 18 10 20 73%  81 100306 147 108%
c - 237.74 291 26 67 460 146101 1 6567507 114763 1.4 26 18 10 20 73%  81 100306 147 108%
c
c seconds     switched       rate            size/glue  tier1     binary        remaining
c          MB   reductions      conflicts          size    tier2     irredundant
c           level      restarts        redundant      glue     trail        variables
c
c - 238.35 291 26 67 461 146109 1 6588955 109295 1.4 26 18 10 20 73%  81 100306 147 108%
c u 238.70 290 26 67 461 146110 1 6590604 108464 1.4 26 18 10 20 73%  82 100306 147 108%
c v 239.04 291 26 67 461 146110 1 6590604 107979 1.4 26 18 10 20 73%  82 100306 147 108%
c w 239.18 291 26 67 461 146110 1 6590604 107743 1.4 26 18 10 20 73%  82 100306 147 108%
c f 239.18 291 26 67 461 146110 1 6590604 107743 1.4 26 18 10 20 73%  84 100287 148 109%
c u 239.40 291 26 67 461 146110 1 6590604 106861 1.4 26 18 10 20 73%  84 100287 148 109%
c v 239.64 302 26 67 461 146110 1 6590604 106399 1.4 26 18 10 20 73%  84 100287 148 109%
c w 239.74 302 26 67 461 146110 1 6590604 106214 1.4 26 18 10 20 73%  84 100287 148 109%
c x 239.92 303 26 67 461 146110 1 6590604 106179 1.4 26 18 10 20 73%  84 99583 148 109%
c t 239.92 303 26 67 461 146110 1 6590604 106179 1.4 26 18 10 20 73%  83 99583 148 109%
c - 240.42 291 26 67 462 146123 1 6610427 106380 1.4 26 18 10 20 72%  83 99583 148 109%
c - 240.84 291 26 67 463 146125 1 6631924 109184 1.4 26 18 10 20 73%  83 99583 148 109%
c s 241.87 291 26 67 463 146128 1 6642718 117938 1.4 26 18 10 20 73%  83 98575 148 109%
c e 241.88 291 26 67 463 146128 1 6642718 117938 1.4 26 18 10 20 73%  76 98602 144 106%
c s 242.66 291 26 67 463 146128 1 6642718 117938 1.4 26 18 10 20 73%  76 98502 144 106%
c - 242.98 290 26 67 464 146134 1 6653441 111051 1.4 25 18 10 20 73%  76 98502 144 106%
c - 243.61 291 25 67 465 146143 1 6674981 112599 1.4 25 18 10 20 72%  76 98502 144 106%
c - 244.28 291 25 67 466 146154 1 6696545 108475 1.4 25 18 10 20 71%  76 98502 144 106%
c - 245.01 291 24 67 467 146156 1 6718133 109783 1.4 25 18 10 20 70%  76 98502 144 106%
c - 245.69 291 24 67 468 146157 1 6739745 112359 1.4 24 17 10 20 69%  76 98502 144 106%
c
c seconds     switched       rate            size/glue  tier1     binary       remaining
c          MB   reductions      conflicts          size    tier2     irredundant
c           level      restarts        redundant      glue     trail       variables
c
c - 246.27 291 23 67 469 146162 1 6761378 113703 1.4 24 17 10 20 69%  76 98502 144 106%
c - 246.92 291 24 67 470 146172 1 6783034 110593 1.4 24 17 10 20 69%  76 98502 144 106%
c - 247.61 291 24 67 471 146182 1 6804715 108335 1.4 24 17 10 20 68%  76 98502 144 106%
c - 248.34 291 25 67 472 146188 1 6826417 106250 1.4 25 18 10 20 69%  76 98502 144 106%
c - 249.06 291 24 67 473 146195 1 6848142 102639 1.4 25 18 10 20 69%  76 98502 144 106%
c u 249.32 291 24 67 473 146195 1 6849882 103501 1.4 25 18 10 20 69%  76 98502 144 106%
c v 249.56 291 24 67 473 146195 1 6849882 102912 1.4 25 18 10 20 69%  76 98502 144 106%
c w 249.67 301 24 67 473 146195 1 6849882 102821 1.4 25 18 10 20 69%  76 98502 144 106%
c o 249.68 302 24 67 473 146195 1 6849882 102821 1.4 25 18 10 20 69%  76 98502 144 106%
c W 249.77 290 25 67 473 146197 1 6852477 105102 1.4 25 18 10 20 69%  76 98502 144 106%
c - 250.24 291 24 67 474 146203 1 6869890 103904 1.4 25 17 10 20 67%  76 98502 144 106%
c - 250.75 291 25 67 475 146216 1 6891662 100360 1.4 25 17 10 20 66%  76 98502 144 106%
c - 251.19 291 26 67 476 146219 1 6913457 97126 1.4 25 18 10 20 67%  76 98502 144 106%
c - 251.72 291 26 67 477 146220 1 6935274 95981 1.4 25 18 10 20 68%  76 98502 144 106%
c ] 251.82 291 26 68 477 146220 1 6938876 99213 1.4 25 18 10 20 68%  76 98502 144 106%
c { 251.82 291 16 68 477 146220 1 6938876 99213 1.7 19 11 6 12 67%  76 98502 144 106%
c - 252.55 290 16 68 478 147227 1 6957115 99154 1.7 19 12 6 12 66%  76 98502 144 106%
c - 253.29 291 16 68 479 147584 1 6978980 100736 1.7 19 11 6 12 65%  76 98502 144 106%
c - 254.11 290 16 68 480 148279 1 7000867 98969 1.6 18 11 6 12 63%  76 98502 144 106%
c - 254.80 291 15 68 481 148923 1 7022776 100349 1.6 18 11 6 12 63%  76 98502 144 106%
c
c seconds     switched       rate            size/glue  tier1    binary       remaining
c          MB   reductions      conflicts          size   tier2     irredundant
c           level      restarts        redundant      glue    trail       variables
c
c - 255.71 291 16 68 482 150305 1 7044707 101769 1.6 18 11 6 12 63%  76 98502 144 106%
c - 256.68 290 16 68 483 151735 1 7066663 102936 1.6 18 11 6 12 62%  76 98502 144 106%
c - 257.18 291 16 68 484 152155 1 7088640 103281 1.6 18 11 6 12 64%  76 98502 144 106%
c - 257.59 290 15 68 485 152232 1 7110640 101055 1.5 17 11 6 12 67%  76 98502 144 106%
c u 257.96 291 15 68 485 152773 1 7114659 103781 1.5 17 11 6 12 66%  76 98502 144 106%
c v 258.15 291 15 68 485 152773 1 7114659 85485 1.5 17 11 6 12 66%  77 98502 144 106%
c w 258.22 291 15 68 485 152773 1 7114659 85436 1.5 17 11 6 12 66%  77 98502 144 106%
c x 258.35 291 15 68 485 152773 1 7114659 85402 1.5 17 11 6 12 66%  78 97692 144 106%
c t 259.10 293 15 68 485 152773 1 7114659 85402 1.5 17 11 6 12 66%  76 97692 144 106%
c f 259.10 293 15 68 485 152773 1 7114659 85402 1.5 17 11 6 12 66%  77 97674 145 107%
c u 259.27 292 15 68 485 152773 1 7114659 84543 1.5 17 11 6 12 66%  77 97674 145 107%
c v 259.44 292 15 68 485 152773 1 7114659 84076 1.5 17 11 6 12 66%  77 97674 145 107%
c w 259.51 292 15 68 485 152773 1 7114659 84031 1.5 17 11 6 12 66%  77 97674 145 107%
c x 259.65 292 15 68 485 152773 1 7114659 84028 1.5 17 11 6 12 66%  77 97294 145 107%
c - 260.26 292 15 68 486 153536 1 7132662 88651 1.5 17 11 6 12 65%  77 97294 145 107%
c - 261.11 293 15 68 487 154607 1 7154707 100515 1.5 17 11 6 12 65%  77 97294 145 107%
c - 262.07 292 16 68 488 156197 2 7176775 104241 1.6 17 11 6 12 65%  77 97294 145 107%
c } 262.21 291 16 69 488 156401 2 7180936 107497 1.6 17 11 6 12 65%  77 97294 145 107%
c [ 262.21 291 26 69 488 156401 1 7180936 107497 1.4 25 18 10 20 68%  77 97294 145 107%
c O 262.21 291 26 69 488 156401 1 7180936 107497 1.4 25 18 10 20 68%  77 97294 145 107%
c
c seconds     switched       rate            size/glue  tier1     binary       remaining
c          MB   reductions      conflicts          size    tier2     irredundant
c           level      restarts        redundant      glue     trail       variables
c
c - 262.70 292 24 69 489 156412 1 7198865 105160 1.5 25 17 10 20 69%  77 97294 145 107%
c - 263.37 292 23 69 490 156421 1 7220978 104041 1.5 24 16 10 20 71%  77 97294 145 107%
c - 264.09 292 22 69 491 156430 1 7243113 103640 1.5 24 15 10 20 71%  77 97294 145 107%
c - 264.72 292 21 69 492 156433 1 7265273 106446 1.6 23 15 10 20 70%  77 97294 145 107%
c - 265.37 293 21 69 493 156445 1 7287454 107790 1.6 23 15 10 20 71%  77 97294 145 107%
c o 265.38 293 21 69 493 156446 1 7287980 108284 1.6 23 15 10 20 71%  77 97294 145 107%
c - 265.83 292 22 69 494 156454 1 7309658 106002 1.6 24 15 10 20 71%  77 97294 145 107%
c - 266.23 293 24 69 495 156462 1 7331886 102654 1.6 25 16 10 20 70%  77 97294 145 107%
c s 267.00 294 24 69 495 156462 1 7334473 104806 1.6 25 16 10 20 70%  77 96867 145 107%
c e 267.00 291 24 69 495 156462 1 7334473 104806 1.6 25 16 10 20 70%  76 96867 144 106%
c s 267.02 291 24 69 495 156462 1 7334473 104806 1.6 25 16 10 20 70%  76 96862 144 106%
c - 267.48 293 25 69 496 156463 1 7354134 102457 1.5 25 16 10 20 68%  76 96862 144 106%
c - 268.00 293 25 69 497 156463 1 7376407 102810 1.5 25 17 10 20 66%  76 96862 144 106%
c u 268.32 303 26 69 497 156467 1 7384942 109977 1.5 25 17 10 20 66%  76 96862 144 106%
c v 268.49 305 26 69 497 156467 1 7384942 109768 1.5 25 17 10 20 66%  76 96862 144 106%
c w 268.57 307 26 69 497 156467 1 7384942 109644 1.5 25 17 10 20 66%  76 96862 144 106%
c x 268.70 307 26 69 497 156467 1 7384942 109630 1.5 25 17 10 20 66%  76 96549 144 106%
c - 269.10 293 26 69 498 156475 1 7398700 104670 1.5 25 17 10 20 66%  76 96549 144 106%
c - 269.72 293 26 69 499 156484 1 7421018 105563 1.5 26 17 10 20 66%  76 96549 144 106%
c - 270.25 292 26 69 500 156493 1 7443356 110626 1.5 25 17 10 20 66%  76 96549 144 106%
c
c seconds     switched       rate            size/glue  tier1     binary       remaining
c          MB   reductions      conflicts          size    tier2     irredundant
c           level      restarts        redundant      glue     trail       variables
c
c - 270.78 292 26 69 501 156496 1 7465716 111218 1.5 25 17 10 20 66%  76 96549 144 106%
c - 271.45 292 26 69 502 156508 1 7488100 110797 1.5 25 17 10 20 66%  76 96549 144 106%
c B 271.70 292 26 69 502 156509 1 7495518 117142 1.5 25 17 10 20 66%  76 96549 144 106%
c - 272.03 293 27 69 503 156517 1 7510508 112164 1.5 25 17 10 20 67%  76 96549 144 106%
c ] 272.09 290 27 70 503 156519 1 7512754 114214 1.5 25 17 10 20 67%  76 96549 144 106%
c { 272.09 290 16 70 503 156519 2 7512754 114214 1.6 17 11 6 12 65%  76 96549 144 106%
c - 272.79 293 16 70 504 156749 1 7532937 113549 1.6 18 11 6 12 64%  76 96549 144 106%
c - 273.39 293 16 70 505 156797 1 7555387 114823 1.6 18 11 6 12 66%  76 96549 144 106%
c - 274.04 292 16 70 506 157050 1 7577861 117245 1.7 18 11 6 12 67%  76 96549 144 106%
c - 274.80 292 15 70 507 157307 1 7600355 119038 1.7 18 11 6 12 68%  76 96549 144 106%
c - 275.50 293 15 70 508 157564 1 7622872 119217 1.7 18 10 6 12 67%  76 96549 144 106%
c o 276.05 293 15 70 508 158004 1 7638086 131441 1.7 18 10 6 12 66%  76 96549 144 106%
c - 276.35 292 14 70 509 158202 1 7645411 120692 1.7 18 10 6 12 66%  76 96549 144 106%
c u 277.10 293 14 70 509 158541 1 7660778 132289 1.7 18 10 6 12 66%  77 96549 144 106%
c v 277.31 293 14 70 509 158541 1 7660778 131925 1.7 18 10 6 12 66%  77 96549 144 106%
c w 277.38 293 14 70 509 158541 1 7660778 131741 1.7 18 10 6 12 66%  77 96549 144 106%
c x 277.52 304 14 70 509 158541 1 7660778 131729 1.7 18 10 6 12 66%  77 96247 144 106%
c - 277.85 292 14 70 510 158716 1 7667973 120704 1.7 18 10 6 12 67%  77 96247 144 106%
c - 278.76 292 14 70 511 159422 1 7690556 122460 1.7 18 10 6 12 66%  77 96247 144 106%
c - 279.65 292 14 70 512 160352 1 7713162 123958 1.7 18 10 6 12 64%  78 96247 144 106%
c
c seconds     switched       rate            size/glue  tier1    binary       remaining
c          MB   reductions      conflicts          size   tier2     irredundant
c           level      restarts        redundant      glue    trail       variables
c
c - 280.51 292 14 70 513 161030 1 7735789 124829 1.7 17 10 6 12 64%  78 96247 144 106%
c - 281.53 292 14 70 514 161772 1 7758439 125125 1.7 17 10 6 12 64%  78 96247 144 106%
c } 281.81 292 14 71 514 161875 1 7768081 133806 1.7 17 10 6 12 64%  78 96247 144 106%
c [ 281.81 292 27 71 514 161875 1 7768081 133806 1.5 25 17 10 20 67%  78 96247 144 106%
c - 282.10 293 26 71 515 161882 1 7781110 127319 1.5 24 16 10 20 68%  78 96247 144 106%
c - 282.70 293 24 71 516 161892 1 7803806 124829 1.5 23 15 10 20 70%  78 96247 144 106%
c W 283.18 289 22 71 516 161901 1 7819594 136619 1.5 22 14 10 20 71%  78 96247 144 106%
c - 283.45 293 23 71 517 161904 1 7826524 125036 1.5 23 15 10 20 72%  78 96247 144 106%
c - 284.12 293 24 71 518 161905 1 7849264 119736 1.5 24 16 10 20 71%  78 96247 144 106%
c - 284.70 293 26 71 519 161919 1 7872023 112982 1.4 24 17 10 20 70%  78 96247 144 106%
c - 285.40 293 26 71 520 161927 1 7894805 110027 1.4 25 18 10 20 70%  78 96247 144 106%
c - 286.03 293 27 71 521 161936 1 7917611 112692 1.4 25 18 10 20 69%  78 96247 144 106%
c - 286.61 293 27 71 522 161937 1 7940436 113777 1.4 26 19 10 20 69%  78 96247 144 106%
c u 286.83 304 27 71 522 161937 1 7942168 114798 1.4 26 19 10 20 70%  78 96247 144 106%
c v 287.03 305 27 71 522 161937 1 7942168 114223 1.4 26 19 10 20 70%  78 96247 144 106%
c w 287.12 306 27 71 522 161937 1 7942168 113434 1.4 26 19 10 20 70%  78 96247 144 106%
c x 287.27 307 27 71 522 161937 1 7942168 113431 1.4 26 19 10 20 70%  78 95751 144 106%
c f 287.28 293 27 71 522 161937 1 7942168 113431 1.4 26 19 10 20 70%  79 95732 145 107%
c u 287.48 292 27 71 522 161937 1 7942168 112825 1.4 26 19 10 20 70%  81 95732 145 107%
c v 287.67 293 27 71 522 161937 1 7942168 112422 1.4 26 19 10 20 70%  81 95732 145 107%
c
c seconds     switched       rate            size/glue  tier1     binary       remaining
c          MB   reductions      conflicts          size    tier2     irredundant
c           level      restarts        redundant      glue     trail       variables
c
c w 287.76 293 27 71 522 161937 1 7942168 112230 1.4 26 19 10 20 70%  81 95732 145 107%
c x 287.91 292 27 71 522 161937 1 7942168 112203 1.4 26 19 10 20 70%  82 95121 145 107%
c t 287.92 293 27 71 522 161937 1 7942168 112203 1.4 26 19 10 20 70%  81 95121 145 107%
c - 288.36 293 28 71 523 161937 1 7963283 113187 1.4 26 19 10 20 70%  81 95121 145 107%
c - 288.97 293 28 71 524 161949 1 7986152 112673 1.4 26 19 10 20 70%  81 95121 145 107%
c - 289.71 292 28 71 525 161958 1 8009043 112127 1.4 26 19 10 20 70%  81 95121 145 107%
c - 290.38 292 28 71 526 161967 1 8031956 110329 1.3 26 19 10 20 70%  81 95121 145 107%
c - 290.96 292 28 71 527 161971 1 8054890 112028 1.3 26 19 10 20 70%  81 95121 145 107%
c s 291.84 292 28 71 527 161978 1 8067421 122792 1.4 26 19 10 20 69%  81 93816 145 107%
c e 291.84 293 28 71 527 161978 1 8067421 122792 1.4 26 19 10 20 69%  75 93851 142 104%
c s 291.86 293 28 71 527 161978 1 8067421 122792 1.4 26 19 10 20 69%  75 93841 142 104%
c o 291.86 293 28 71 527 161978 1 8067421 122490 1.4 26 19 10 20 69%  75 93841 142 104%
c - 292.21 293 28 71 528 161983 1 8077846 116965 1.4 26 19 10 20 69%  75 93841 142 104%
c - 292.99 293 28 71 529 161993 1 8100824 116883 1.4 26 19 10 20 67%  75 93841 142 104%
c ] 293.48 293 28 72 529 161998 1 8117272 130477 1.4 26 19 10 20 67%  75 93841 142 104%
c { 293.48 293 14 72 529 161998 1 8117272 130477 1.7 17 10 6 12 64%  75 93841 142 104%
c - 293.89 292 14 72 530 163005 1 8123826 115381 1.7 17 10 6 12 64%  75 93841 142 104%
c - 295.22 292 15 72 531 165809 1 8146847 115542 1.6 18 11 6 12 63%  75 93841 142 104%
c - 296.42 293 16 72 532 167999 2 8169890 117697 1.6 18 11 6 12 62%  75 93841 142 104%
c - 297.48 292 17 72 533 169771 2 8192960 119445 1.6 18 11 6 12 62%  75 93841 142 104%
c
c seconds     switched       rate            size/glue  tier1    binary       remaining
c          MB   reductions      conflicts          size   tier2     irredundant
c           level      restarts        redundant      glue    trail       variables
c
c - 298.64 292 17 72 534 171388 2 8216046 120893 1.6 18 12 6 12 61%  75 93841 142 104%
c u 299.43 304 17 72 534 172057 2 8229117 131694 1.6 19 12 6 12 61%  75 93841 142 104%
c v 299.67 305 17 72 534 172057 2 8229117 131213 1.6 19 12 6 12 61%  75 93841 142 104%
c w 299.76 306 17 72 534 172057 2 8229117 131104 1.6 19 12 6 12 61%  75 93841 142 104%
c x 299.93 308 17 72 534 172057 2 8229117 131093 1.6 19 12 6 12 61%  75 93738 142 104%
c f 299.94 293 17 72 534 172057 2 8229117 131093 1.6 19 12 6 12 61%  77 93714 143 105%
c u 300.18 293 17 72 534 172057 2 8229117 130679 1.6 19 12 6 12 61%  77 93714 143 105%
c v 300.42 293 17 72 534 172057 2 8229117 130448 1.6 19 12 6 12 61%  77 93714 143 105%
c w 300.51 293 17 72 534 172057 2 8229117 130407 1.6 19 12 6 12 61%  77 93714 143 105%
c x 300.68 306 17 72 534 172057 2 8229117 130391 1.6 19 12 6 12 61%  77 93177 143 105%
c - 301.23 293 17 72 535 172780 2 8239154 121068 1.6 19 12 6 12 61%  77 93177 143 105%
c - 302.09 292 17 72 536 173619 2 8262284 121719 1.6 19 12 6 12 62%  77 93177 143 105%
c - 302.81 293 16 72 537 173804 2 8285436 120208 1.6 18 11 6 12 63%  77 93177 143 105%
c - 303.61 292 17 72 538 174729 2 8308610 120991 1.7 19 11 6 12 63%  77 93177 143 105%
c - 304.56 293 17 72 539 176082 2 8331805 122824 1.6 18 11 6 12 62%  77 93177 143 105%
c - 305.52 292 16 72 540 177128 2 8355021 123825 1.6 18 11 6 12 62%  77 93177 143 105%
c - 306.37 292 17 72 541 178002 2 8378259 124418 1.7 19 11 6 12 63%  77 93177 143 105%
c } 306.67 292 16 73 541 178232 2 8386190 130401 1.7 19 11 6 12 63%  77 93177 143 105%
c [ 306.67 292 28 73 541 178232 1 8386190 130401 1.4 26 19 10 20 67%  77 93177 143 105%
c I 306.67 292 28 73 541 178232 1 8386190 130401 1.4 26 19 10 20 67%  77 93177 143 105%
c
c seconds     switched       rate            size/glue  tier1     binary       remaining
c          MB   reductions      conflicts          size    tier2     irredundant
c           level      restarts        redundant      glue     trail       variables
c
c - 307.09 293 27 73 542 178241 1 8401518 124211 1.4 26 19 10 20 68%  77 93177 143 105%
c - 307.61 293 28 73 543 178251 1 8424799 125878 1.4 25 18 10 20 70%  77 93177 143 105%
c - 308.34 293 26 73 544 178261 1 8448102 126759 1.4 25 17 10 20 68%  77 93177 143 105%
c o 308.86 292 26 73 544 178264 1 8470088 145666 1.5 24 17 10 20 69%  77 93177 143 105%
c - 308.92 293 26 73 545 178265 1 8471425 127239 1.5 24 17 10 20 69%  77 93177 143 105%
c - 309.46 293 26 73 546 178277 1 8494772 122577 1.4 25 17 10 20 69%  77 93177 143 105%
c - 310.02 293 26 73 547 178287 1 8518138 115946 1.4 24 17 10 20 67%  77 93177 143 105%
c u 310.30 302 26 73 547 178290 1 8521692 118287 1.4 24 17 10 20 67%  77 93177 143 105%
c v 310.51 304 26 73 547 178290 1 8521692 117688 1.4 24 17 10 20 67%  77 93177 143 105%
c w 310.61 305 26 73 547 178290 1 8521692 115764 1.4 24 17 10 20 67%  77 93177 143 105%
c x 310.74 306 26 73 547 178290 1 8521692 115764 1.4 24 17 10 20 67%  77 93137 143 105%
c f 310.75 293 26 73 547 178290 1 8521692 115764 1.4 24 17 10 20 67%  79 93115 144 106%
c u 310.96 303 26 73 547 178290 1 8521692 115344 1.4 24 17 10 20 67%  79 93115 144 106%
c v 311.16 304 26 73 547 178290 1 8521692 114892 1.4 24 17 10 20 67%  79 93115 144 106%
c w 311.26 305 26 73 547 178290 1 8521692 113904 1.4 24 17 10 20 67%  79 93115 144 106%
c x 311.39 306 26 73 547 178290 1 8521692 113904 1.4 24 17 10 20 67%  79 93046 144 106%
c t 311.40 306 26 73 547 178290 1 8521692 113904 1.4 24 17 10 20 67%  78 93046 144 106%
c - 311.97 293 25 73 548 178293 1 8541526 110675 1.4 24 17 10 20 66%  78 93046 144 106%
c - 312.61 292 24 73 549 178294 1 8564935 114377 1.4 24 17 10 20 66%  78 93046 144 106%
c - 313.33 292 24 73 550 178297 1 8588367 118694 1.4 24 16 10 20 66%  78 93046 144 106%
c
c seconds     switched       rate            size/glue  tier1    binary       remaining
c          MB   reductions      conflicts          size   tier2     irredundant
c           level      restarts        redundant      glue    trail       variables
c
c - 314.11 293 23 73 551 178309 1 8611820 122217 1.4 23 16 9 20 65%  78 93046 144 106%
c - 314.81 292 23 73 552 178320 1 8635293 121237 1.4 23 16 9 20 64%  78 93046 144 106%
c - 315.44 292 23 73 553 178325 1 8658792 121394 1.4 23 16 9 20 66%  78 93046 144 106%
c - 316.11 293 23 73 554 178334 1 8682308 125128 1.5 23 16 9 20 66%  78 93046 144 106%
c - 316.92 293 22 73 555 178344 1 8705847 124968 1.5 23 15 9 20 66%  78 93046 144 106%
c - 317.68 292 22 73 556 178355 1 8729405 125716 1.5 23 15 9 20 66%  78 93046 144 106%
c B 317.68 292 22 73 556 178355 1 8729561 125838 1.5 23 15 9 20 66%  78 93046 144 106%
c - 318.18 292 24 73 557 178357 1 8752984 121059 1.5 23 16 9 20 68%  78 93046 144 106%
c - 318.71 292 25 73 558 178357 1 8776585 109536 1.4 24 17 9 20 68%  78 93046 144 106%
c - 319.28 292 26 73 559 178358 1 8800207 106051 1.4 25 18 9 20 68%  78 93046 144 106%
c u 319.98 303 26 73 559 178358 1 8819870 122041 1.4 25 18 9 20 69%  78 93046 144 106%
c v 320.16 305 26 73 559 178358 1 8819870 121363 1.4 25 18 9 20 69%  78 93046 144 106%
c w 320.25 309 26 73 559 178358 1 8819870 120856 1.4 25 18 9 20 69%  78 93046 144 106%
c x 320.37 310 26 73 559 178358 1 8819870 120845 1.4 25 18 9 20 69%  78 92806 144 106%
c - 320.47 292 26 73 560 178358 1 8823850 108956 1.4 25 18 9 20 69%  78 92806 144 106%
c ] 320.49 292 27 74 560 178358 1 8824715 109646 1.4 25 18 9 20 69%  78 92806 144 106%
c { 320.49 292 16 74 560 178358 2 8824715 109646 1.7 19 11 6 12 63%  78 92806 144 106%
c s 321.86 292 16 74 560 179635 2 8842349 123443 1.6 18 11 6 12 63%  78 92078 144 106%
c e 321.86 292 16 74 560 179635 2 8842349 123443 1.6 18 11 6 12 63%  77 92080 143 105%
c - 322.13 293 16 74 561 180029 2 8847515 115804 1.6 18 11 6 12 62%  77 92080 143 105%
c
c seconds     switched       rate            size/glue  tier1    binary       remaining
c          MB   reductions      conflicts          size   tier2     irredundant
c           level      restarts        redundant      glue    trail       variables
c
c o 322.29 292 16 74 561 180160 2 8851624 119099 1.6 18 11 6 12 62%  77 92080 143 105%
c - 323.07 292 17 74 562 180950 2 8871203 115719 1.6 18 11 6 12 63%  77 92080 143 105%
c - 323.98 293 16 74 563 181655 2 8894909 114763 1.6 18 11 6 12 63%  77 92080 143 105%
c - 325.04 292 17 74 564 183145 2 8918636 115921 1.6 19 11 6 12 62%  77 92080 143 105%
c - 326.06 292 17 74 565 184259 2 8942384 117060 1.6 18 11 6 12 63%  77 92080 143 105%
c - 326.96 293 16 74 566 185335 2 8966153 115922 1.6 18 11 6 12 64%  77 92080 143 105%
c - 327.83 293 16 74 567 186282 2 8989944 116728 1.6 18 11 6 12 64%  77 92080 143 105%
c - 328.97 292 16 74 568 188101 2 9013756 118096 1.6 18 12 6 12 63%  77 92080 143 105%
c - 329.96 292 16 74 569 189394 2 9037589 118254 1.6 18 12 6 12 63%  77 92080 143 105%
c - 330.86 292 16 74 570 190242 2 9061442 117739 1.6 18 11 6 12 64%  77 92080 143 105%
c - 331.86 292 16 74 571 191382 2 9085317 117281 1.6 18 11 6 12 63%  78 92080 143 105%
c } 332.82 292 16 75 571 192723 2 9107539 134374 1.6 18 12 6 12 63%  78 92080 143 105%
c [ 332.82 292 27 75 571 192723 1 9107539 134374 1.4 25 18 9 20 69%  78 92080 143 105%
c W 332.86 289 27 75 571 192723 1 9107539 134374 1.4 25 18 9 20 69%  78 92080 143 105%
c - 332.89 292 27 75 572 192724 1 9109212 116529 1.4 25 18 9 20 69%  78 92080 143 105%
c u 333.43 302 27 75 572 192732 1 9123677 126374 1.4 26 19 9 20 69%  78 92080 143 105%
c v 333.70 304 27 75 572 192732 1 9123677 125830 1.4 26 19 9 20 69%  78 92080 143 105%
c w 333.81 305 27 75 572 192732 1 9123677 125693 1.4 26 19 9 20 69%  78 92080 143 105%
c x 334.00 306 27 75 572 192732 1 9123677 125681 1.4 26 19 9 20 69%  78 91685 143 105%
c f 334.01 293 27 75 572 192732 1 9123677 125681 1.4 26 19 9 20 69%  80 91663 144 106%
c
c seconds     switched       rate            size/glue  tier1    binary       remaining
c          MB   reductions      conflicts          size   tier2     irredundant
c           level      restarts        redundant      glue    trail       variables
c
c u 334.25 293 27 75 572 192732 1 9123677 124340 1.4 26 19 9 20 69%  81 91663 144 106%
c v 334.52 302 27 75 572 192732 1 9123677 123649 1.4 26 19 9 20 69%  81 91663 144 106%
c w 334.64 304 27 75 572 192732 1 9123677 121031 1.4 26 19 9 20 69%  81 91663 144 106%
c x 334.82 305 27 75 572 192732 1 9123677 121028 1.4 26 19 9 20 69%  81 91389 144 106%
c t 334.83 305 27 75 572 192732 1 9123677 121028 1.4 26 19 9 20 69%  79 91389 144 106%
c - 335.02 292 27 75 573 192737 1 9133130 105162 1.4 26 19 9 20 68%  79 91389 144 106%
c - 335.58 292 28 75 574 192747 1 9157067 100229 1.3 26 19 10 20 67%  79 91389 144 106%
c - 336.37 293 28 75 575 192753 1 9181025 106284 1.3 26 19 10 20 67%  79 91389 144 106%
c - 337.13 293 28 75 576 192762 1 9205004 109882 1.4 26 19 10 20 66%  79 91389 144 106%
c - 337.94 293 27 75 577 192772 1 9229004 113451 1.4 26 19 10 20 66%  79 91389 144 106%
c - 338.69 292 27 75 578 192783 1 9253024 115326 1.4 26 19 10 20 66%  79 91389 144 106%
c - 339.50 292 27 75 579 192785 1 9277065 114515 1.3 26 19 10 20 66%  79 91389 144 106%
c - 340.25 293 27 75 580 192785 1 9301127 114936 1.3 26 20 10 20 66%  79 91389 144 106%
c - 340.92 292 27 75 581 192797 1 9325210 117193 1.3 26 20 10 20 66%  79 91389 144 106%
c - 341.78 293 27 75 582 192806 1 9349313 118479 1.3 26 19 10 20 67%  79 91389 144 106%
c - 342.78 293 27 75 583 192815 1 9373439 119996 1.3 26 19 10 20 67%  79 91389 144 106%
c - 343.65 292 26 75 584 192822 1 9397585 121084 1.3 26 19 10 20 67%  79 91389 144 106%
c - 344.39 293 26 75 585 192831 1 9421751 124614 1.4 26 19 10 20 68%  79 91389 144 106%
c u 344.90 303 26 75 585 192838 1 9433136 133018 1.4 26 19 10 20 67%  79 91389 144 106%
c v 345.13 306 26 75 585 192838 1 9433136 132234 1.4 26 19 10 20 67%  79 91389 144 106%
c
c seconds     switched       rate            size/glue  tier1     binary       remaining
c          MB   reductions      conflicts          size    tier2     irredundant
c           level      restarts        redundant      glue     trail       variables
c
c w 345.23 310 26 75 585 192838 1 9433136 125728 1.4 26 19 10 20 67%  79 91389 144 106%
c x 345.38 311 26 75 585 192838 1 9433136 125728 1.4 26 19 10 20 67%  79 91313 144 106%
c o 345.39 311 26 75 585 192838 1 9433136 125728 1.4 26 19 10 20 67%  79 91313 144 106%
c - 345.75 292 27 75 586 192845 1 9445940 118333 1.4 25 19 10 20 67%  79 91313 144 106%
c - 346.55 292 27 75 587 192847 1 9470147 114579 1.4 26 19 10 20 67%  79 91313 144 106%
c O 346.57 293 27 75 587 192847 1 9470609 114986 1.4 26 19 10 20 67%  79 91313 144 106%
c - 347.31 293 25 75 588 192848 1 9494375 116454 1.4 25 18 10 20 68%  79 91313 144 106%
c ] 347.34 293 25 76 588 192848 1 9495263 117226 1.4 25 18 10 20 68%  79 91313 144 106%
c { 347.34 293 16 76 588 192848 2 9495263 117226 1.6 18 12 6 12 63%  79 91313 144 106%
c - 348.33 293 17 76 589 194041 2 9518625 119387 1.6 19 12 6 12 63%  79 91313 144 106%
c - 349.37 293 17 76 590 195010 2 9542895 119476 1.6 18 11 6 12 64%  79 91313 144 106%
c - 350.48 293 17 76 591 196244 2 9567184 121089 1.6 19 12 6 12 63%  79 91313 144 106%
c - 351.55 293 17 76 592 197767 2 9591494 123095 1.6 19 12 6 12 63%  79 91313 144 106%
c - 352.76 293 18 76 593 199470 2 9615826 124277 1.6 19 12 6 12 63%  79 91313 144 106%
c - 353.69 293 18 76 594 200321 2 9640177 125163 1.7 20 12 6 12 63%  79 91313 144 106%
c s 354.92 292 18 76 594 200939 2 9659986 141820 1.7 20 12 6 12 64%  79 90856 144 106%
c e 354.92 292 18 76 594 200939 2 9659986 141820 1.7 20 12 6 12 64%  73 90892 141 104%
c s 354.94 292 18 76 594 200939 2 9659986 141820 1.7 20 12 6 12 64%  73 90874 141 104%
c - 355.20 293 18 76 595 201240 2 9664549 126467 1.7 20 12 6 12 64%  73 90874 141 104%
c - 356.17 293 18 76 596 202224 2 9688941 125491 1.7 20 12 6 12 65%  73 90874 141 104%
c
c seconds     switched       rate            size/glue  tier1    binary       remaining
c          MB   reductions      conflicts          size   tier2     irredundant
c           level      restarts        redundant      glue    trail       variables
c
c - 356.98 293 17 76 597 202714 2 9713356 125034 1.7 19 12 6 12 65%  73 90874 141 104%
c - 358.06 293 17 76 598 203943 2 9737791 125285 1.7 19 12 6 12 65%  73 90874 141 104%
c u 358.68 305 17 76 598 204160 2 9748249 132695 1.7 19 11 6 12 65%  73 90874 141 104%
c v 358.98 307 17 76 598 204160 2 9748249 132359 1.7 19 11 6 12 65%  73 90874 141 104%
c w 359.08 307 17 76 598 204160 2 9748249 132228 1.7 19 11 6 12 65%  73 90874 141 104%
c x 359.27 291 17 76 598 204160 2 9748249 132228 1.7 19 11 6 12 65%  74 90783 141 104%
c f 359.99 293 17 76 598 204160 2 9748249 132228 1.7 19 11 6 12 65%  77 90761 142 104%
c u 360.24 295 17 76 598 204160 2 9748249 131532 1.7 19 11 6 12 65%  80 90761 142 104%
c v 360.53 304 17 76 598 204160 2 9748249 130587 1.7 19 11 6 12 65%  80 90761 142 104%
c w 360.63 306 17 76 598 204160 2 9748249 130047 1.7 19 11 6 12 65%  80 90761 142 104%
c x 360.83 294 17 76 598 204160 2 9748249 130032 1.7 19 11 6 12 65%  84 90527 142 104%
c t 360.84 294 17 76 598 204160 2 9748249 130032 1.7 19 11 6 12 65%  81 90527 142 104%
c - 361.40 294 17 76 599 204668 2 9762247 125049 1.7 19 11 6 12 64%  81 90527 142 104%
c - 362.42 294 17 76 600 206036 2 9786723 127274 1.7 19 12 6 12 64%  81 90527 142 104%
c } 362.71 293 18 77 600 206406 2 9792315 131837 1.7 19 12 6 12 64%  81 90527 142 104%
c [ 362.71 293 25 77 600 206406 1 9792315 131837 1.4 25 18 10 20 68%  81 90527 142 104%
c - 363.31 294 23 77 601 206418 1 9811217 127721 1.4 24 17 10 20 69%  81 90527 142 104%
c - 364.20 295 21 77 602 206427 1 9835732 124983 1.5 22 15 9 20 69%  82 90527 142 104%
c B 364.39 293 21 77 602 206432 1 9843680 132135 1.5 22 15 9 20 70%  82 90527 142 104%
c o 364.40 294 21 77 602 206432 1 9843680 132135 1.5 22 15 9 20 70%  82 90527 142 104%
c
c seconds     switched       rate            size/glue  tier1    binary       remaining
c          MB   reductions      conflicts          size   tier2     irredundant
c           level      restarts        redundant      glue    trail       variables
c
c - 364.79 294 22 77 603 206436 1 9860267 125139 1.5 23 16 9 20 69%  82 90527 142 104%
c - 365.41 294 24 77 604 206443 1 9884824 124814 1.4 23 16 9 20 68%  82 90527 142 104%
c - 366.09 294 25 77 605 206452 1 9909403 126160 1.4 24 17 9 20 69%  82 90527 142 104%
c - 366.95 294 25 77 606 206466 1 9933999 125997 1.4 24 17 9 20 68%  82 90527 142 104%
c - 367.68 294 25 77 607 206468 1 9958619 128901 1.4 24 17 9 20 68%  82 90527 142 104%
c - 368.39 294 25 77 608 206468 1 9983258 134494 1.4 24 17 9 20 69%  82 90527 142 104%
c - 369.07 295 25 77 609 206478 1 10007915 135240 1.4 24 17 9 20 69%  82 90527 142 104%
c - 369.79 295 26 77 610 206489 1 10032592 131392 1.4 25 18 9 20 69%  82 90527 142 104%
c - 370.61 295 26 77 611 206498 1 10057290 130029 1.4 25 18 9 20 69%  82 90527 142 104%
c u 371.16 308 26 77 611 206499 1 10069055 139387 1.4 25 18 9 20 68%  82 90527 142 104%
c v 371.39 310 26 77 611 206499 1 10069055 138831 1.4 25 18 9 20 68%  82 90527 142 104%
c w 371.50 313 26 77 611 206499 1 10069055 138377 1.4 25 18 9 20 68%  82 90527 142 104%
c x 371.66 313 26 77 611 206499 1 10069055 138376 1.4 25 18 9 20 68%  82 90244 142 104%
c - 372.03 294 26 77 612 206505 1 10082009 131425 1.4 25 18 9 20 68%  82 90244 142 104%
c - 372.87 295 26 77 613 206514 1 10106747 129305 1.4 25 18 9 20 69%  82 90244 142 104%
c - 373.79 295 27 77 614 206528 1 10131505 130901 1.4 26 19 9 20 68%  82 90244 142 104%
c - 374.46 295 27 77 615 206530 1 10156286 130108 1.4 26 19 9 20 69%  82 90244 142 104%
c - 374.99 295 28 77 616 206531 1 10181085 127760 1.4 26 19 9 20 69%  82 90244 142 104%
c - 375.72 295 28 77 617 206532 1 10205905 126878 1.4 26 19 9 20 69%  82 90244 142 104%
c ] 375.89 295 28 78 617 206532 1 10211044 131110 1.4 26 19 9 20 69%  82 90244 142 104%
c
c seconds     switched       rate             size/glue  tier1    binary       remaining
c          MB   reductions      conflicts           size   tier2     irredundant
c           level      restarts         redundant      glue    trail       variables
c
c { 375.89 295 18 78 617 206532 2 10211044 131110 1.7 19 12 6 12 64%  82 90244 142 104%
c - 376.72 295 18 78 618 207355 2 10230744 131181 1.7 20 11 6 12 64%  82 90244 142 104%
c o 377.91 294 18 78 618 208846 2 10254747 151451 1.7 20 12 6 12 64%  82 90244 142 104%
c - 377.99 295 18 78 619 208953 2 10255603 134951 1.7 20 12 6 12 64%  82 90244 142 104%
c - 378.78 295 17 78 620 209184 2 10280485 120774 1.7 20 11 5 12 65%  82 90244 142 104%
c - 379.56 295 17 78 621 209721 1 10305385 114297 1.7 19 11 5 12 66%  82 90244 142 104%
c - 380.31 295 16 78 622 210437 1 10330307 113868 1.7 19 11 5 12 68%  82 90244 142 104%
c - 381.04 295 16 78 623 211034 1 10355248 114967 1.7 18 11 5 12 70%  82 90244 142 104%
c - 382.10 295 16 78 624 212961 2 10380209 116049 1.6 18 11 5 12 68%  82 90244 142 104%
c u 382.75 306 16 78 624 213196 1 10395545 126035 1.6 18 11 5 12 68%  82 90244 142 104%
c v 382.99 308 16 78 624 213196 1 10395545 125552 1.6 18 11 5 12 68%  82 90244 142 104%
c w 383.08 308 16 78 624 213196 1 10395545 125483 1.6 18 11 5 12 68%  82 90244 142 104%
c x 383.25 309 16 78 624 213196 1 10395545 125480 1.6 18 11 5 12 68%  82 90175 142 104%
c - 383.73 295 16 78 625 213864 2 10405191 114408 1.6 18 11 5 12 67%  82 90175 142 104%
c - 384.75 295 16 78 626 215037 2 10430191 115583 1.6 18 11 5 12 66%  82 90175 142 104%
c - 385.60 295 16 78 627 215726 1 10455212 114712 1.6 17 11 5 12 67%  82 90175 142 104%
c - 386.45 295 16 78 628 216592 1 10480252 115530 1.6 18 11 5 12 67%  82 90175 142 104%
c - 387.16 295 15 78 629 216867 1 10505315 115020 1.6 17 11 5 12 69%  82 90175 142 104%
c s 388.20 295 15 78 629 217930 1 10520975 127069 1.6 17 11 5 12 69%  82 89769 142 104%
c e 388.20 295 15 78 629 217930 1 10520975 127069 1.6 17 11 5 12 69%  79 89792 140 103%
c
c seconds     switched       rate             size/glue  tier1    binary       remaining
c          MB   reductions      conflicts           size   tier2     irredundant
c           level      restarts         redundant      glue    trail       variables
c
c s 388.21 295 15 78 629 217930 1 10520975 127069 1.6 17 11 5 12 69%  79 89781 140 103%
c } 388.33 294 15 79 629 218160 1 10522635 127191 1.6 17 11 5 12 68%  79 89781 140 103%
c [ 388.33 294 28 79 629 218160 1 10522635 127191 1.4 26 19 9 20 69%  79 89781 140 103%
c W 388.34 295 28 79 629 218160 1 10522635 127191 1.4 26 19 9 20 69%  79 89781 140 103%
c - 388.52 295 28 79 630 218165 1 10530395 112024 1.3 26 19 9 20 69%  79 89781 140 103%
c - 389.01 295 29 79 631 218174 1 10555494 106734 1.3 26 20 9 20 68%  79 89781 140 103%
c - 389.69 295 29 79 632 218188 1 10580614 104142 1.3 26 20 9 20 68%  79 89781 140 103%
c - 390.36 295 28 79 633 218190 1 10605753 106253 1.3 26 19 9 20 68%  79 89781 140 103%
c - 391.09 295 28 79 634 218204 1 10630912 109323 1.4 26 19 9 20 69%  79 89781 140 103%
c - 391.78 295 28 79 635 218215 1 10656092 110213 1.4 26 19 9 20 70%  79 89781 140 103%
c - 392.59 295 27 79 636 218221 1 10681293 114544 1.4 25 18 9 20 69%  79 89781 140 103%
c - 393.21 295 26 79 637 218222 1 10706513 117692 1.4 25 18 9 20 70%  79 89781 140 103%
c u 393.90 307 27 79 637 218225 1 10727740 134599 1.4 25 18 9 20 71%  79 89781 140 103%
c v 394.12 309 27 79 637 218225 1 10727740 132831 1.4 25 18 9 20 71%  79 89781 140 103%
c w 394.23 312 27 79 637 218225 1 10727740 124845 1.4 25 18 9 20 71%  79 89781 140 103%
c x 394.39 313 27 79 637 218225 1 10727740 124842 1.4 25 18 9 20 71%  79 89711 140 103%
c f 394.40 295 27 79 637 218225 1 10727740 124842 1.4 25 18 9 20 71%  82 89674 142 104%
c u 394.59 295 27 79 637 218225 1 10727740 124201 1.4 25 18 9 20 71%  84 89674 142 104%
c v 394.80 302 27 79 637 218225 1 10727740 123384 1.4 25 18 9 20 71%  84 89674 142 104%
c w 394.91 307 27 79 637 218225 1 10727740 122266 1.4 25 18 9 20 71%  84 89674 142 104%
c
c seconds     switched       rate             size/glue  tier1    binary       remaining
c          MB   reductions      conflicts           size   tier2     irredundant
c           level      restarts         redundant      glue    trail       variables
c
c x 395.07 295 27 79 637 218225 1 10727740 122253 1.4 25 18 9 20 71%  85 89397 142 104%
c t 395.07 295 27 79 637 218225 1 10727740 122253 1.4 25 18 9 20 71%  84 89397 142 104%
c o 395.08 295 27 79 637 218225 1 10727740 122253 1.4 25 18 9 20 71%  84 89397 142 104%
c - 395.22 295 27 79 638 218228 1 10731751 109406 1.4 25 18 9 20 71%  84 89397 142 104%
c - 395.90 295 26 79 639 218238 1 10757009 111691 1.4 25 18 9 20 69%  84 89397 142 104%
c - 396.51 295 26 79 640 218252 1 10782288 113294 1.4 25 18 9 20 69%  84 89397 142 104%
c - 397.20 295 25 79 641 218254 1 10807588 115573 1.4 24 17 9 20 68%  84 89397 142 104%
c - 397.93 295 24 79 642 218268 1 10832906 112781 1.4 24 17 9 20 65%  84 89397 142 104%
c - 398.75 295 23 79 643 218280 1 10858245 112669 1.4 24 17 9 20 63%  84 89397 142 104%
c - 399.36 295 23 79 644 218284 1 10883602 117363 1.4 24 16 9 20 65%  84 89397 142 104%
c - 399.89 295 24 79 645 218285 1 10908980 115975 1.5 24 16 9 20 67%  84 89397 142 104%
c I 399.99 295 24 79 645 218285 1 10915998 122183 1.5 25 16 9 20 68%  84 89397 142 104%
c - 400.52 295 24 79 646 218286 1 10934378 116772 1.5 24 16 9 20 67%  84 89397 142 104%
c ] 401.14 294 23 80 646 218286 1 10956719 136245 1.5 24 16 9 20 67%  84 89397 142 104%
c { 401.14 294 15 80 646 218286 1 10956719 136245 1.6 17 11 5 12 68%  84 89397 142 104%
c - 401.27 295 15 80 647 218417 1 10959795 116502 1.6 17 11 5 12 68%  84 89397 142 104%
c - 402.60 295 16 80 648 220875 2 10985231 118701 1.6 18 11 5 12 66%  84 89397 142 104%
c - 403.76 295 16 80 649 222498 2 11010687 117247 1.6 18 11 5 12 65%  84 89397 142 104%
c - 405.00 295 17 80 650 224137 2 11036163 117897 1.6 19 12 5 12 65%  84 89397 142 104%
c - 405.91 295 17 80 651 224951 2 11061658 117273 1.6 19 11 5 12 65%  84 89397 142 104%
c
c seconds     switched       rate             size/glue  tier1    binary       remaining
c          MB   reductions      conflicts           size   tier2     irredundant
c           level      restarts         redundant      glue    trail       variables
c
c u 406.23 295 17 80 651 225030 2 11065657 119716 1.6 19 11 5 12 65%  84 89397 142 104%
c v 406.47 305 17 80 651 225030 2 11065657 119244 1.6 19 11 5 12 65%  84 89397 142 104%
c w 406.56 305 17 80 651 225030 2 11065657 119169 1.6 19 11 5 12 65%  84 89397 142 104%
c x 406.73 306 17 80 651 225030 2 11065657 119155 1.6 19 11 5 12 65%  84 88994 142 104%
c - 407.46 295 16 80 652 225613 2 11087172 115947 1.7 19 11 5 12 66%  84 88994 142 104%
c - 408.38 295 16 80 653 226701 2 11112708 116450 1.7 19 11 5 12 67%  84 88994 142 104%
c - 409.26 295 17 80 654 227690 2 11138262 116694 1.7 19 11 5 12 68%  84 88994 142 104%
c o 410.09 295 17 80 654 228787 2 11158258 132444 1.7 19 11 5 12 67%  84 88994 142 104%
c - 410.42 295 17 80 655 229357 2 11163837 116216 1.7 19 11 5 12 67%  84 88994 142 104%
c - 411.42 295 17 80 656 230424 2 11189430 116418 1.7 19 11 5 12 66%  84 88994 142 104%
c - 412.23 295 16 80 657 230947 2 11215044 115527 1.7 19 11 5 12 67%  84 88994 142 104%
c - 413.32 294 17 80 658 232487 2 11240678 115750 1.7 19 11 5 12 66%  84 88994 142 104%
c - 414.37 294 17 80 659 233916 2 11266330 117034 1.7 19 11 5 12 65%  84 88994 142 104%
c } 415.04 295 17 81 659 234622 2 11283164 130328 1.7 19 11 5 12 65%  84 88994 142 104%
c [ 415.04 295 23 81 659 234622 1 11283164 130328 1.5 24 16 9 20 67%  84 88994 142 104%
c - 415.23 295 24 81 660 234628 1 11292000 115822 1.5 24 16 9 20 68%  84 88994 142 104%
c - 415.66 295 25 81 661 234638 1 11317690 110793 1.5 25 17 9 20 67%  84 88994 142 104%
c B 415.70 296 25 81 661 234639 1 11319653 112459 1.5 25 17 9 20 67%  84 88994 142 104%
c - 416.30 295 27 81 662 234651 1 11343400 106266 1.4 25 18 9 20 68%  84 88994 142 104%
c - 417.04 295 28 81 663 234655 1 11369132 103756 1.4 25 18 9 20 67%  84 88994 142 104%
c
c seconds     switched       rate             size/glue  tier1    binary       remaining
c          MB   reductions      conflicts           size   tier2     irredundant
c           level      restarts         redundant      glue    trail       variables
c
c - 417.66 295 28 81 664 234667 1 11394882 104096 1.4 26 19 9 20 68%  84 88994 142 104%
c u 418.21 295 29 81 664 234674 1 11409338 114640 1.3 26 19 9 20 68%  84 88994 142 104%
c v 418.45 306 29 81 664 234674 1 11409338 113691 1.3 26 19 9 20 68%  84 88994 142 104%
c w 418.56 309 29 81 664 234674 1 11409338 113282 1.3 26 19 9 20 68%  84 88994 142 104%
c x 418.72 310 29 81 664 234674 1 11409338 113282 1.3 26 19 9 20 68%  84 88977 142 104%
c - 419.00 295 29 81 665 234680 1 11420651 103074 1.3 27 20 9 20 69%  84 88977 142 104%
c s 419.74 295 30 81 665 234682 1 11426000 107729 1.4 27 20 9 20 70%  84 88635 142 104%
c e 419.74 295 30 81 665 234682 1 11426000 107729 1.4 27 20 9 20 70%  82 88645 141 104%
c - 420.26 295 30 81 666 234683 1 11446439 105973 1.4 27 20 9 20 70%  82 88645 141 104%
c - 421.03 295 29 81 667 234684 1 11472245 110315 1.4 27 20 9 20 69%  82 88645 141 104%
c - 421.70 295 29 81 668 234692 1 11498074 115301 1.4 27 20 9 20 69%  82 88645 141 104%
c - 422.38 295 28 81 669 234703 1 11523921 113344 1.3 26 20 9 20 68%  82 88645 141 104%
c - 423.09 295 27 81 670 234714 1 11549787 113391 1.3 26 19 9 20 67%  82 88645 141 104%
c - 423.81 295 26 81 671 234721 1 11575671 118110 1.4 25 19 9 20 66%  82 88645 141 104%
c - 424.42 294 27 81 672 234730 1 11601574 117349 1.3 26 19 9 20 67%  82 88645 141 104%
c - 425.23 295 27 81 673 234744 1 11627498 113751 1.4 25 19 9 20 66%  82 88645 141 104%
c - 426.19 295 27 81 674 234747 1 11653441 112481 1.3 25 19 9 20 66%  82 88645 141 104%
c - 427.12 295 26 81 675 234747 1 11679402 111733 1.3 25 19 9 20 65%  82 88645 141 104%
c - 427.99 295 26 81 676 234748 1 11705382 115158 1.3 25 19 9 20 65%  82 88645 141 104%
c - 428.84 295 26 81 677 234748 1 11731382 120290 1.4 25 19 9 20 65%  82 88645 141 104%
c
c seconds     switched       rate             size/glue  tier1    binary       remaining
c          MB   reductions      conflicts           size   tier2     irredundant
c           level      restarts         redundant      glue    trail       variables
c
c W 428.93 295 26 81 677 234748 1 11733697 122156 1.4 25 19 9 20 66%  82 88645 141 104%
c o 428.93 295 26 81 677 234748 1 11733697 122156 1.4 25 19 9 20 66%  82 88645 141 104%
c - 429.56 295 27 81 678 234753 1 11757401 121131 1.4 25 18 9 20 65%  82 88645 141 104%
c u 429.88 294 27 81 678 234754 1 11758748 121400 1.4 25 18 9 20 65%  83 88645 141 104%
c v 430.21 305 27 81 678 234754 1 11758748 120750 1.4 25 18 9 20 65%  83 88645 141 104%
c w 430.35 308 27 81 678 234754 1 11758748 120382 1.4 25 18 9 20 65%  83 88645 141 104%
c ] 430.55 294 28 82 678 234758 1 11768213 128365 1.4 25 19 9 20 66%  83 88645 141 104%
c { 430.55 294 17 82 678 234758 2 11768213 128365 1.7 19 11 5 12 65%  83 88645 141 104%
c - 431.07 295 17 82 679 235052 2 11783439 115753 1.7 19 11 5 12 66%  83 88645 141 104%
c - 432.12 295 17 82 680 235646 1 11809498 116487 1.7 19 11 5 12 67%  83 88645 141 104%
c - 433.16 295 16 82 681 236157 1 11835574 117967 1.8 19 11 5 12 69%  83 88645 141 104%
c - 434.56 295 16 82 682 237447 1 11861670 119474 1.8 19 11 5 12 69%  83 88645 141 104%
c - 435.60 295 16 82 683 237992 1 11887786 120579 1.8 19 11 5 12 69%  83 88645 141 104%
c - 436.65 295 16 82 684 238817 1 11913922 121272 1.8 19 11 5 12 70%  83 88645 141 104%
c - 437.56 295 15 82 685 239403 1 11940075 120700 1.8 19 11 5 12 72%  83 88645 141 104%
c - 438.91 295 15 82 686 240660 1 11966247 122207 1.8 19 11 5 12 71%  83 88645 141 104%
c - 440.21 295 16 82 687 242312 1 11992440 122107 1.8 19 11 5 12 71%  83 88645 141 104%
c - 441.63 295 16 82 688 244036 1 12018652 123192 1.8 19 11 5 12 71%  83 88645 141 104%
c - 442.82 295 16 82 689 244800 1 12044884 123648 1.8 19 11 5 12 71%  84 88645 141 104%
c - 444.04 295 15 82 690 245745 1 12071134 123018 1.8 19 11 5 12 71%  85 88645 141 104%
c
c seconds     switched       rate             size/glue  tier1    binary       remaining
c          MB   reductions      conflicts           size   tier2     irredundant
c           level      restarts         redundant      glue    trail       variables
c
c - 445.33 295 16 82 691 247001 1 12097401 123754 1.8 19 11 5 12 71%  85 88645 141 104%
c } 445.90 294 16 83 691 247634 1 12109819 134314 1.8 19 11 5 12 72%  85 88645 141 104%
c [ 445.90 294 28 83 691 247634 1 12109819 134314 1.4 25 19 9 20 66%  85 88645 141 104%
c u 446.32 303 28 83 691 247636 1 12113947 135509 1.4 26 19 9 20 67%  97 88645 141 104%
c v 446.69 307 28 83 691 247636 1 12113947 129636 1.4 26 19 9 20 67%  94 88645 141 104%
c w 446.82 308 28 83 691 247636 1 12113947 129558 1.4 26 19 9 20 67%  94 88645 141 104%
c x 447.09 295 28 83 691 247636 1 12113947 129549 1.4 26 19 9 20 67%  95 87952 141 104%
c t 447.10 295 28 83 691 247636 1 12113947 129549 1.4 26 19 9 20 67%  87 87952 141 104%
c - 447.30 295 28 83 692 247642 1 12123688 115904 1.4 26 19 9 20 67%  87 87952 141 104%
c - 447.87 295 29 83 693 247654 1 12149993 110987 1.4 26 20 9 20 68%  87 87952 141 104%
c O 448.04 293 30 83 693 247658 1 12158222 117639 1.3 27 20 9 20 68%  87 87952 141 104%
c - 448.58 295 28 83 694 247664 1 12176318 111171 1.4 26 19 9 20 69%  87 87952 141 104%
c - 449.34 295 25 83 695 247671 1 12202661 117642 1.4 25 18 9 20 70%  87 87952 141 104%
c - 450.19 295 24 83 696 247682 1 12229023 122915 1.4 25 17 9 20 71%  87 87952 141 104%
c - 451.00 295 23 83 697 247694 1 12255406 123279 1.5 25 17 9 20 71%  87 87952 141 104%
c - 451.77 295 23 83 698 247696 1 12281807 125068 1.5 24 16 9 20 72%  87 87952 141 104%
c - 452.61 296 21 83 699 247697 1 12308227 128427 1.6 24 15 9 20 72%  87 87952 141 104%
c - 453.47 295 20 83 700 247711 1 12334666 129909 1.6 23 15 9 20 72%  87 87952 141 104%
c - 454.25 295 21 83 701 247724 1 12361126 129869 1.6 23 15 9 20 72%  87 87952 141 104%
c s 455.02 295 22 83 701 247727 1 12375760 142831 1.6 24 15 9 20 72%  88 87057 141 104%
c
c seconds     switched       rate             size/glue  tier1    binary       remaining
c          MB   reductions      conflicts           size   tier2     irredundant
c           level      restarts         redundant      glue    trail       variables
c
c s 455.25 295 22 83 701 247727 1 12375760 142831 1.6 24 15 9 20 72%  88 87039 141 104%
c o 455.25 295 22 83 701 247727 1 12375760 142831 1.6 24 15 9 20 72%  88 87039 141 104%
c - 455.55 295 23 83 702 247727 1 12387603 125248 1.6 24 15 9 20 72%  88 87039 141 104%
c - 456.21 295 25 83 703 247741 1 12414099 121570 1.5 24 16 9 20 71%  88 87039 141 104%
c - 457.04 295 26 83 704 247753 1 12440613 121757 1.5 25 17 9 20 69%  88 87039 141 104%
c - 457.74 295 26 83 705 247758 1 12467145 122348 1.4 25 17 9 20 68%  88 87039 141 104%
c u 458.16 307 26 83 705 247759 1 12474947 128155 1.4 25 17 9 20 68%  88 87039 141 104%
c v 458.38 308 26 83 705 247759 1 12474947 127349 1.4 25 17 9 20 68%  88 87039 141 104%
c w 458.48 310 26 83 705 247759 1 12474947 127154 1.4 25 17 9 20 68%  88 87039 141 104%
c x 458.64 295 26 83 705 247759 1 12474947 127144 1.4 25 17 9 20 68%  91 86883 140 103%
c t 458.65 295 26 83 705 247759 1 12474947 124876 1.4 25 17 9 20 68%  90 86648 140 103%
c u 458.87 305 26 83 705 247759 1 12474947 124403 1.4 25 17 9 20 68%  90 86648 140 103%
c v 459.09 307 26 83 705 247759 1 12474947 123676 1.4 25 17 9 20 68%  90 86648 140 103%
c w 459.18 309 26 83 705 247759 1 12474947 123523 1.4 25 17 9 20 68%  90 86648 140 103%
c x 459.33 311 26 83 705 247759 1 12474947 123523 1.4 25 17 9 20 68%  90 86514 140 103%
c i 459.34 311 26 83 705 247759 1 12474947 123523 1.4 25 17 9 20 68%  90 86514 140 103%
c - 459.76 295 26 83 706 247759 1 12493697 120422 1.5 25 17 9 20 69%  80 86514 140 103%
c - 460.46 295 26 83 707 247760 1 12520269 124109 1.5 25 17 9 20 68%  80 86514 140 103%
c - 461.29 295 25 83 708 247760 1 12546858 128669 1.5 25 17 9 20 67%  80 86514 140 103%
c - 462.08 295 25 83 709 247760 1 12573466 131639 1.5 25 16 9 20 67%  80 86514 140 103%
c
c seconds     switched       rate             size/glue  tier1    binary       remaining
c          MB   reductions      conflicts           size   tier2     irredundant
c           level      restarts         redundant      glue    trail       variables
c
c B 462.67 294 24 83 709 247773 1 12593326 147886 1.5 24 16 9 20 67%  80 86514 140 103%
c - 462.87 295 25 83 710 247775 1 12600095 130242 1.5 24 17 9 20 67%  80 86514 140 103%
c - 463.50 295 26 83 711 247788 1 12626740 120024 1.4 25 17 9 20 68%  80 86514 140 103%
c - 464.44 295 26 83 712 247791 1 12653404 110752 1.4 25 18 9 20 68%  80 86514 140 103%
c - 465.22 295 26 83 713 247805 1 12680087 112660 1.4 25 18 9 20 67%  80 86514 140 103%
c ] 465.35 294 26 84 713 247806 1 12684712 116611 1.4 25 18 9 20 67%  80 86514 140 103%
c { 465.35 294 16 84 713 247806 1 12684712 116611 1.8 19 11 5 12 72%  80 86514 140 103%
c - 466.35 294 16 84 714 249457 1 12706789 116125 1.8 19 11 5 12 70%  80 86514 140 103%
c - 467.52 295 16 84 715 251145 2 12733509 117764 1.7 19 11 5 12 68%  81 86514 140 103%
c - 468.17 295 16 84 716 251350 1 12760250 116983 1.7 18 10 5 12 71%  81 86514 140 103%
c - 468.92 295 15 84 717 251632 1 12787009 116705 1.7 18 10 5 12 73%  81 86514 140 103%
c - 469.79 295 15 84 718 251893 1 12813785 119432 1.7 17 10 5 12 74%  81 86514 140 103%
c - 470.78 295 14 84 719 252284 1 12840581 122674 1.7 16 10 5 12 75%  81 86514 140 103%
c u 471.09 295 14 84 719 252339 1 12841783 122905 1.7 16 10 5 12 75% 137 86514 140 103%
c v 471.36 295 14 84 719 252339 1 12841783 116230 1.7 16 10 5 12 75%  90 86514 140 103%
c w 471.46 295 14 84 719 252339 1 12841783 115661 1.7 16 10 5 12 75%  90 86514 140 103%
c x 471.63 295 14 84 719 252339 1 12841783 115655 1.7 16 10 5 12 75%  90 86200 140 103%
c t 471.63 295 14 84 719 252339 1 12841783 115655 1.7 16 10 5 12 75%  86 86200 140 103%
c o 471.64 295 14 84 719 252339 1 12841783 115655 1.7 16 10 5 12 75%  86 86200 140 103%
c - 472.83 295 15 84 720 255379 2 12867396 118644 1.6 17 10 5 12 71%  86 86200 140 103%
c
c seconds     switched       rate             size/glue  tier1    binary       remaining
c          MB   reductions      conflicts           size   tier2     irredundant
c           level      restarts         redundant      glue    trail       variables
c
c - 473.82 295 15 84 721 256899 2 12894228 121666 1.6 17 10 5 12 70%  86 86200 140 103%
c - 474.83 295 15 84 722 258401 2 12921080 122477 1.6 17 10 5 12 70%  88 86200 140 103%
c - 476.09 295 15 84 723 260819 2 12947950 124524 1.6 17 11 5 12 68%  88 86200 140 103%
c - 477.23 295 16 84 724 262729 2 12974838 127336 1.6 18 11 5 12 66%  88 86200 140 103%
c - 478.47 295 16 84 725 264881 2 13001746 129449 1.6 18 11 5 12 63%  88 86200 140 103%
c - 479.84 295 17 84 726 266942 2 13028672 131475 1.6 19 11 5 12 62%  88 86200 140 103%
c } 480.45 295 17 85 726 267825 2 13041790 142202 1.6 19 12 5 12 62%  88 86200 140 103%
c [ 480.45 295 26 85 726 267825 1 13041790 142202 1.4 25 18 9 20 67%  88 86200 140 103%
c W 480.51 292 26 85 726 267825 1 13041790 142202 1.4 25 18 9 20 67%  88 86200 140 103%
c - 480.82 295 28 85 727 267833 1 13055616 128305 1.4 26 19 9 20 68%  88 86200 140 103%
c - 481.41 295 29 85 728 267845 1 13082579 118437 1.3 26 20 9 20 68%  88 86200 140 103%
c - 482.05 295 29 85 729 267855 1 13109560 114461 1.3 27 20 9 20 69%  88 86200 140 103%
c - 482.86 295 29 85 730 267862 1 13136560 118767 1.3 27 20 9 20 70%  88 86200 140 103%
c - 483.53 295 29 85 731 267874 1 13163580 120124 1.3 27 20 9 20 70%  88 86200 140 103%
c - 484.21 295 29 85 732 267885 1 13190618 118475 1.3 27 20 9 20 69%  88 86200 140 103%
c u 485.12 305 28 85 732 267887 1 13214434 136165 1.3 27 20 9 20 69%  88 86200 140 103%
c v 485.39 308 28 85 732 267887 1 13214434 134942 1.3 27 20 9 20 69%  88 86200 140 103%
c w 485.53 311 28 85 732 267887 1 13214434 128407 1.3 27 20 9 20 69%  88 86200 140 103%
c x 485.72 312 28 85 732 267887 1 13214434 128403 1.3 27 20 9 20 69%  88 85992 140 103%
c t 485.72 312 28 85 732 267887 1 13214434 128403 1.3 27 20 9 20 69%  86 85992 140 103%
c
c seconds     switched       rate             size/glue  tier1    binary       remaining
c          MB   reductions      conflicts           size   tier2     irredundant
c           level      restarts         redundant      glue    trail       variables
c
c - 485.86 294 29 85 733 267887 1 13217674 113717 1.3 27 20 9 20 68%  86 85992 140 103%
c - 486.90 295 29 85 734 267889 1 13244747 117160 1.3 26 20 9 20 67%  86 85992 140 103%
c - 487.65 295 29 85 735 267902 1 13271839 117094 1.3 27 20 9 20 68%  86 85992 140 103%
c - 488.33 295 28 85 736 267916 1 13298949 116475 1.3 26 20 9 20 68%  86 85992 140 103%
c - 489.14 295 28 85 737 267918 1 13326080 115350 1.3 26 20 9 20 68%  86 85992 140 103%
c - 490.04 295 28 85 738 267933 1 13353228 119223 1.3 26 20 9 20 67%  86 85992 140 103%
c s 491.16 295 28 85 738 267940 1 13370951 133910 1.3 26 20 9 20 67%  86 84974 140 103%
c e 491.16 296 28 85 738 267940 1 13370951 133910 1.3 26 20 9 20 67%  67 85026 137 101%
c s 491.64 296 28 85 738 267940 1 13370951 133910 1.3 26 20 9 20 67%  68 84944 137 101%
c o 491.65 296 28 85 738 267940 1 13370951 113947 1.3 26 20 9 20 67%  68 84944 137 101%
c - 491.88 294 28 85 739 267946 1 13380394 101987 1.3 26 20 9 20 67%  68 84944 137 101%
c - 492.71 294 27 85 740 267949 1 13407578 103600 1.4 26 19 9 20 66%  68 84944 137 101%
c - 493.56 294 26 85 741 267950 1 13434783 105272 1.4 25 18 9 20 65%  68 84944 137 101%
c - 494.46 295 25 85 742 267951 1 13462004 109081 1.4 25 18 9 20 64%  68 84944 137 101%
c - 495.30 295 24 85 743 267951 1 13489243 112623 1.4 25 17 9 20 64%  68 84944 137 101%
c I 495.56 293 23 85 743 267951 1 13498324 120065 1.4 25 17 9 20 64%  68 84944 137 101%
c - 495.91 295 23 85 744 267958 1 13516501 115782 1.5 24 16 9 20 65%  68 84944 137 101%
c ] 496.33 294 23 86 744 267965 1 13532430 128793 1.5 24 16 9 20 65%  68 84944 137 101%
c { 496.33 294 17 86 744 267965 2 13532430 128793 1.6 19 12 5 12 62%  68 84944 137 101%
c - 496.73 295 17 86 745 268065 2 13543778 113744 1.6 19 11 5 12 62%  68 84944 137 101%
c
c seconds     switched       rate             size/glue  tier1    binary       remaining
c          MB   reductions      conflicts           size   tier2     irredundant
c           level      restarts         redundant      glue    trail       variables
c
c - 497.52 294 17 86 746 268184 2 13571072 112367 1.7 19 11 5 12 63%  68 84944 137 101%
c u 498.19 295 16 86 746 268211 1 13592924 128980 1.8 19 11 5 12 66%  68 84944 137 101%
c v 498.47 307 16 86 746 268211 1 13592924 128447 1.8 19 11 5 12 66%  68 84944 137 101%
c w 498.57 308 16 86 746 268211 1 13592924 128315 1.8 19 11 5 12 66%  68 84944 137 101%
c x 498.76 295 16 86 746 268211 1 13592924 128312 1.8 19 11 5 12 66%  69 84752 137 101%
c t 498.76 295 16 86 746 268211 1 13592924 128312 1.8 19 11 5 12 66%  67 84752 137 101%
c f 498.77 295 16 86 746 268211 1 13592924 128312 1.8 19 11 5 12 66%  70 84696 139 102%
c u 499.00 295 16 86 746 268211 1 13592924 127210 1.8 19 11 5 12 66%  72 84696 139 102%
c v 499.27 305 16 86 746 268211 1 13592924 126747 1.8 19 11 5 12 66%  72 84696 139 102%
c w 499.37 308 16 86 746 268211 1 13592924 126657 1.8 19 11 5 12 66%  72 84696 139 102%
c x 499.56 295 16 86 746 268211 1 13592924 126637 1.8 19 11 5 12 66%  74 84489 139 102%
c t 500.29 295 16 86 746 268211 1 13592924 126637 1.8 19 11 5 12 66%  72 84489 139 102%
c f 500.30 295 16 86 746 268211 1 13592924 126637 1.8 19 11 5 12 66%  75 84469 140 103%
c - 500.50 295 17 86 747 268295 1 13598386 108208 1.8 19 11 5 12 66%  75 84469 140 103%
c - 501.37 295 16 86 748 268574 1 13625717 108652 1.8 19 11 5 12 66%  75 84469 140 103%
c - 502.29 295 16 86 749 269323 1 13653066 108280 1.7 19 11 5 12 65%  76 84469 140 103%
c - 503.13 295 15 86 750 269420 1 13680434 106485 1.7 18 10 5 12 66%  77 84469 140 103%
c i 503.64 295 14 86 750 269420 1 13697035 117024 1.7 16 10 5 12 67%  90 84469 139 102%
c - 504.08 295 14 86 751 269740 1 13707821 78772 1.7 16 10 5 12 66%  72 84469 139 102%
c - 504.90 295 13 86 752 270175 1 13735227 90233 1.7 17 10 5 12 67%  74 84469 139 102%
c
c seconds     switched       rate             size/glue  tier1    binary       remaining
c          MB   reductions      conflicts           size   tier2     irredundant
c           level      restarts         redundant      glue    trail       variables
c
c - 505.85 295 14 86 753 271366 1 13762649 101775 1.7 17 10 5 12 67%  75 84469 139 102%
c - 507.01 295 14 86 754 273027 1 13790089 105205 1.7 17 10 5 12 66%  76 84469 139 102%
c - 508.07 295 14 86 755 274017 1 13817548 106949 1.7 17 10 5 12 65%  77 84469 139 102%
c - 509.17 295 14 86 756 275374 1 13845026 107981 1.7 17 10 5 12 64%  77 84469 139 102%
c o 509.47 295 14 86 756 275689 1 13853699 115344 1.7 17 10 5 12 64%  77 84469 139 102%
c - 509.96 295 14 86 757 275814 1 13872522 109159 1.7 17 10 5 12 66%  77 84469 139 102%
c - 510.99 296 14 86 758 276908 1 13900036 109149 1.7 17 10 5 12 66%  77 84469 139 102%
c } 511.15 296 13 87 758 277012 1 13905285 113243 1.7 17 10 5 12 66%  77 84469 139 102%
c [ 511.15 296 23 87 758 277012 1 13905285 113243 1.5 24 16 9 20 65%  77 84469 139 102%
c - 511.74 295 23 87 759 277025 1 13927568 110598 1.5 23 16 9 20 66%  77 84469 139 102%
c - 512.51 295 23 87 760 277037 1 13955118 111060 1.5 23 15 9 20 65%  77 84469 139 102%
c B 512.80 294 22 87 760 277041 1 13965714 119247 1.5 23 15 9 20 65%  77 84469 139 102%
c u 513.27 295 24 87 760 277042 1 13977317 128776 1.5 23 16 9 20 65%  86 84469 139 102%
c v 513.60 295 24 87 760 277042 1 13977317 128116 1.5 23 16 9 20 65%  86 84469 139 102%
c w 513.73 305 24 87 760 277042 1 13977317 125117 1.5 23 16 9 20 65%  86 84469 139 102%
c x 513.93 294 24 87 760 277042 1 13977317 125108 1.5 23 16 9 20 65%  87 83915 139 102%
c t 513.94 295 24 87 760 277042 1 13977317 125108 1.5 23 16 9 20 65%  72 83915 139 102%
c - 514.12 295 24 87 761 277042 1 13982686 106046 1.5 23 16 9 20 65%  72 83915 139 102%
c - 514.66 295 26 87 762 277056 1 14010273 100308 1.4 24 17 9 20 66%  72 83915 139 102%
c - 515.22 295 27 87 763 277067 1 14037877 98091 1.4 25 18 9 20 67%  72 83915 139 102%
c
c seconds     switched       rate             size/glue  tier1    binary       remaining
c          MB   reductions      conflicts           size   tier2     irredundant
c           level      restarts         redundant      glue    trail       variables
c
c - 516.22 295 27 87 764 277073 1 14065500 102793 1.4 25 18 9 20 68%  72 83915 139 102%
c - 517.09 295 27 87 765 277074 1 14093142 103345 1.4 25 18 9 20 68%  72 83915 139 102%
c - 517.85 295 27 87 766 277085 1 14120800 106213 1.4 25 18 9 20 69%  72 83915 139 102%
c - 518.51 295 27 87 767 277096 1 14148477 107726 1.4 25 18 9 20 68%  72 83915 139 102%
c - 519.15 295 27 87 768 277105 1 14176172 106927 1.4 25 19 9 20 67%  72 83915 139 102%
c - 519.91 295 27 87 769 277115 1 14203886 106585 1.4 25 19 9 20 66%  72 83915 139 102%
c - 520.85 295 26 87 770 277127 1 14231616 109325 1.4 25 19 9 20 65%  72 83915 139 102%
c - 521.58 295 26 87 771 277136 1 14259364 112499 1.4 25 18 9 20 66%  72 83915 139 102%
c - 522.45 295 26 87 772 277137 1 14287130 115209 1.4 25 18 9 20 66%  72 83915 139 102%
c - 523.12 295 26 87 773 277138 1 14314915 113560 1.4 26 18 9 20 67%  72 83915 139 102%
c - 523.97 295 25 87 774 277138 1 14342717 115903 1.4 25 18 9 20 66%  72 83915 139 102%
c u 524.86 295 25 87 774 277138 1 14367595 137203 1.4 25 17 9 20 67%  75 83915 139 102%
c v 525.10 305 25 87 774 277138 1 14367595 135883 1.4 25 17 9 20 67%  75 83915 139 102%
c w 525.22 311 25 87 774 277138 1 14367595 119538 1.4 25 17 9 20 67%  75 83915 139 102%
c x 525.39 313 25 87 774 277138 1 14367595 119526 1.4 25 17 9 20 67%  75 83827 139 102%
c t 525.40 313 25 87 774 277138 1 14367595 119526 1.4 25 17 9 20 67%  72 83827 139 102%
c f 525.40 295 25 87 774 277138 1 14367595 119526 1.4 25 17 9 20 67%  73 83809 140 103%
c u 525.61 295 25 87 774 277138 1 14367595 118877 1.4 25 17 9 20 67%  87 83809 140 103%
c v 525.85 295 25 87 774 277138 1 14367595 117807 1.4 25 17 9 20 67%  87 83809 140 103%
c w 525.97 306 25 87 774 277138 1 14367595 117723 1.4 25 17 9 20 67%  87 83809 140 103%
c
c seconds     switched       rate             size/glue  tier1    binary       remaining
c          MB   reductions      conflicts           size   tier2     irredundant
c           level      restarts         redundant      glue    trail       variables
c
c x 526.13 309 25 87 774 277138 1 14367595 117712 1.4 25 17 9 20 67%  87 83799 140 103%
c t 526.14 309 25 87 774 277138 1 14367595 117712 1.4 25 17 9 20 67%  74 83799 140 103%
c o 526.14 309 25 87 774 277138 1 14367595 117712 1.4 25 17 9 20 67%  74 83799 140 103%
c - 526.23 294 25 87 775 277138 1 14370538 105368 1.4 25 17 9 20 67%  74 83799 140 103%
c ] 526.67 294 26 88 775 277150 1 14389931 122717 1.4 25 18 9 20 68%  74 83799 140 103%
c { 526.67 294 13 88 775 277150 1 14389931 122717 1.7 17 10 5 12 66%  74 83799 140 103%
c - 527.21 295 14 88 776 278240 1 14398377 108267 1.7 17 10 5 12 65%  74 83799 140 103%
c s 528.18 295 14 88 776 278916 1 14412307 117991 1.7 17 10 5 12 66%  74 82882 140 103%
c e 528.19 295 14 88 776 278916 1 14412307 117991 1.7 17 10 5 12 66%  70 82900 138 101%
c s 528.20 295 14 88 776 278916 1 14412307 117991 1.7 17 10 5 12 66%  70 82898 138 101%
c - 528.69 295 14 88 777 279396 1 14426233 105609 1.6 16 10 5 12 66%  70 82898 138 101%
c - 529.59 295 13 88 778 280276 1 14454107 106014 1.6 16 10 5 12 67%  71 82898 138 101%
c - 530.91 295 15 88 779 283489 2 14481999 109305 1.6 16 10 5 12 65%  71 82898 138 101%
c - 531.75 295 15 88 780 284541 2 14509910 113245 1.6 16 10 5 12 67%  71 82898 138 101%
c - 532.72 295 15 88 781 286051 2 14537838 115406 1.6 16 10 5 12 68%  71 82898 138 101%
c - 533.91 295 15 88 782 288182 2 14565784 118562 1.6 17 11 5 12 66%  71 82898 138 101%
c - 535.27 296 16 88 783 290675 2 14593749 120313 1.6 18 11 5 12 64%  71 82898 138 101%
c - 536.50 295 17 88 784 292224 2 14621731 120590 1.6 18 11 5 12 63%  71 82898 138 101%
c - 537.35 295 16 88 785 293019 2 14649733 121440 1.6 18 11 5 12 66%  71 82898 138 101%
c - 538.12 295 16 88 786 293343 2 14677751 121155 1.6 17 11 5 12 68%  72 82898 138 101%
c
c seconds     switched       rate             size/glue  tier1    binary       remaining
c          MB   reductions      conflicts           size   tier2     irredundant
c           level      restarts         redundant      glue    trail       variables
c
c - 539.32 295 16 88 787 295546 2 14705787 122760 1.6 18 11 5 12 67%  73 82898 138 101%
c - 540.57 295 17 88 788 297795 2 14733840 123111 1.6 18 11 5 12 64%  73 82898 138 101%
c - 541.52 295 16 88 789 298570 2 14761911 123382 1.6 18 11 5 12 65%  73 82898 138 101%
c u 541.94 295 16 88 789 298591 2 14763735 123695 1.6 18 11 5 12 65%  98 82898 138 101%
c v 542.41 295 16 88 789 298591 2 14763735 121698 1.6 18 11 5 12 65%  90 82898 138 101%
c w 542.58 295 16 88 789 298591 2 14763735 121323 1.6 18 11 5 12 65%  90 82898 138 101%
c t 542.58 295 16 88 789 298591 2 14763735 121323 1.6 18 11 5 12 65%  72 82898 138 101%
c f 542.59 295 16 88 789 298591 2 14763735 121323 1.6 18 11 5 12 65%  76 82877 139 102%
c u 542.86 294 16 88 789 298591 2 14763735 120763 1.6 18 11 5 12 65%  87 82877 139 102%
c v 543.19 295 16 88 789 298591 2 14763735 120012 1.6 18 11 5 12 65%  86 82877 139 102%
c w 543.31 295 16 88 789 298591 2 14763735 119823 1.6 18 11 5 12 65%  86 82877 139 102%
c x 543.55 295 16 88 789 298591 2 14763735 119753 1.6 18 11 5 12 65%  89 82154 139 102%
c t 543.56 295 16 88 789 298591 2 14763735 119753 1.6 18 11 5 12 65%  76 82154 139 102%
c f 543.56 295 16 88 789 298591 2 14763735 119753 1.6 18 11 5 12 65%  82 82078 142 104%
c } 544.04 294 16 89 789 298885 2 14778870 131642 1.6 18 11 5 12 66%  82 82078 142 104%
c [ 544.04 294 26 89 789 298885 1 14778870 131642 1.4 25 18 9 20 68%  82 82078 142 104%
c W 544.08 295 26 89 789 298885 1 14778870 131642 1.4 25 18 9 20 68%  82 82078 142 104%
c - 544.31 295 26 89 790 298891 1 14790003 119493 1.4 25 18 9 20 68%  82 82078 142 104%
c - 545.08 295 24 89 791 298905 1 14818110 123220 1.5 24 16 9 20 70%  82 82078 142 104%
c - 545.91 295 23 89 792 298915 1 14846234 128656 1.5 22 15 9 20 72%  82 82078 142 104%
c
c seconds     switched       rate             size/glue  tier1    binary       remaining
c          MB   reductions      conflicts           size   tier2     irredundant
c           level      restarts         redundant      glue    trail       variables
c
c - 546.79 295 21 89 793 298923 1 14874377 132152 1.5 21 14 9 20 74%  83 82078 142 104%
c - 547.60 295 19 89 794 298936 1 14902538 133616 1.5 20 13 9 20 75%  83 82078 142 104%
c - 548.49 295 18 89 795 298946 1 14930716 134181 1.6 19 12 9 20 76%  85 82078 142 104%
c i 548.81 294 17 89 795 298946 1 14941151 142352 1.6 18 12 9 20 76%  92 82078 139 102%
c o 548.81 295 17 89 795 298946 1 14941151 142352 1.6 18 12 9 20 76%  92 82078 139 102%
c - 549.16 295 19 89 796 298947 1 14958912 72325 1.6 20 12 9 20 76%  71 79780 139 102%
c - 549.79 295 20 89 797 298954 1 14987128 93032 1.6 21 13 9 20 74%  71 79780 139 102%
c - 550.39 295 20 89 798 298966 1 15015359 109366 1.7 21 13 9 20 73%  71 79780 139 102%
c - 551.07 295 20 89 799 298977 1 15043607 114256 1.8 23 13 9 20 74%  71 79780 139 102%
c - 551.84 295 19 89 800 298985 1 15071874 117411 1.8 22 13 9 20 74%  71 79780 139 102%
c - 552.60 295 19 89 801 298999 1 15100160 120821 1.8 23 12 9 20 73%  71 79780 139 102%
c - 553.26 295 20 89 802 299009 1 15128464 120626 1.8 23 12 9 20 73%  71 79780 139 102%
c - 553.95 295 20 89 803 299010 1 15156783 123288 1.9 23 12 9 20 74%  71 79780 139 102%
c u 554.40 306 20 89 803 299010 1 15165861 130715 1.9 24 12 9 20 75%  68 79780 139 102%
c v 554.66 311 20 89 803 299010 1 15165861 130329 1.9 24 12 9 20 75%  68 79780 139 102%
c w 554.76 311 20 89 803 299010 1 15165861 130243 1.9 24 12 9 20 75%  68 79780 139 102%
c x 554.91 313 20 89 803 299010 1 15165861 130227 1.9 24 12 9 20 75%  68 79694 139 102%
c t 554.92 313 20 89 803 299010 1 15165861 130227 1.9 24 12 9 20 75%  67 79694 139 102%
c f 554.92 295 20 89 803 299010 1 15165861 130227 1.9 24 12 9 20 75%  82 79549 145 107%
c u 555.12 295 20 89 803 299010 1 15165861 129426 1.9 24 12 9 20 75%  83 79549 145 107%
c
c seconds     switched       rate             size/glue  tier1    binary       remaining
c          MB   reductions      conflicts           size   tier2     irredundant
c           level      restarts         redundant      glue    trail       variables
c
c v 555.37 305 20 89 803 299010 1 15165861 128859 1.9 24 12 9 20 75%  83 79549 145 107%
c w 555.46 306 20 89 803 299010 1 15165861 128762 1.9 24 12 9 20 75%  83 79549 145 107%
c x 555.62 309 20 89 803 299010 1 15165861 128753 1.9 24 12 9 20 75%  83 79381 145 107%
c t 555.63 309 20 89 803 299010 1 15165861 128753 1.9 24 12 9 20 75%  82 79381 145 107%
c - 556.14 294 20 89 804 299011 1 15185120 124575 1.9 24 12 9 20 73%  82 79381 145 107%
c - 556.93 294 20 89 805 299011 1 15213476 126042 1.9 24 13 9 20 71%  82 79381 145 107%
c - 557.77 295 20 89 806 299011 1 15241848 122469 1.8 24 13 9 20 69%  82 79381 145 107%
c O 558.59 295 20 89 806 299026 1 15268241 144863 1.7 24 13 9 20 68%  82 79381 145 107%
c - 558.68 295 20 89 807 299026 1 15270239 122663 1.7 23 14 9 20 68%  82 79381 145 107%
c - 559.50 295 20 89 808 299040 1 15298646 122596 1.7 23 14 9 20 65%  82 79381 145 107%
c - 560.17 295 22 89 809 299044 1 15327073 116004 1.6 24 14 9 20 66%  82 79381 145 107%
c ] 560.42 294 23 90 809 299049 1 15337937 124812 1.6 24 15 9 20 65%  82 79381 145 107%
c { 560.42 294 16 90 809 299049 2 15337937 124812 1.6 18 11 5 12 66%  82 79381 145 107%
c - 561.28 295 16 90 810 300056 2 15355517 114298 1.6 18 11 5 12 64%  83 79381 145 107%
c - 562.25 295 16 90 811 300687 2 15383982 116243 1.7 18 11 5 12 65%  83 79381 145 107%
c - 563.68 295 16 90 812 303283 2 15412460 117946 1.6 18 11 5 12 63%  83 79381 145 107%
c - 565.02 295 17 90 813 305099 2 15440955 120335 1.6 18 11 5 12 62%  83 79381 145 107%
c o 565.47 295 16 90 813 305569 2 15451539 128390 1.6 18 11 5 12 62%  83 79381 145 107%
c - 566.23 295 17 90 814 306459 2 15469469 121420 1.6 19 11 5 12 62%  83 79381 145 107%
c - 567.55 295 17 90 815 308029 2 15497999 121790 1.6 18 11 5 12 62%  83 79381 145 107%
c
c seconds     switched       rate             size/glue  tier1    binary       remaining
c          MB   reductions      conflicts           size   tier2     irredundant
c           level      restarts         redundant      glue    trail       variables
c
c s 568.19 296 17 90 815 308306 2 15500491 123781 1.6 18 11 5 12 62%  83 78669 145 107%
c e 568.20 293 17 90 815 308306 2 15500491 123781 1.6 18 11 5 12 62%  73 78707 138 101%
c 2 568.20 293 17 90 815 308306 2 15500491 123781 1.6 18 11 5 12 62%  72 78707 138 101%
c s 568.37 293 17 90 815 308306 2 15500491 123781 1.6 18 11 5 12 62%  72 78589 138 101%
c - 569.58 295 17 90 816 309780 2 15526547 121510 1.6 19 11 5 12 61%  72 78589 138 101%
c - 570.85 295 17 90 817 311301 2 15555112 124351 1.7 19 12 5 12 61%  72 78589 138 101%
c u 572.03 295 17 90 817 312274 2 15574067 138208 1.6 19 12 5 12 60%  75 78589 138 101%
c v 572.39 308 17 90 817 312274 2 15574067 137811 1.6 19 12 5 12 60%  75 78589 138 101%
c w 572.52 309 17 90 817 312274 2 15574067 137727 1.6 19 12 5 12 60%  75 78589 138 101%
c x 572.77 295 17 90 817 312274 2 15574067 137696 1.6 19 12 5 12 60%  76 78257 138 101%
c t 572.78 295 17 90 817 312274 2 15574067 137696 1.6 19 12 5 12 60%  75 78257 138 101%
c f 572.78 295 17 90 817 312274 2 15574067 137696 1.6 19 12 5 12 60%  78 78219 140 103%
c u 573.14 306 17 90 817 312274 2 15574067 135947 1.6 19 12 5 12 60%  78 78219 140 103%
c v 573.49 310 17 90 817 312274 2 15574067 135475 1.6 19 12 5 12 60%  78 78219 140 103%
c w 573.62 311 17 90 817 312274 2 15574067 135426 1.6 19 12 5 12 60%  78 78219 140 103%
c x 573.85 311 17 90 817 312274 2 15574067 135413 1.6 19 12 5 12 60%  78 77776 140 103%
c f 573.86 295 17 90 817 312274 2 15574067 135413 1.6 19 12 5 12 60%  79 77757 141 104%
c - 574.25 295 17 90 818 312610 2 15583696 121617 1.6 19 12 5 12 60%  79 77757 141 104%
c - 575.51 295 17 90 819 313898 2 15612296 124051 1.7 19 12 5 12 61%  79 77757 141 104%
c - 576.80 295 17 90 820 315221 2 15640915 124191 1.7 19 11 5 12 61%  80 77757 141 104%
c
c seconds     switched       rate             size/glue  tier1    binary       remaining
c          MB   reductions      conflicts           size   tier2     irredundant
c           level      restarts         redundant      glue    trail       variables
c
c - 577.81 295 17 90 821 315921 2 15669550 123613 1.6 19 11 5 12 62%  80 77757 141 104%
c - 578.51 295 16 90 822 316098 1 15698203 123869 1.6 17 11 5 12 65%  80 77757 141 104%
c - 579.22 295 14 90 823 316174 1 15726873 122850 1.6 16 10 5 12 68%  83 77757 141 104%
c i 579.36 295 14 90 823 316186 1 15732229 126225 1.6 16 10 5 12 68%  92 77757 140 103%
c } 579.72 294 14 91 823 316415 1 15743257 133980 1.6 16 10 5 12 68%  92 77757 140 103%
c [ 579.72 294 23 91 823 316415 1 15743257 133980 1.6 24 15 9 20 65%  92 77757 140 103%
c - 580.11 295 21 91 824 316421 1 15755560 94908 1.6 23 14 9 20 66%  70 77757 140 103%
c B 580.40 295 22 91 824 316429 1 15768736 105816 1.6 23 14 9 20 67%  71 77757 140 103%
c - 580.88 295 23 91 825 316435 1 15784265 111989 1.6 23 14 9 20 65%  72 77757 140 103%
c - 581.54 295 23 91 826 316445 1 15812988 120087 1.5 23 15 9 20 66%  72 77757 140 103%
c - 582.28 295 24 91 827 316455 1 15841729 123798 1.5 23 15 9 20 67%  72 77757 140 103%
c - 583.02 295 25 91 828 316467 1 15870486 126535 1.5 24 16 9 20 68%  72 77757 140 103%
c - 583.98 295 24 91 829 316476 1 15899260 126590 1.5 23 16 9 20 66%  72 77757 140 103%
c - 584.83 296 24 91 830 316477 1 15928052 128500 1.4 24 16 9 20 66%  72 77757 140 103%
c - 585.81 295 24 91 831 316486 1 15956861 131225 1.4 23 16 9 20 66%  72 77757 140 103%
c - 586.57 295 24 91 832 316499 1 15985689 134452 1.4 24 17 9 20 67%  72 77757 140 103%
c b 586.65 295 24 91 832 316499 1 15988325 136515 1.4 24 17 9 20 66%  78 77523 139 102%
c u 586.90 307 24 91 832 316499 1 15988325 130596 1.4 24 17 9 20 66%  76 77523 139 102%
c v 587.19 309 24 91 832 316499 1 15988325 127837 1.4 24 17 9 20 66%  76 77523 139 102%
c w 587.32 311 24 91 832 316499 1 15988325 113996 1.4 24 17 9 20 66%  76 77523 139 102%
c
c seconds     switched       rate             size/glue  tier1    binary       remaining
c          MB   reductions      conflicts           size   tier2     irredundant
c           level      restarts         redundant      glue    trail       variables
c
c x 587.50 312 24 91 832 316499 1 15988325 113990 1.4 24 17 9 20 66%  80 77008 139 102%
c t 587.51 312 24 91 832 316499 1 15988325 113990 1.4 24 17 9 20 66%  78 77008 139 102%
c f 587.52 295 24 91 832 316499 1 15988325 113990 1.4 24 17 9 20 66%  84 76908 143 105%
c u 587.77 295 24 91 832 316499 1 15988325 113090 1.4 24 17 9 20 66%  84 76908 143 105%
c v 588.06 295 24 91 832 316499 1 15988325 112830 1.4 24 17 9 20 66%  84 76908 143 105%
c w 588.18 295 24 91 832 316499 1 15988325 112307 1.4 24 17 9 20 66%  84 76908 143 105%
c x 588.36 295 24 91 832 316499 1 15988325 112301 1.4 24 17 9 20 66%  84 76606 143 105%
c o 588.37 295 24 91 832 316499 1 15988325 112301 1.4 24 17 9 20 66%  84 76606 143 105%
c - 589.04 295 24 91 833 316508 1 16014533 116605 1.4 23 17 9 20 65%  65 76606 143 105%
c - 589.84 295 24 91 834 316519 1 16043394 121994 1.4 24 17 9 20 66%  65 76606 143 105%
c - 590.77 295 24 91 835 316531 1 16072273 123350 1.4 24 17 9 20 67%  65 76606 143 105%
c - 591.81 295 23 91 836 316539 1 16101170 119975 1.4 24 17 9 20 67%  65 76606 143 105%
c - 592.52 295 24 91 837 316540 1 16130086 126426 1.4 24 17 9 20 68%  65 76606 143 105%
c - 593.34 295 24 91 838 316541 1 16159017 122790 1.4 24 17 9 20 69%  65 76606 143 105%
c - 594.31 295 23 91 839 316541 1 16187966 128361 1.5 24 17 9 20 68%  65 76606 143 105%
c - 595.09 295 23 91 840 316548 1 16216931 128288 1.5 24 16 9 20 68%  65 76606 143 105%
c - 595.95 295 23 91 841 316559 1 16245915 123685 1.4 24 17 9 20 67%  65 76606 143 105%
c - 596.91 295 23 91 842 316571 1 16274915 124689 1.4 24 16 9 20 67%  65 76606 143 105%
c W 597.07 294 23 91 842 316572 1 16280444 129645 1.4 24 16 9 20 67%  65 76606 143 105%
c - 597.78 295 24 91 843 316579 1 16303935 126137 1.4 24 16 9 20 65%  65 76606 143 105%
c
c seconds     switched       rate             size/glue  tier1    binary       remaining
c          MB   reductions      conflicts           size   tier2     irredundant
c           level      restarts         redundant      glue    trail       variables
c
c ] 597.81 292 23 92 843 316580 1 16304885 126900 1.4 24 16 9 20 65%  65 76606 143 105%
c { 597.81 292 14 92 843 316580 1 16304885 126900 1.6 16 10 5 12 68%  65 76606 143 105%
c - 599.40 294 15 92 844 319015 2 16332972 120661 1.6 16 10 5 12 65%  65 76606 143 105%
c - 600.72 294 15 92 845 321041 2 16362025 117999 1.6 17 11 5 12 64%  65 76606 143 105%
c - 602.28 295 16 92 846 323330 2 16391094 119195 1.6 17 11 5 12 62%  65 76606 143 105%
c u 603.07 307 16 92 846 323571 2 16408602 130888 1.6 17 11 5 12 61%  65 76606 143 105%
c v 603.42 309 16 92 846 323571 2 16408602 130398 1.6 17 11 5 12 61%  65 76606 143 105%
c w 603.54 309 16 92 846 323571 2 16408602 130280 1.6 17 11 5 12 61%  65 76606 143 105%
c x 603.76 311 16 92 846 323571 2 16408602 130260 1.6 17 11 5 12 61%  65 76228 143 105%
c f 603.77 295 16 92 846 323571 2 16408602 130260 1.6 17 11 5 12 61%  66 76210 144 106%
c u 604.06 296 16 92 846 323571 2 16408602 129269 1.6 17 11 5 12 61%  66 76210 144 106%
c v 604.40 305 16 92 846 323571 2 16408602 128902 1.6 17 11 5 12 61%  66 76210 144 106%
c w 604.51 307 16 92 846 323571 2 16408602 128831 1.6 17 11 5 12 61%  66 76210 144 106%
c x 604.73 308 16 92 846 323571 2 16408602 128809 1.6 17 11 5 12 61%  66 76009 144 106%
c - 605.40 295 16 92 847 324365 2 16420180 116652 1.6 18 11 5 12 60%  66 76009 144 106%
c - 606.81 295 17 92 848 326187 2 16449284 119001 1.6 18 11 5 12 60%  66 76009 144 106%
c - 608.01 295 17 92 849 327268 2 16478404 122804 1.7 18 11 5 12 61%  66 76009 144 106%
c - 609.31 295 17 92 850 328822 2 16507541 125294 1.8 19 11 5 12 62%  66 76009 144 106%
c o 609.87 295 17 92 850 329505 2 16521855 136440 1.8 19 11 5 12 62%  66 76009 144 106%
c - 610.58 294 17 92 851 330274 2 16536697 126126 1.8 19 11 5 12 63%  66 76009 144 106%
c
c seconds     switched       rate             size/glue  tier1    binary       remaining
c          MB   reductions      conflicts           size   tier2     irredundant
c           level      restarts         redundant      glue    trail       variables
c
c - 611.88 295 17 92 852 332003 2 16565872 127022 1.8 19 11 5 12 62%  66 76009 144 106%
c - 613.47 295 17 92 853 334200 2 16595061 129135 1.7 19 11 5 12 61%  66 76009 144 106%
c - 614.72 295 17 92 854 335277 2 16624267 131887 1.7 19 11 5 12 62%  66 76009 144 106%
c s 616.12 295 17 92 854 336030 2 16636681 142458 1.7 19 11 5 12 62%  66 75165 144 106%
c e 616.12 296 17 92 854 336030 2 16636681 142458 1.7 19 11 5 12 62%  50 75255 135 99%
c s 616.20 296 17 92 854 336030 2 16636681 142458 1.7 19 11 5 12 62%  50 75228 135 99%
c - 617.01 295 17 92 855 336741 2 16653491 132297 1.7 19 11 5 12 61%  50 75228 135 99%
c - 618.44 296 18 92 856 338354 2 16682733 134708 1.7 19 11 5 12 61%  50 75228 135 99%
c - 620.13 295 18 92 857 340471 2 16711991 136900 1.7 19 11 5 12 60%  50 75228 135 99%
c } 620.77 295 18 93 857 340905 2 16726889 148749 1.7 19 11 5 12 60%  50 75228 135 99%
c [ 620.77 295 23 93 857 340905 1 16726889 148749 1.4 24 16 9 20 65%  50 75228 135 99%
c - 621.23 295 22 93 858 340913 1 16741265 136888 1.4 23 16 9 20 64%  50 75228 135 99%
c - 622.10 295 21 93 859 340926 1 16770556 138416 1.5 22 15 9 20 64%  50 75228 135 99%
c - 623.05 296 20 93 860 340935 1 16799866 140818 1.5 22 14 9 19 64%  50 75228 135 99%
c I 623.16 296 20 93 860 340935 1 16803454 143846 1.5 22 14 9 19 64%  50 75228 135 99%
c - 624.02 295 20 93 861 340948 1 16829191 144251 1.5 22 14 9 19 65%  50 75228 135 99%
c u 624.59 310 20 93 861 340950 1 16834881 147455 1.5 22 14 9 19 65%  50 75228 135 99%
c v 625.03 312 20 93 861 340950 1 16834881 145888 1.5 22 14 9 19 65%  50 75228 135 99%
c w 625.20 312 20 93 861 340950 1 16834881 144899 1.5 22 14 9 19 65%  50 75228 135 99%
c x 625.48 313 20 93 861 340950 1 16834881 144884 1.5 22 14 9 19 65%  50 75084 135 99%
c
c seconds     switched       rate             size/glue  tier1    binary       remaining
c          MB   reductions      conflicts           size   tier2     irredundant
c           level      restarts         redundant      glue    trail       variables
c
c f 625.49 295 20 93 861 340950 1 16834881 144884 1.5 22 14 9 19 65%  55 75026 138 101%
c u 625.84 307 20 93 861 340950 1 16834881 143494 1.5 22 14 9 19 65%  55 75026 138 101%
c v 626.27 309 20 93 861 340950 1 16834881 143027 1.5 22 14 9 19 65%  55 75026 138 101%
c w 626.43 309 20 93 861 340950 1 16834881 142197 1.5 22 14 9 19 65%  55 75026 138 101%
c x 626.71 310 20 93 861 340950 1 16834881 142189 1.5 22 14 9 19 65%  55 74977 138 101%
c - 627.55 295 19 93 862 340960 1 16858533 142350 1.5 21 14 9 19 66%  55 74977 138 101%
c - 628.53 295 19 93 863 340966 1 16887893 146482 1.5 21 14 9 19 65%  55 74977 138 101%
c - 629.54 296 18 93 864 340967 1 16917269 145546 1.5 21 13 9 19 64%  55 74977 138 101%
c - 630.50 295 18 93 865 340981 1 16946662 144306 1.5 20 13 9 19 64%  55 74977 138 101%
c - 631.22 295 17 93 866 340994 1 16976072 146192 1.6 20 13 9 19 67%  55 74977 138 101%
c - 632.08 295 18 93 867 340998 1 17005500 145977 1.6 21 13 9 19 66%  55 74977 138 101%
c - 633.03 295 19 93 868 341013 1 17034944 141812 1.5 22 14 9 19 65%  55 74977 138 101%
c - 634.02 296 19 93 869 341027 1 17064405 145436 1.5 22 15 9 19 63%  55 74977 138 101%
c - 635.06 296 19 93 870 341030 1 17093883 149146 1.5 22 14 9 19 64%  55 74977 138 101%
c - 636.08 296 19 93 871 341031 1 17123378 151019 1.5 22 14 9 19 63%  55 74977 138 101%
c - 637.09 296 19 93 872 341031 1 17152891 150786 1.5 22 14 9 19 63%  55 74977 138 101%
c - 638.14 296 19 93 873 341031 1 17182422 152194 1.6 22 14 9 19 63%  55 74977 138 101%
c - 639.18 297 19 93 874 341045 1 17211968 153950 1.6 22 14 9 19 62%  55 74977 138 101%
c o 639.74 297 18 93 874 341052 1 17227289 166976 1.6 22 14 9 19 62%  55 74977 138 101%
c - 640.22 296 18 93 875 341059 1 17241531 152736 1.6 22 14 9 19 63%  55 74977 138 101%
c
c seconds     switched       rate             size/glue  tier1    binary       remaining
c          MB   reductions      conflicts           size   tier2     irredundant
c           level      restarts         redundant      glue    trail       variables
c
c u 641.40 312 19 93 875 341062 1 17267213 172482 1.6 22 13 9 19 63%  55 74977 138 101%
c v 641.90 315 19 93 875 341062 1 17267213 170258 1.6 22 13 9 19 63%  55 74977 138 101%
c w 642.09 315 19 93 875 341062 1 17267213 168935 1.6 22 13 9 19 63%  55 74977 138 101%
c - 644.72 296 19 93 876 341063 1 17271112 147964 1.6 22 13 9 19 63%  55 74977 138 101%
c - 645.44 296 19 93 877 341077 1 17300710 144571 1.5 21 14 9 19 63%  55 74977 138 101%
c - 646.15 297 19 93 878 341092 1 17330326 141681 1.5 21 14 9 19 63%  55 74977 138 101%
c ] 646.22 295 19 94 878 341092 1 17332158 143112 1.5 21 14 9 19 63%  55 74977 138 101%
c { 646.22 295 18 94 878 341092 2 17332158 143112 1.7 19 11 5 12 60%  55 74977 138 101%
c - 647.50 296 18 94 879 342418 2 17359960 146700 1.7 20 11 5 12 61%  55 74977 138 101%
c - 648.87 297 18 94 880 343609 2 17389607 146530 1.7 20 11 5 12 62%  55 74977 138 101%
c - 650.40 296 18 94 881 345113 2 17419271 146742 1.8 20 11 5 12 62%  55 74977 138 101%
c - 651.73 297 18 94 882 346382 2 17448953 147219 1.8 20 11 5 12 63%  55 74977 138 101%
c - 653.12 297 18 94 883 347803 2 17478651 146536 1.7 20 11 5 12 62%  55 74977 138 101%
c - 654.39 297 17 94 884 348854 2 17508370 146866 1.7 19 11 5 12 62%  55 74977 138 101%
c - 655.72 297 17 94 885 349914 2 17538103 146402 1.7 19 11 5 12 63%  55 74977 138 101%
c - 656.94 296 16 94 886 350600 2 17567852 145280 1.6 18 11 5 12 64%  55 74977 138 101%
c - 658.39 296 16 94 887 352175 2 17597617 147862 1.7 18 11 5 12 62%  55 74977 138 101%
c - 659.77 296 17 94 888 353798 2 17627399 150008 1.7 19 11 5 12 62%  55 74977 138 101%
c - 661.38 297 18 94 889 355760 2 17657199 152027 1.7 19 11 5 12 61%  55 74977 138 101%
c - 662.95 297 18 94 890 357329 2 17687016 154371 1.7 19 11 5 12 61%  55 74977 138 101%
c
c seconds     switched       rate             size/glue  tier1    binary       remaining
c          MB   reductions      conflicts           size   tier2     irredundant
c           level      restarts         redundant      glue    trail       variables
c
c u 664.30 313 18 94 890 358073 2 17705514 168634 1.7 19 11 5 12 61%  55 74977 138 101%
c v 664.74 315 18 94 890 358073 2 17705514 168243 1.7 19 11 5 12 61%  55 74977 138 101%
c w 664.90 315 18 94 890 358073 2 17705514 168145 1.7 19 11 5 12 61%  55 74977 138 101%
c x 665.19 317 18 94 890 358073 2 17705514 168137 1.7 19 11 5 12 61%  55 74886 138 101%
c - 665.87 296 18 94 891 358747 2 17716848 155326 1.7 19 11 5 12 61%  55 74886 138 101%
c - 667.48 296 18 94 892 360253 2 17746699 157509 1.7 19 11 5 12 60%  55 74886 138 101%
c } 668.71 297 18 95 892 361289 2 17771144 177595 1.7 19 11 5 12 59%  55 74886 138 101%
c [ 668.71 297 19 95 892 361289 1 17771144 177595 1.5 21 14 9 19 63%  55 74886 138 101%
c B 668.71 297 19 95 892 361289 1 17771144 177595 1.5 21 14 9 19 63%  55 74886 138 101%
c - 668.87 296 19 95 893 361293 1 17776567 159383 1.5 21 14 9 19 63%  55 74886 138 101%
c - 669.80 297 19 95 894 361306 1 17806450 159483 1.5 21 14 9 19 64%  55 74886 138 101%
c s 670.61 297 19 95 894 361314 1 17821564 171225 1.5 21 14 9 19 65%  55 74795 138 101%
c e 670.61 297 19 95 894 361314 1 17821564 171225 1.5 21 14 9 19 65%  50 74821 135 99%
c o 670.77 296 19 95 894 361314 1 17821564 169550 1.5 21 14 9 19 65%  50 74821 135 99%
c - 671.23 297 20 95 895 361318 1 17836349 157053 1.5 21 14 9 19 65%  50 74821 135 99%
c - 672.18 297 21 95 896 361326 1 17866266 158885 1.5 21 14 9 19 64%  50 74821 135 99%
c - 673.36 296 22 95 897 361341 1 17896200 155912 1.4 22 15 9 19 63%  50 74821 135 99%
c - 674.19 297 23 95 898 361350 1 17926150 152220 1.4 23 16 9 19 66%  50 74821 135 99%
c - 675.05 297 24 95 899 361351 1 17956118 154992 1.5 23 16 9 19 67%  50 74821 135 99%
c - 676.14 297 24 95 900 361361 1 17986101 161244 1.5 24 16 9 19 67%  50 74821 135 99%
c
c seconds     switched       rate             size/glue  tier1    binary       remaining
c          MB   reductions      conflicts           size   tier2     irredundant
c           level      restarts         redundant      glue    trail       variables
c
c - 677.16 297 24 95 901 361373 1 18016101 164050 1.5 24 16 9 19 67%  50 74821 135 99%
c - 678.48 297 23 95 902 361382 1 18046118 166051 1.5 23 16 9 19 66%  50 74821 135 99%
c - 679.49 297 23 95 903 361396 1 18076152 167540 1.5 23 15 9 19 66%  50 74821 135 99%
c - 680.55 297 22 95 904 361410 1 18106202 164283 1.5 23 15 9 19 65%  50 74821 135 99%
c - 681.61 298 22 95 905 361413 1 18136269 162015 1.5 23 15 9 19 65%  50 74821 135 99%
c u 682.44 314 23 95 905 361414 1 18149790 173246 1.6 23 15 9 19 66%  50 74821 135 99%
c v 682.84 316 23 95 905 361414 1 18149790 172523 1.6 23 15 9 19 66%  50 74821 135 99%
c w 683.00 317 23 95 905 361414 1 18149790 172030 1.6 23 15 9 19 66%  50 74821 135 99%
c x 683.24 318 23 95 905 361414 1 18149790 172026 1.6 23 15 9 19 66%  50 74588 135 99%
c f 683.25 297 23 95 905 361414 1 18149790 172026 1.6 23 15 9 19 66%  52 74568 136 100%
c u 683.57 308 23 95 905 361414 1 18149790 170258 1.6 23 15 9 19 66%  52 74568 136 100%
c v 683.96 313 23 95 905 361414 1 18149790 169451 1.6 23 15 9 19 66%  52 74568 136 100%
c w 684.12 313 23 95 905 361414 1 18149790 169171 1.6 23 15 9 19 66%  52 74568 136 100%
c x 684.37 315 23 95 905 361414 1 18149790 169154 1.6 23 15 9 19 66%  52 74408 136 100%
c - 685.12 297 22 95 906 361414 1 18166355 159037 1.6 23 15 9 19 65%  52 74408 136 100%
c - 686.19 298 22 95 907 361415 1 18196456 162951 1.6 23 14 9 19 65%  52 74408 136 100%
c - 687.12 297 22 95 908 361415 1 18226572 165838 1.6 23 14 8 19 67%  52 74408 136 100%
c - 688.20 297 22 95 909 361428 1 18256705 165749 1.6 23 14 8 19 68%  52 74408 136 100%
c - 689.35 298 22 95 910 361441 1 18286854 167311 1.6 22 14 8 19 67%  52 74408 136 100%
c - 690.64 297 21 95 911 361446 1 18317021 169013 1.6 22 13 8 19 64%  52 74408 136 100%
c
c seconds     switched       rate             size/glue  tier1    binary       remaining
c          MB   reductions      conflicts           size   tier2     irredundant
c           level      restarts         redundant      glue    trail       variables
c
c W 690.69 294 21 95 911 361446 1 18317021 169013 1.6 22 13 8 19 64%  52 74408 136 100%
c - 691.91 298 20 95 912 361461 1 18347203 164965 1.6 21 13 8 19 64%  52 74408 136 100%
c ] 692.45 297 20 96 912 361468 1 18365385 180436 1.6 21 13 8 19 64%  52 74408 136 100%
c { 692.45 297 18 96 912 361468 2 18365385 180436 1.7 19 11 5 12 59%  52 74408 136 100%
c - 693.14 297 18 96 913 362058 2 18377403 164464 1.7 19 11 5 12 59%  52 74408 136 100%
c o 693.45 297 18 96 913 362205 2 18384093 169662 1.7 19 11 5 12 59%  52 74408 136 100%
c - 694.74 300 18 96 914 363660 2 18407620 159016 1.7 19 11 5 12 59%  52 74408 136 100%
c - 696.21 297 18 96 915 364824 2 18437852 157317 1.7 19 11 5 12 60%  52 74408 136 100%
c - 697.70 297 18 96 916 366353 2 18468100 158325 1.7 19 11 5 12 61%  52 74408 136 100%
c - 699.35 298 18 96 917 367800 2 18498365 158594 1.7 20 11 5 12 60%  52 74408 136 100%
c - 700.60 297 17 96 918 368330 2 18528648 155664 1.7 18 11 5 12 62%  52 74408 136 100%
c - 701.80 297 15 96 919 368480 1 18558946 150297 1.6 17 11 5 12 63%  52 74408 136 100%
c - 703.42 297 16 96 920 370621 2 18589262 153583 1.6 17 11 5 12 62%  53 74408 136 100%
c u 704.24 310 16 96 920 370887 2 18600116 160444 1.6 17 11 5 12 61%  53 74408 136 100%
c v 704.67 313 16 96 920 370887 2 18600116 143618 1.6 17 11 5 12 61%  53 74408 136 100%
c w 704.82 313 16 96 920 370887 2 18600116 143524 1.6 17 11 5 12 61%  53 74408 136 100%
c x 705.12 314 16 96 920 370887 2 18600116 143510 1.6 17 11 5 12 61%  53 74261 136 100%
c - 706.21 297 16 96 921 372401 2 18619593 150666 1.6 18 11 5 12 60%  53 74261 136 100%
c - 708.00 297 17 96 922 374795 2 18649940 158039 1.6 18 11 5 12 60%  53 74261 136 100%
c - 709.51 297 17 96 923 376157 2 18680304 162252 1.7 19 11 5 12 61%  53 74261 136 100%
c
c seconds     switched       rate             size/glue  tier1    binary       remaining
c          MB   reductions      conflicts           size   tier2     irredundant
c           level      restarts         redundant      glue    trail       variables
c
c - 711.14 297 17 96 924 377710 2 18710686 164091 1.7 19 11 5 12 60%  53 74261 136 100%
c - 712.88 297 18 96 925 379652 2 18741086 166311 1.7 19 11 5 12 60%  53 74261 136 100%
c - 714.56 297 18 96 926 381107 2 18771500 168730 1.7 19 11 5 12 61%  53 74261 136 100%
c - 716.14 297 18 96 927 382571 2 18801930 170580 1.7 20 11 5 12 61%  53 74261 136 100%
c } 717.16 297 18 97 927 383590 2 18821648 187172 1.7 19 11 5 12 60%  53 74261 136 100%
c [ 717.16 297 20 97 927 383590 1 18821648 187172 1.6 21 13 8 19 64%  53 74261 136 100%
c - 717.44 298 21 97 928 383596 1 18832376 171682 1.6 21 14 8 19 65%  53 74261 136 100%
c - 718.29 297 22 97 929 383610 1 18862839 170460 1.6 22 14 8 19 66%  53 74261 136 100%
c O 718.53 297 23 97 929 383617 1 18874461 179756 1.5 22 15 8 19 66%  53 74261 136 100%
c - 719.20 298 23 97 930 383620 1 18893319 167537 1.5 22 15 8 19 66%  53 74261 136 100%
c - 720.31 297 23 97 931 383633 1 18923814 165529 1.5 23 15 8 19 65%  53 74261 136 100%
c - 721.39 297 23 97 932 383645 1 18954326 171221 1.5 23 15 8 19 65%  53 74261 136 100%
c o 721.40 296 23 97 932 383646 1 18954575 171439 1.5 23 15 8 19 65%  53 74261 136 100%
c - 722.09 297 25 97 933 383651 1 18984854 172022 1.5 23 15 8 19 64%  53 74261 136 100%
c - 723.09 298 24 97 934 383652 1 19015399 169548 1.5 23 15 8 19 61%  53 74261 136 100%
c - 724.08 298 24 97 935 383666 1 19045961 176263 1.5 23 15 8 19 63%  53 74261 136 100%
c s 725.02 298 23 97 935 383667 1 19054960 182641 1.5 22 15 8 19 63%  53 73861 136 100%
c u 725.44 315 23 97 935 383669 1 19056477 182742 1.5 22 15 8 19 63%  53 73861 136 100%
c v 725.89 317 23 97 935 383669 1 19056477 182111 1.5 22 15 8 19 63%  53 73861 136 100%
c w 726.07 318 23 97 935 383669 1 19056477 181553 1.5 22 15 8 19 63%  53 73861 136 100%
c
c seconds     switched       rate             size/glue  tier1    binary       remaining
c          MB   reductions      conflicts           size   tier2     irredundant
c           level      restarts         redundant      glue    trail       variables
c
c x 726.37 320 23 97 935 383669 1 19056477 181532 1.5 22 15 8 19 63%  53 73706 136 100%
c - 727.06 297 23 97 936 383681 1 19076538 174294 1.5 22 15 8 19 63%  53 73706 136 100%
c - 728.05 297 22 97 937 383686 1 19107133 178611 1.5 22 15 8 19 64%  53 73706 136 100%
c - 729.05 301 21 97 938 383698 1 19137743 181606 1.5 21 14 8 19 62%  53 73706 136 100%
c - 729.99 297 21 97 939 383713 1 19168369 180635 1.5 21 14 8 19 62%  53 73706 136 100%
c - 731.23 298 22 97 940 383715 1 19199013 177095 1.5 22 15 8 19 63%  53 73706 136 100%
c - 732.38 306 23 97 941 383716 1 19229672 171814 1.5 22 15 8 19 63%  53 73706 136 100%
c - 733.48 298 23 97 942 383716 1 19260347 174634 1.5 23 15 8 19 62%  53 73706 136 100%
c - 734.39 308 23 97 943 383719 1 19291040 177484 1.5 23 16 8 19 64%  53 73706 136 100%
c - 735.37 298 23 97 944 383732 1 19321748 172933 1.5 23 16 8 19 65%  53 73706 136 100%
c - 736.34 298 23 97 945 383746 1 19352473 176596 1.5 23 16 8 19 65%  53 73706 136 100%
c - 737.39 306 23 97 946 383754 1 19383213 178177 1.5 23 16 8 19 65%  53 73706 136 100%
c - 738.54 307 22 97 947 383769 1 19413970 178442 1.5 22 15 8 19 64%  53 73706 136 100%
c B 739.60 297 21 97 947 383778 1 19443546 203408 1.5 22 15 8 19 64%  53 73706 136 100%
c - 739.66 298 21 97 948 383778 1 19444743 181702 1.5 22 15 8 19 63%  53 73706 136 100%
c - 740.69 298 22 97 949 383779 1 19475536 178250 1.5 22 15 8 19 62%  53 73706 136 100%
c - 741.66 298 22 97 950 383791 1 19506341 167946 1.5 22 15 8 19 60%  53 73706 136 100%
c ] 741.96 297 22 98 950 383794 1 19516106 175937 1.5 22 15 8 19 59%  53 73706 136 100%
c { 741.96 297 18 98 950 383794 2 19516106 175937 1.7 19 11 5 12 60%  53 73706 136 100%
c u 742.41 314 18 98 950 383925 2 19518901 176967 1.7 20 11 5 12 60%  53 73706 136 100%
c
c seconds     switched       rate             size/glue  tier1    binary       remaining
c          MB   reductions      conflicts           size   tier2     irredundant
c           level      restarts         redundant      glue    trail       variables
c
c v 742.78 318 18 98 950 383925 2 19518901 176383 1.7 20 11 5 12 60%  53 73706 136 100%
c w 742.93 318 18 98 950 383925 2 19518901 175991 1.7 20 11 5 12 60%  53 73706 136 100%
c x 743.18 319 18 98 950 383925 2 19518901 175984 1.7 20 11 5 12 60%  53 73539 136 100%
c o 744.09 298 18 98 950 384306 2 19536256 191013 1.7 20 11 5 12 60%  53 73539 136 100%
c - 744.16 298 18 98 951 384360 2 19537163 165951 1.7 20 11 5 12 60%  53 73539 136 100%
c - 745.65 298 18 98 952 385039 2 19568001 166468 1.8 20 11 5 12 61%  53 73539 136 100%
c - 747.39 298 18 98 953 385728 1 19598855 168353 1.8 20 11 5 12 61%  54 73538 136 100%
c - 749.35 298 18 98 954 386903 1 19629725 156292 1.8 20 11 4 12 61%  54 73538 136 100%
c - 751.33 298 18 98 955 388230 1 19660612 153488 1.9 20 11 4 12 61%  54 73538 136 100%
c - 753.04 297 18 98 956 389442 1 19691515 152944 1.9 21 11 4 12 62%  54 73538 136 100%
c - 754.88 298 18 98 957 390797 1 19722434 152877 1.9 21 11 4 12 62%  54 73538 136 100%
c - 756.45 298 18 98 958 392051 1 19753370 151375 1.9 20 11 4 12 61%  54 73538 136 100%
c - 758.23 298 18 98 959 393582 1 19784323 151524 1.9 20 11 4 12 61%  54 73538 136 100%
c - 759.80 298 18 98 960 394810 1 19815290 152709 1.9 20 11 4 12 62%  55 73538 136 100%
c - 761.78 298 18 98 961 396299 1 19846276 153804 1.9 20 11 4 12 62%  55 73538 136 100%
c - 763.50 298 18 98 962 397715 1 19877277 155140 1.9 20 11 4 12 62%  55 73538 136 100%
c - 765.37 298 18 98 963 399368 1 19908293 155624 1.9 21 11 4 12 62%  55 73538 136 100%
c - 766.98 298 18 98 964 400442 1 19939325 156512 1.9 21 11 4 12 64%  55 73538 136 100%
c - 768.94 298 18 98 965 401909 1 19970374 157663 2.0 21 11 4 12 64%  55 73538 136 100%
c u 770.60 298 18 98 965 403018 1 19987366 170273 1.9 21 11 4 12 64%  56 73538 136 100%
c
c seconds     switched       rate             size/glue  tier1    binary       remaining
c          MB   reductions      conflicts           size   tier2     irredundant
c           level      restarts         redundant      glue    trail       variables
c
c v 771.26 315 18 98 965 403018 1 19987366 169703 1.9 21 11 4 12 64%  56 73538 136 100%
c w 771.49 315 18 98 965 403018 1 19987366 169424 1.9 21 11 4 12 64%  56 73538 136 100%
c x 771.93 319 18 98 965 403018 1 19987366 169397 1.9 21 11 4 12 64%  56 73285 136 100%
c t 771.94 319 18 98 965 403018 1 19987366 169397 1.9 21 11 4 12 64%  55 73285 136 100%
c } 772.14 297 18 99 965 403213 1 19989940 171615 1.9 21 11 4 12 64%  55 73285 136 100%
c [ 772.14 297 22 99 965 403213 1 19989940 171615 1.5 22 15 8 19 59%  55 73285 136 100%
c - 772.41 298 21 99 966 403219 1 20001438 156029 1.5 22 15 8 19 60%  55 73285 136 100%
c W 772.98 294 20 99 966 403229 1 20024365 172681 1.5 21 14 8 19 60%  55 73285 136 100%
c - 773.20 298 20 99 967 403234 1 20032520 151889 1.5 21 14 8 19 61%  55 73285 136 100%
c - 774.06 298 19 99 968 403243 1 20063616 150712 1.5 20 13 8 19 62%  55 73285 136 100%
c - 774.86 298 20 99 969 403257 1 20094731 152229 1.6 21 14 8 19 65%  55 73285 136 100%
c - 775.79 298 21 99 970 403271 1 20125861 149981 1.6 22 14 8 19 67%  55 73285 136 100%
c - 776.73 298 22 99 971 403275 1 20157005 152054 1.6 23 15 8 19 69%  55 73285 136 100%
c - 777.53 298 22 99 972 403275 1 20188165 158348 1.6 24 15 8 19 71%  55 73285 136 100%
c - 778.45 298 22 99 973 403290 1 20219341 161209 1.6 24 15 8 19 72%  55 73285 136 100%
c - 779.46 298 21 99 974 403305 1 20250536 161784 1.6 24 14 8 19 72%  55 73285 136 100%
c - 780.49 298 20 99 975 403313 1 20281747 162090 1.7 23 14 8 19 71%  55 73285 136 100%
c - 781.30 298 21 99 976 403327 1 20312973 163282 1.6 23 14 8 19 70%  55 73285 136 100%
c s 782.60 298 21 99 976 403336 1 20337622 182678 1.6 23 14 8 19 69%  55 72983 136 100%
c e 782.61 299 21 99 976 403336 1 20337622 182678 1.6 23 14 8 19 69%  53 73001 135 99%
c
c seconds     switched       rate             size/glue  tier1    binary       remaining
c          MB   reductions      conflicts           size   tier2     irredundant
c           level      restarts         redundant      glue    trail       variables
c
c o 782.62 297 21 99 976 403336 1 20337622 182431 1.6 23 14 8 19 69%  53 73001 135 99%
c - 782.84 298 21 99 977 403337 1 20344214 155034 1.6 23 14 8 19 69%  53 73001 135 99%
c - 783.65 298 24 99 978 403338 1 20375470 151481 1.6 23 15 8 19 70%  53 73001 135 99%
c - 784.47 298 25 99 979 403339 1 20406744 141673 1.5 24 15 8 19 69%  53 73001 135 99%
c - 785.47 298 26 99 980 403339 1 20438033 146056 1.5 24 16 8 19 69%  53 73001 135 99%
c u 786.56 313 27 99 980 403342 1 20461909 166200 1.6 25 16 8 19 70%  53 73001 135 99%
c v 786.87 314 27 99 980 403342 1 20461909 165350 1.6 25 16 8 19 70%  53 73001 135 99%
c w 787.00 320 27 99 980 403342 1 20461909 165137 1.6 25 16 8 19 70%  53 73001 135 99%
c x 787.22 320 27 99 980 403342 1 20461909 165137 1.6 25 16 8 19 70%  53 72993 135 99%
c - 787.47 298 26 99 981 403346 1 20469338 148793 1.6 25 16 8 19 69%  53 72993 135 99%
c - 788.44 298 25 99 982 403361 1 20500660 154376 1.6 24 15 8 19 68%  53 72993 135 99%
c - 789.35 298 24 99 983 403370 1 20531996 155823 1.6 24 15 8 19 68%  53 72993 135 99%
c - 790.27 298 23 99 984 403384 1 20563349 155014 1.6 23 14 8 19 68%  53 72993 135 99%
c - 791.30 302 22 99 985 403398 1 20594718 157349 1.6 23 14 8 19 68%  53 72993 135 99%
c I 791.86 297 22 99 985 403401 1 20616999 176937 1.6 23 14 8 19 68%  53 72993 135 99%
c - 792.26 298 22 99 986 403402 1 20626102 157635 1.6 23 14 8 19 67%  53 72993 135 99%
c - 793.23 298 22 99 987 403403 1 20657502 152200 1.6 23 14 8 19 68%  54 72993 135 99%
c - 794.21 298 23 99 988 403417 1 20688919 151437 1.6 23 14 8 19 68%  54 72993 135 99%
c - 795.19 298 22 99 989 403432 1 20720351 148396 1.6 23 14 8 19 67%  54 72993 135 99%
c - 796.11 298 23 99 990 403440 1 20751800 151658 1.6 23 15 8 19 69%  54 72993 135 99%
c
c seconds     switched       rate             size/glue  tier1    binary       remaining
c          MB   reductions      conflicts           size   tier2     irredundant
c           level      restarts         redundant      glue    trail       variables
c
c - 797.01 298 23 99 991 403455 1 20783265 151511 1.5 23 15 8 19 68%  54 72993 135 99%
c - 798.01 298 23 99 992 403464 1 20814748 151073 1.5 23 15 8 19 68%  54 72993 135 99%
c - 798.85 298 23 99 993 403465 1 20846244 153916 1.6 23 15 8 19 69%  54 72993 135 99%
c - 799.83 298 23 99 994 403466 1 20877755 151258 1.6 23 15 8 19 70%  54 72993 135 99%
c - 800.83 298 23 99 995 403466 1 20909282 150657 1.6 24 15 8 19 71%  54 72993 135 99%
c ] 801.74 298 23 100 995 403467 1 20937249 175271 1.6 24 14 8 19 71%  54 72993 135 99%
c { 801.74 298 18 100 995 403467 1 20937249 175271 1.9 21 11 4 12 64%  54 72993 135 99%
c o 801.82 298 18 100 995 403511 1 20939260 176947 1.9 21 11 4 12 64%  54 72993 135 99%
c - 801.95 298 18 100 996 403634 1 20940826 147206 1.9 21 11 4 12 63%  54 72993 135 99%
c u 802.44 310 18 100 996 403705 1 20942538 145777 1.9 21 11 4 12 63%  54 72993 135 99%
c v 802.92 314 18 100 996 403705 1 20942538 138657 1.9 21 11 4 12 63%  54 72993 135 99%
c w 803.11 315 18 100 996 403705 1 20942538 118998 1.9 21 11 4 12 63%  54 72993 135 99%
c - 804.61 298 18 100 997 405580 2 20972386 124360 1.9 21 11 4 12 62%  54 72993 135 99%
c - 806.16 298 18 100 998 407519 2 21003961 128849 1.8 21 11 4 12 62%  54 72993 135 99%
c - 807.48 298 18 100 999 408460 2 21035554 130908 1.8 20 11 4 12 63%  54 72993 135 99%
c - 808.91 298 18 100 1000 410056 2 21067160 133553 1.8 20 11 4 12 63%  54 72993 135 99%
c - 810.43 298 18 100 1001 411697 2 21098783 135338 1.8 20 11 4 12 63%  54 72993 135 99%
c - 811.92 298 18 100 1002 413257 2 21130422 135046 1.8 20 11 4 12 61%  54 72993 135 99%
c - 813.66 298 18 100 1003 415280 2 21162077 136123 1.7 20 11 4 12 60%  54 72993 135 99%
c - 815.38 298 18 100 1004 417095 2 21193748 138118 1.7 20 11 4 12 60%  54 72993 135 99%
c
c seconds     switched         rate             size/glue  tier1    binary       remaining
c          MB     reductions      conflicts           size   tier2     irredundant
c           level        restarts         redundant      glue    trail       variables
c
c - 816.78 298 18 100 1005 418349 2 21225433 139443 1.7 20 11 4 12 60%  54 72993 135 99%
c - 818.35 298 18 100 1006 419842 2 21257134 141131 1.7 19 11 4 12 59%  54 72993 135 99%
c - 819.72 298 18 100 1007 420927 2 21288854 143506 1.8 20 11 4 12 61%  54 72993 135 99%
c - 821.34 298 18 100 1008 422753 2 21320589 144530 1.8 20 11 4 12 61%  54 72993 135 99%
c - 822.74 298 18 100 1009 424154 2 21352340 145024 1.7 20 11 4 12 62%  54 72993 135 99%
c - 823.82 298 17 100 1010 424797 2 21384105 144247 1.8 19 11 4 12 64%  55 72993 135 99%
c - 825.24 297 17 100 1011 426325 2 21415885 145655 1.7 19 11 4 12 64%  55 72993 135 99%
c } 825.80 298 17 101 1011 426859 2 21428947 156525 1.8 19 11 4 12 63%  55 72993 135 99%
c [ 825.80 298 23 101 1011 426859 1 21428947 156525 1.6 24 14 8 19 71%  55 72993 135 99%
c B 825.80 298 23 101 1011 426859 1 21428947 156525 1.6 24 14 8 19 71%  55 72993 135 99%
c u 826.30 309 23 101 1011 426859 1 21429237 153682 1.6 24 14 8 19 71%  55 72993 135 99%
c v 826.80 313 23 101 1011 426859 1 21429237 152948 1.6 24 14 8 19 71%  55 72993 135 99%
c w 826.97 314 23 101 1011 426859 1 21429237 152775 1.6 24 14 8 19 71%  55 72993 135 99%
c x 827.32 310 23 101 1011 426859 1 21429237 152768 1.6 24 14 8 19 71%  57 72273 135 99%
c f 827.33 298 23 101 1011 426859 1 21429237 152768 1.6 24 14 8 19 71%  60 72216 138 101%
c u 827.81 298 23 101 1011 426859 1 21429237 150628 1.6 24 14 8 19 71%  60 72216 138 101%
c v 828.31 311 23 101 1011 426859 1 21429237 148773 1.6 24 14 8 19 71%  60 72216 138 101%
c w 828.49 312 23 101 1011 426859 1 21429237 148596 1.6 24 14 8 19 71%  60 72216 138 101%
c x 828.82 313 23 101 1011 426859 1 21429237 148588 1.6 24 14 8 19 71%  60 72109 138 101%
c - 829.38 298 23 101 1012 426871 1 21447682 138391 1.6 23 15 8 19 70%  60 72109 138 101%
c
c seconds     switched         rate             size/glue  tier1    binary       remaining
c          MB     reductions      conflicts           size   tier2     irredundant
c           level        restarts         redundant      glue    trail       variables
c
c - 830.58 298 23 101 1013 426884 1 21479493 135332 1.5 23 15 8 19 67%  60 72109 138 101%
c - 831.45 298 23 101 1014 426889 1 21511321 138865 1.5 23 15 8 19 68%  60 72109 138 101%
c - 832.50 298 23 101 1015 426904 1 21543165 143833 1.5 23 15 8 19 66%  60 72109 138 101%
c - 833.59 298 22 101 1016 426919 1 21575025 150883 1.5 23 15 8 19 65%  60 72109 138 101%
c - 834.74 298 21 101 1017 426921 1 21606900 150549 1.5 22 15 8 18 64%  60 72109 138 101%
c - 835.85 299 21 101 1018 426928 1 21638791 155773 1.6 22 14 8 18 65%  60 72109 138 101%
c s 837.33 298 21 101 1018 426942 1 21670113 181988 1.5 22 14 8 18 65%  60 71967 138 101%
c e 837.33 298 21 101 1018 426942 1 21670113 181988 1.5 22 14 8 18 65%  56 71983 135 99%
c s 837.48 298 21 101 1018 426942 1 21670113 181988 1.5 22 14 8 18 65%  56 71963 135 99%
c o 837.49 298 21 101 1018 426942 1 21670113 180174 1.5 22 14 8 18 65%  56 71963 135 99%
c - 837.52 298 21 101 1019 426943 1 21670697 154995 1.5 22 14 8 18 66%  56 71963 135 99%
c - 838.40 298 23 101 1020 426952 1 21702619 146429 1.5 23 15 8 18 66%  56 71963 135 99%
c - 839.36 298 24 101 1021 426966 1 21734556 138810 1.5 23 15 8 18 66%  56 71963 135 99%
c - 840.43 298 23 101 1022 426980 1 21766509 144513 1.5 22 15 8 18 65%  56 71963 135 99%
c - 841.40 298 22 101 1023 426984 1 21798477 147905 1.5 22 15 8 18 64%  56 71963 135 99%
c - 842.40 298 22 101 1024 426985 1 21830461 147371 1.5 22 14 8 18 64%  56 71963 135 99%
c - 843.61 298 21 101 1025 426985 1 21862462 149298 1.5 22 14 8 18 63%  56 71963 135 99%
c - 844.89 298 20 101 1026 426985 1 21894477 148192 1.6 22 14 8 18 63%  56 71963 135 99%
c u 846.00 314 21 101 1026 427000 1 21922137 169133 1.5 21 14 8 18 63%  56 71963 135 99%
c v 846.41 317 21 101 1026 427000 1 21922137 167151 1.5 21 14 8 18 63%  56 71963 135 99%
c
c seconds     switched         rate             size/glue  tier1    binary       remaining
c          MB     reductions      conflicts           size   tier2     irredundant
c           level        restarts         redundant      glue    trail       variables
c
c w 846.58 317 21 101 1026 427000 1 21922137 164654 1.5 21 14 8 18 63%  56 71963 135 99%
c x 846.83 319 21 101 1026 427000 1 21922137 164639 1.5 21 14 8 18 63%  56 71574 135 99%
c f 846.84 298 21 101 1026 427000 1 21922137 164639 1.5 21 14 8 18 63%  61 71523 137 101%
c u 847.20 313 21 101 1026 427000 1 21922137 163990 1.5 21 14 8 18 63%  61 71523 137 101%
c v 847.63 315 21 101 1026 427000 1 21922137 153603 1.5 21 14 8 18 63%  61 71523 137 101%
c w 847.79 315 21 101 1026 427000 1 21922137 151336 1.5 21 14 8 18 63%  61 71523 137 101%
c x 848.04 316 21 101 1026 427000 1 21922137 151319 1.5 21 14 8 18 63%  61 71426 137 101%
c - 848.18 298 21 101 1027 427000 1 21926509 137687 1.5 21 14 8 18 63%  61 71426 137 101%
c - 849.03 298 21 101 1028 427015 1 21958558 141910 1.5 21 14 8 18 64%  61 71426 137 101%
c - 850.01 298 21 101 1029 427023 1 21990620 146329 1.5 21 14 8 18 64%  61 71426 137 101%
c - 851.24 299 20 101 1030 427038 1 22022700 150453 1.5 21 14 8 18 63%  61 71426 137 101%
c W 852.08 298 20 101 1030 427047 1 22045464 168803 1.6 21 13 8 18 64%  61 71426 137 101%
c - 852.41 298 20 101 1031 427047 1 22054793 152745 1.5 21 13 8 18 63%  61 71426 137 101%
c - 853.30 298 20 101 1032 427048 1 22086902 150931 1.5 21 14 8 18 64%  61 71426 137 101%
c ] 854.35 297 20 102 1032 427062 1 22116217 175187 1.6 21 13 8 18 64%  61 71426 137 101%
c { 854.35 297 17 102 1032 427062 2 22116217 175187 1.8 19 11 4 12 63%  61 71426 137 101%
c - 854.48 298 17 102 1033 427063 2 22119026 146046 1.8 19 11 4 12 63%  61 71426 137 101%
c - 855.64 297 16 102 1034 427349 1 22151166 149677 1.8 19 11 4 12 64%  62 71426 137 101%
c - 857.04 298 16 102 1035 427800 1 22183323 148063 1.8 19 10 4 11 64%  62 71426 137 101%
c - 858.41 298 16 102 1036 428235 1 22215494 148417 1.8 18 10 4 11 64%  62 71426 137 101%
c
c seconds     switched         rate             size/glue  tier1    binary       remaining
c          MB     reductions      conflicts           size   tier2     irredundant
c           level        restarts         redundant      glue    trail       variables
c
c - 859.73 298 15 102 1037 428647 1 22247680 148656 1.8 18 10 4 11 64%  62 71426 137 101%
c - 860.97 298 15 102 1038 429033 1 22279884 148834 1.8 18 10 4 11 65%  62 71426 137 101%
c o 861.41 298 15 102 1038 429153 1 22290907 158294 1.8 18 10 4 11 64%  62 71426 137 101%
c - 862.18 298 15 102 1039 429356 1 22312103 146274 1.8 18 10 4 11 65%  62 71426 137 101%
c - 863.67 298 14 102 1040 430139 1 22344336 145679 1.8 18 10 4 11 65%  62 71426 137 101%
c - 865.02 298 14 102 1041 430769 1 22376586 143723 1.8 17 9 4 11 64%  62 71426 137 101%
c - 866.47 298 14 102 1042 431878 1 22408850 142427 1.8 17 9 4 11 63%  62 71426 137 101%
c u 867.39 308 14 102 1042 432185 1 22421215 151547 1.8 17 9 4 11 63%  62 71426 137 101%
c v 867.84 312 14 102 1042 432185 1 22421215 149860 1.8 17 9 4 11 63%  62 71426 137 101%
c w 868.00 312 14 102 1042 432185 1 22421215 149429 1.8 17 9 4 11 63%  62 71426 137 101%
c x 868.30 314 14 102 1042 432185 1 22421215 149422 1.8 17 9 4 11 63%  62 71125 137 101%
c f 868.31 298 14 102 1042 432185 1 22421215 149422 1.8 17 9 4 11 63%  63 71090 139 102%
c u 868.72 298 14 102 1042 432185 1 22421215 148778 1.8 17 9 4 11 63%  63 71090 139 102%
c v 869.17 310 14 102 1042 432185 1 22421215 147659 1.8 17 9 4 11 63%  63 71090 139 102%
c w 869.32 311 14 102 1042 432185 1 22421215 147418 1.8 17 9 4 11 63%  63 71090 139 102%
c x 869.62 313 14 102 1042 432185 1 22421215 147416 1.8 17 9 4 11 63%  63 71036 139 102%
c - 870.67 298 14 102 1043 433141 1 22441130 140450 1.8 17 9 4 11 62%  64 71036 139 102%
c - 872.25 298 14 102 1044 434212 1 22473426 144559 1.8 17 9 4 11 63%  66 71036 139 102%
c - 873.72 298 14 102 1045 435428 1 22505736 145279 1.8 17 9 4 11 63%  66 71036 139 102%
c - 875.31 298 14 102 1046 436801 1 22538062 147154 1.8 17 10 4 11 62%  66 71036 139 102%
c
c seconds     switched         rate             size/glue tier1    binary       remaining
c          MB     reductions      conflicts           size  tier2     irredundant
c           level        restarts         redundant     glue    trail       variables
c
c - 876.73 298 13 102 1047 437480 1 22570405 149649 1.8 17 9 4 11 62%  67 71036 139 102%
c - 878.32 298 13 102 1048 438493 1 22602762 151234 1.8 17 9 4 11 62%  67 71036 139 102%
c } 879.48 298 14 103 1048 439549 1 22626069 170722 1.8 17 9 4 11 62%  67 71036 139 102%
c [ 879.48 298 20 103 1048 439549 1 22626069 170722 1.6 21 13 8 18 64%  67 71036 139 102%
c - 879.80 298 20 103 1049 439555 1 22635134 153208 1.5 21 13 8 18 64%  67 71036 139 102%
c - 881.00 298 20 103 1050 439570 1 22667524 151626 1.5 20 13 8 18 63%  67 71036 139 102%
c O 881.23 298 20 103 1050 439573 1 22674046 156838 1.5 21 13 8 18 63%  67 71036 139 102%
c - 882.02 299 20 103 1051 439579 1 22699928 149131 1.6 21 14 8 18 65%  67 71036 139 102%
c - 882.87 298 21 103 1052 439593 1 22732348 145726 1.6 22 14 8 18 66%  67 71036 139 102%
c - 883.97 298 21 103 1053 439608 1 22764782 145739 1.6 22 14 8 18 65%  67 71036 139 102%
c - 885.12 298 21 103 1054 439611 1 22797233 151088 1.6 23 14 8 18 65%  67 71036 139 102%
c - 886.37 298 21 103 1055 439615 1 22829698 150154 1.6 23 14 8 18 66%  67 71036 139 102%
c ] 886.73 297 21 103 1055 439620 1 22838850 158256 1.7 23 14 8 18 66%  67 71036 139 102%
c 1 886.73 297 14 103 1055 439620 1 22838850 158256 1.8 17 9 4 11 62%  67 71036 139 102%
c
c ---- [ result ] ------------------------------------------------------------
c
s SATISFIABLE
v -1 2 -3 -4 -5 -6 7 -8 -9 -10 11 12 13 -14 15 -16 17 -18 19 20 21 -22 -23 -24
v -25 26 -27 28 29 30 31 -32 33 34 35 36 37 -38 -39 -40 -41 -42 -43 44 45 -46
v 47 48 49 50 -51 -52 53 54 55 -56 -57 58 -59 60 61 62 63 -64 -65 66 67 68 -69
v -70 71 -72 73 74 75 -76 -77 78 -79 -80 81 82 83 84 85 86 -87 -88 89 -90 -91
v -92 93 94 95 96 97 98 -99 100 101 102 -103 104 105 106 107 -108 109 110 -111
v 112 113 -114 -115 116 117 118 119 -120 121 -122 123 124 125 -126 127 -128
v 129 130 131 132 -133 134 -135 136 0
c
c ---- [ profiling ] ---------------------------------------------------------
c
c         772.72   87.14 %  search
c         390.88   44.08 %  focused
c         381.84   43.06 %  stable
c         113.41   12.79 %  simplify
c          89.68   10.11 %  probe
c          79.06    8.92 %  vivify
c          23.58    2.66 %  eliminate
c          23.15    2.61 %  subsume
c          11.96    1.35 %  reduce
c           7.47    0.84 %  sweep
c           1.65    0.19 %  substitute
c           1.35    0.15 %  factor
c           0.71    0.08 %  walking
c           0.55    0.06 %  preprocess
c           0.08    0.01 %  congruence
c           0.06    0.01 %  transitive
c           0.03    0.00 %  parse
c           0.01    0.00 %  lucky
c           0.00    0.00 %  backbone
c           0.00    0.00 %  extend
c =============================================
c         886.73  100.00 %  total
c
c ---- [ statistics ] --------------------------------------------------------
c
c conflicts:                         22838850            25756.35 per second
c decisions:                         29027887                1.27 per conflict
c eliminated:                             498              366 %  variables
c factored:                               530              390 %  variables
c iterations:                               4                3 %  variables
c propagations:                     311205856           350960    per second
c reductions:                            1055            21648    interval
c reordered:                               63           362521    interval
c rephased:                                84           271891    interval
c restarts:                            439620               52    interval
c strengthened:                          7381                0 %  checks
c substituted:                              5                4 %  variables
c subsumed:                             59755                0 %  checks
c switched:                               103           221736    interval
c vivified:                            899827               52 %  checks
c walks:                                   28           815673    interval
c
c ---- [ glue usage ] --------------------------------------------------------
c
c focused glue 4   used 4215175 clauses 11.64% accumulated 52.95% tier1
c focused glue 5   used 2763524 clauses  7.63% accumulated 60.58%
c focused glue 6-9 used 7770978 clauses 21.46% accumulated 82.04%
c focused glue 10  used 1650085 clauses  4.56% accumulated 86.60%
c focused glue 11  used 1382493 clauses  3.82% accumulated 90.42% tier2
c
c stable glue 8     used  3513501 clauses  5.57% accumulated 53.72% tier1
c stable glue 9     used  3404228 clauses  5.40% accumulated 59.12%
c stable glue 10-16 used 16898796 clauses 26.79% accumulated 85.90%
c stable glue 17    used  1538891 clauses  2.44% accumulated 88.34%
c stable glue 18    used  1351625 clauses  2.14% accumulated 90.48% tier2
c
c ---- [ resources ] ---------------------------------------------------------
c
c maximum-resident-set-size:     360122941440 bytes     343440 MB
c process-time:                        14m 47s             886.73 seconds
c
c ---- [ shutting down ] -----------------------------------------------------
c
c exit 10
