c ---- [ banner ] ------------------------------------------------------------
c
c Kissat SAT Solver
c 
c Copyright (c) 2021-2024 Armin Biere University of Freiburg
c Copyright (c) 2019-2021 Armin Biere Johannes Kepler University Linz
c 
c Version 4.0.4 8af8e56f174b778aef3aa45af9f739b2a5f492c2
c Apple clang version 17.0.0 (clang-1700.6.3.2) -W -Wall -O3 -DNDEBUG
c Mon Mar 30 18:25:47 CEST 2026 Darwin Mac 24.6.0 arm64
c
c ---- [ parsing ] -----------------------------------------------------------
c
c opened and reading DIMACS file:
c
c   tmp.cnf
c
c parsed 'p cnf 190 93024' header
c closing input after reading 4527522 bytes (4 MB)
c finished parsing after 0.01 seconds
c
c ---- [ solving ] -----------------------------------------------------------
c
c seconds switched rate     size/glue tier1 binary       remaining
c        MB reductions conflicts size  tier2   irredundant
c         level restarts redundant glue  trail       variables
c
c *  0.01 18 0 0 0  0 0   0   0 0.0 0 0 0 0 0%   0 93024 184 100%
c (  0.02 29 0 0 0  0 0   0   0 0.0 0 0 0 0 0%   0 93024 184 100%
c .  0.02 29 0 0 0  0 0   0   0 0.0 0 0 0 0 0%   0 93024 184 100%
c f  0.07 31 0 0 0  0 0   0   0 0.0 0 0 0 0 0% 431 78754 394 214%
c )  0.07 31 0 0 0  0 0   0   0 0.0 0 0 0 0 0% 431 78754 394 214%
c {  0.07 31 0 0 0  0 0   0   0 0.0 0 0 2 6 0% 431 78754 394 214%
c -  0.09 31 38 0 1  6 1 1000 671 1.6 21 13 11 19 37% 431 78754 394 214%
c }  0.09 31 38 1 1  6 1 1000 671 1.6 21 13 11 19 37% 431 78754 394 214%
c [  0.09 31 0 1 1  6 0 1000 671 0.0 0 0 2 6 0% 431 78754 394 214%
c B  0.09 31 40 1 1  6 7 1004 675 2.2 25 11 2 6 48% 431 78754 394 214%
c -  0.10 31 22 1 2  6 1 2001 1517 1.4 21 15 11 19 36% 431 78754 394 214%
c W  0.11 31 22 1 2  6 1 2006 1522 1.4 21 15 11 19 36% 431 78754 394 214%
c u  0.12 31 22 1 2  7 1 2506 1961 1.4 21 15 11 19 38% 431 78754 394 214%
c v  0.12 31 22 1 2  7 1 2506 1961 1.4 21 15 11 19 38% 431 78754 394 214%
c w  0.12 31 22 1 2  7 1 2506 1961 1.4 21 15 11 19 38% 431 78754 394 214%
c ]  0.13 31 22 2 2  7 1 2525 1979 1.4 21 15 11 19 38% 431 78754 394 214%
c {  0.13 31 38 2 2  7 1 2525 1979 1.6 21 13 11 19 37% 431 78754 394 214%
c -  0.15 31 29 2 3 46 1 3416 2461 1.5 19 13 11 18 32% 431 78754 394 214%
c }  0.15 31 29 3 3 46 1 3525 2566 1.5 19 13 11 18 33% 431 78754 394 214%
c [  0.15 31 22 3 3 46 1 3525 2566 1.4 21 15 11 19 38% 431 78754 394 214%
c
c seconds  switched rate       size/glue  tier1     binary       remaining
c        MB reductions conflicts     size    tier2     irredundant
c         level restarts  redundant     glue     trail       variables
c
c I  0.17 31 20 3 3 46 1 4267 3181 1.5 20 14 11 18 37% 431 78754 394 214%
c ]  0.18 32 20 4 3 46 1 4401 3306 1.5 20 14 11 18 37% 431 78754 394 214%
c {  0.18 32 29 4 3 46 1 4401 3306 1.5 19 13 11 18 33% 431 78754 394 214%
c -  0.20 32 25 4 4 46 1 5148 3644 1.6 19 12 11 17 35% 431 78754 394 214%
c }  0.27 32 23 5 4 249 2 6753 5065 1.6 19 12 11 17 36% 431 78754 394 214%
c [  0.27 32 20 5 4 249 1 6753 5065 1.5 20 14 11 18 37% 431 78754 394 214%
c -  0.28 32 20 5 5 249 1 7148 4815 1.5 20 13 10 17 38% 431 78754 394 214%
c u  0.30 37 19 5 5 249 1 7716 5230 1.5 19 13 10 17 38% 431 78754 394 214%
c v  0.30 37 19 5 5 249 1 7716 5226 1.5 19 13 10 17 38% 431 78754 394 214%
c w  0.31 38 19 5 5 249 1 7716 5220 1.5 19 13 10 17 38% 431 78754 394 214%
c B  0.36 54 20 5 5 250 1 8038 5498 1.4 20 14 10 17 38% 431 78754 394 214%
c -  0.39 55 22 5 6 251 1 9384 5637 1.4 22 16 11 21 39% 431 78754 394 214%
c ]  0.43 55 24 6 6 252 1 11220 7234 1.4 24 18 11 21 41% 431 78754 394 214%
c {  0.43 55 23 6 6 252 2 11220 7234 1.6 19 12 11 17 36% 431 78754 394 214%
c o  0.43 55 23 6 6 255 2 11234 7248 1.6 19 12 11 17 36% 431 78754 394 214%
c -  0.44 56 22 6 7 255 2 11834 6256 1.6 19 12 10 16 37% 431 78754 394 214%
c e  0.47 59 20 6 7 255 2 12523 6919 1.7 19 11 10 15 38% 288 77471 256 139%
c ^  0.49 60 20 6 7 255 2 12523 6919 1.7 19 11 10 15 38% 288 77471 256 139%
c -  0.56 60 19 6 8 255 2 14479 7285 1.7 18 11 9 14 44% 288 77471 256 139%
c }  0.59 60 19 7 8 255 2 15289 8043 1.7 18 11 9 14 46% 288 77471 256 139%
c
c seconds  switched  rate        size/glue  tier1     binary       remaining
c        MB reductions conflicts       size    tier2     irredundant
c         level restarts    redundant     glue     trail       variables
c
c [  0.59 60 24 7 8 255 1 15289 8043 1.4 24 18 11 21 41% 288 77471 256 139%
c W  0.60 67 24 7 8 255 1 15289 8043 1.4 24 18 11 21 41% 288 77471 256 139%
c u  0.62 67 24 7 8 255 1 15806 8478 1.4 24 18 11 21 42% 288 77471 256 139%
c v  0.62 67 24 7 8 255 1 15806 8473 1.4 24 18 11 21 42% 288 77471 256 139%
c w  0.63 67 24 7 8 255 1 15806 8473 1.4 24 18 11 21 42% 288 77471 256 139%
c f  0.64 67 24 7 8 255 1 15806 8473 1.4 24 18 11 21 42% 353 77251 291 158%
c u  0.65 67 24 7 8 255 1 15806 8456 1.4 24 18 11 21 42% 353 77251 291 158%
c v  0.66 67 24 7 8 255 1 15806 8439 1.4 24 18 11 21 42% 353 77251 291 158%
c w  0.66 67 24 7 8 255 1 15806 8439 1.4 24 18 11 21 42% 353 77251 291 158%
c -  0.69 67 25 7 9 256 1 17308 8454 1.4 25 18 12 23 44% 353 77251 291 158%
c -  0.76 67 25 7 10 258 1 20309 9680 1.4 25 18 12 23 47% 353 77251 291 158%
c ]  0.78 67 25 8 10 259 1 21219 10413 1.4 25 18 12 23 48% 353 77251 291 158%
c {  0.78 67 19 8 10 259 2 21219 10413 1.7 18 11 9 14 46% 353 77251 291 158%
c o  0.79 67 19 8 10 378 2 21568 10691 1.7 18 11 9 14 46% 353 77251 291 158%
c -  0.86 67 18 8 11 499 2 23472 10872 1.6 18 11 9 14 46% 353 77251 291 158%
c e  0.95 67 18 8 11 879 2 25050 12171 1.6 17 11 9 14 45% 306 77307 249 135%
c ^  0.96 67 18 8 11 879 2 25050 12171 1.6 17 11 9 14 45% 306 77307 249 135%
c -  1.03 74 18 8 12 1048 2 26790 8951 1.5 17 11 9 14 45% 306 77307 249 135%
c u  1.07 80 18 8 12 1096 2 26956 9087 1.5 17 11 9 14 45% 306 77307 249 135%
c v  1.08 81 18 8 12 1096 2 26956 9063 1.5 17 11 9 14 45% 306 77307 249 135%
c
c seconds  switched    rate        size/glue  tier1    binary       remaining
c        MB  reductions  conflicts       size   tier2     irredundant
c         level   restarts    redundant     glue    trail       variables
c
c w  1.08 81 18 8 12 1096 2 26956 9061 1.5 17 11 9 14 45% 306 77307 249 135%
c f  1.17 84 18 8 12 1096 2 26956 9061 1.5 17 11 9 14 45% 339 77238 261 142%
c u  1.18 89 18 8 12 1096 2 26956 9037 1.5 17 11 9 14 45% 339 77238 261 142%
c v  1.19 90 18 8 12 1096 2 26956 9032 1.5 17 11 9 14 45% 339 77238 261 142%
c w  1.20 90 18 8 12 1096 2 26956 9031 1.5 17 11 9 14 45% 339 77238 261 142%
c }  1.24 92 18 9 12 1199 2 27379 9427 1.5 17 11 9 14 45% 339 77238 261 142%
c [  1.24 92 25 9 12 1199 1 27379 9427 1.4 25 18 12 23 48% 339 77238 261 142%
c O  1.24 92 25 9 12 1199 1 27379 9427 1.4 25 18 12 23 48% 339 77238 261 142%
c -  1.33 92 26 9 13 1201 1 30255 9844 1.3 25 19 12 24 50% 339 77238 261 142%
c -  1.42 92 26 9 14 1204 1 33862 10520 1.3 25 19 12 24 51% 339 77238 261 142%
c B  1.52 92 26 9 14 1205 1 37140 13139 1.3 25 20 12 24 52% 339 77238 261 142%
c ]  1.52 92 26 10 14 1205 1 37308 13270 1.3 25 20 12 24 53% 339 77238 261 142%
c {  1.52 92 18 10 14 1205 2 37308 13270 1.5 17 11 9 14 45% 339 77238 261 142%
c -  1.54 92 18 10 15 1287 2 37603 11512 1.5 17 11 9 14 46% 339 77238 261 142%
c u  1.66 93 17 10 15 1339 2 41317 14229 1.5 16 11 9 14 45% 339 77238 261 142%
c v  1.68 92 17 10 15 1339 2 41317 14207 1.5 16 11 9 14 45% 339 77238 261 142%
c w  1.69 93 17 10 15 1339 2 41317 14201 1.5 16 11 9 14 45% 339 77238 261 142%
c -  1.70 93 17 10 16 1346 2 41479 12366 1.5 16 11 9 13 45% 339 77238 261 142%
c o  1.71 93 17 10 16 1355 2 41599 12477 1.5 16 11 9 13 45% 339 77238 261 142%
c -  1.86 93 17 10 17 1792 2 45480 13125 1.4 16 11 9 14 45% 339 77238 261 142%
c
c seconds   switched    rate         size/glue  tier1    binary       remaining
c        MB   reductions  conflicts        size   tier2     irredundant
c         level    restarts     redundant     glue    trail       variables
c
c }  1.89 93 17 11 17 1876 2 45935 13554 1.4 16 11 9 14 45% 339 77238 261 142%
c [  1.89 93 26 11 17 1876 1 45935 13554 1.3 25 20 12 24 53% 339 77238 261 142%
c W  1.98 94 25 11 17 1878 1 49363 16510 1.3 25 19 12 24 54% 339 77238 261 142%
c -  1.99 94 25 11 18 1878 1 49605 14748 1.3 25 19 12 23 54% 339 77238 261 142%
c s  2.10 94 25 11 18 1881 1 52209 16881 1.3 25 19 12 23 54% 339 77219 261 142%
c e  2.11 93 25 11 18 1881 1 52209 16881 1.3 25 19 12 23 54% 325 77253 248 135%
c ^  2.15 93 25 11 18 1881 1 52209 16881 1.3 25 19 12 23 54% 325 77253 248 135%
c -  2.18 95 25 11 19 1881 1 53848 13629 1.3 25 19 12 23 55% 325 77253 248 135%
c -  2.29 95 24 11 20 1882 1 58207 14746 1.3 25 19 12 22 56% 325 77253 248 135%
c u  2.34 92 24 11 20 1883 1 58983 15303 1.3 25 19 12 22 56% 325 77253 248 135%
c v  2.36 93 24 11 20 1883 1 58983 15238 1.3 25 19 12 22 56% 325 77253 248 135%
c w  2.37 94 24 11 20 1883 1 58983 15237 1.3 25 19 12 22 56% 325 77253 248 135%
c f  2.37 94 24 11 20 1883 1 58983 15237 1.3 25 19 12 22 56% 326 77247 249 135%
c u  2.40 95 24 11 20 1883 1 58983 15219 1.3 25 19 12 22 56% 326 77247 249 135%
c v  2.41 95 24 11 20 1883 1 58983 15149 1.3 25 19 12 22 56% 326 77247 249 135%
c w  2.42 95 24 11 20 1883 1 58983 15147 1.3 25 19 12 22 56% 326 77247 249 135%
c ]  2.49 97 24 12 20 1884 1 59693 15747 1.3 25 19 12 22 56% 326 77247 249 135%
c {  2.49 97 17 12 20 1884 2 59693 15747 1.4 16 11 9 14 45% 326 77247 249 135%
c -  2.61 99 17 12 21 2094 2 62680 16205 1.4 16 11 9 14 45% 326 77247 249 135%
c -  2.72 99 17 12 22 2264 2 67263 17072 1.4 16 11 9 13 45% 326 77247 249 135%
c
c seconds   switched    rate         size/glue  tier1    binary       remaining
c        MB   reductions  conflicts        size   tier2     irredundant
c         level    restarts     redundant     glue    trail       variables
c
c }  2.82 99 16 13 22 2489 2 71172 20048 1.4 16 11 9 13 45% 326 77247 249 135%
c [  2.82 99 24 13 22 2489 1 71172 20048 1.3 25 19 12 22 56% 326 77247 249 135%
c I  2.82 99 24 13 22 2489 1 71172 20048 1.3 25 19 12 22 56% 326 77247 249 135%
c -  2.84 99 24 13 23 2489 1 71953 18077 1.3 25 18 12 22 56% 326 77247 249 135%
c -  2.93 99 24 13 24 2493 1 76748 19910 1.4 25 18 11 22 57% 326 77247 249 135%
c u  3.01 100 23 13 24 2495 1 80083 22613 1.4 25 18 11 22 58% 326 77247 249 135%
c v  3.02 99 23 13 24 2495 1 80083 22480 1.4 25 18 11 22 58% 326 77247 249 135%
c w  3.03 99 23 13 24 2495 1 80083 22480 1.4 25 18 11 22 58% 326 77247 249 135%
c o  3.05 102 23 13 24 2495 1 80083 22480 1.4 25 18 11 22 58% 326 77247 249 135%
c -  3.08 107 24 13 25 2495 1 81646 21238 1.4 25 18 11 22 59% 326 77247 249 135%
c -  3.18 109 23 13 26 2498 1 86646 22745 1.4 25 17 11 21 59% 326 77247 249 135%
c B  3.23 109 23 13 26 2500 1 88974 24839 1.4 25 17 11 21 59% 326 77247 249 135%
c ]  3.27 109 23 14 26 2501 1 90324 25940 1.4 24 17 11 21 59% 326 77247 249 135%
c {  3.27 109 16 14 26 2501 2 90324 25940 1.4 16 11 9 13 45% 326 77247 249 135%
c -  3.36 110 16 14 27 2731 2 91747 24165 1.4 16 11 9 13 45% 326 77247 249 135%
c e  3.56 111 16 14 27 2889 2 95954 27696 1.4 16 11 9 13 45% 289 77356 227 123%
c ^  3.61 112 16 14 27 2889 2 95954 27696 1.4 16 11 9 13 45% 289 77356 227 123%
c -  3.68 120 16 14 28 3013 2 96944 19635 1.4 16 11 9 13 45% 289 77356 227 123%
c -  3.84 120 16 14 29 3091 2 102239 20803 1.4 16 11 9 13 46% 289 77356 227 123%
c u  3.97 122 16 14 29 3168 2 104737 22686 1.4 15 11 9 13 46% 289 77356 227 123%
c
c seconds    switched    rate          size/glue  tier1    binary       remaining
c         MB   reductions  conflicts         size   tier2     irredundant
c          level    restarts      redundant     glue    trail       variables
c
c v  4.00 121 16 14 29 3168 2 104737 22658 1.4 15 11 9 13 46% 289 77356 227 123%
c w  4.01 121 16 14 29 3168 2 104737 22655 1.4 15 11 9 13 46% 289 77356 227 123%
c }  4.04 128 16 15 29 3220 2 105039 22940 1.4 15 11 9 13 46% 289 77356 227 123%
c [  4.04 128 23 15 29 3220 1 105039 22940 1.4 24 17 11 21 59% 289 77356 227 123%
c -  4.11 128 23 15 30 3222 1 107626 23003 1.4 24 17 11 21 59% 289 77356 227 123%
c W  4.18 131 22 15 30 3223 1 109885 24944 1.4 24 17 11 21 58% 289 77356 227 123%
c -  4.26 141 23 15 31 3225 1 113103 25672 1.4 24 17 11 21 59% 289 77356 227 123%
c -  4.41 141 22 15 32 3228 1 118675 28014 1.4 24 17 11 21 58% 289 77356 227 123%
c -  4.57 142 22 15 33 3232 1 124333 29437 1.4 24 17 11 20 59% 289 77356 227 123%
c ]  4.65 142 22 16 33 3233 1 126709 31419 1.4 24 17 11 20 59% 289 77356 227 123%
c {  4.65 142 16 16 33 3233 2 126709 31419 1.4 15 11 9 13 46% 289 77356 227 123%
c o  4.65 142 16 16 33 3238 2 126740 31449 1.4 15 11 9 13 46% 289 77356 227 123%
c -  4.85 142 16 16 34 3607 2 130077 30405 1.4 15 11 9 13 47% 289 77356 227 123%
c u  4.98 144 16 16 34 3737 2 133024 32577 1.4 15 11 9 13 46% 289 77356 227 123%
c v  5.02 145 16 16 34 3737 2 133024 32559 1.4 15 11 9 13 46% 289 77356 227 123%
c w  5.03 145 16 16 34 3737 2 133024 32557 1.4 15 11 9 13 46% 289 77356 227 123%
c -  5.24 146 16 16 35 4104 2 135908 31098 1.4 15 11 9 13 47% 289 77356 227 123%
c -  5.44 146 16 16 36 4261 2 141824 31782 1.4 15 11 9 13 46% 289 77356 227 123%
c }  5.54 146 16 17 36 4409 2 145048 34159 1.4 15 11 9 13 46% 289 77356 227 123%
c [  5.54 146 22 17 36 4409 1 145048 34159 1.4 24 17 11 20 59% 289 77356 227 123%
c
c seconds    switched    rate          size/glue  tier1     binary       remaining
c         MB   reductions  conflicts         size    tier2     irredundant
c          level    restarts      redundant     glue     trail       variables
c
c O  5.54 146 22 17 36 4409 1 145048 34159 1.4 24 17 11 20 59% 289 77356 227 123%
c -  5.66 146 22 17 37 4411 1 147825 32719 1.4 24 17 11 20 59% 289 77356 227 123%
c -  5.91 146 22 17 38 4415 1 153907 33834 1.4 24 17 11 20 59% 289 77356 227 123%
c e  6.15 145 23 17 38 4416 1 158115 37255 1.4 24 17 11 20 59% 224 77605 199 108%
c ^  6.27 146 23 17 38 4416 1 158115 37255 1.4 24 17 11 20 59% 224 77605 199 108%
c -  6.32 154 23 17 39 4418 1 160071 20302 1.4 24 17 11 20 60% 224 77605 199 108%
c u  6.50 155 23 17 39 4421 1 165044 24321 1.4 24 17 11 20 60% 224 77605 199 108%
c v  6.53 156 23 17 39 4421 1 165044 24077 1.4 24 17 11 20 60% 224 77605 199 108%
c w  6.55 156 23 17 39 4421 1 165044 24065 1.4 24 17 11 20 60% 224 77605 199 108%
c f  6.55 156 23 17 39 4421 1 165044 24065 1.4 24 17 11 20 60% 225 77587 200 109%
c u  6.60 163 23 17 39 4421 1 165044 23959 1.4 24 17 11 20 60% 225 77587 200 109%
c v  6.64 162 23 17 39 4421 1 165044 23903 1.4 24 17 11 20 60% 225 77587 200 109%
c w  6.65 163 23 17 39 4421 1 165044 23898 1.4 24 17 11 20 60% 225 77587 200 109%
c -  6.83 167 23 17 40 4422 1 166317 22209 1.4 24 17 11 21 60% 225 77587 200 109%
c ]  6.97 167 23 18 40 4423 1 172568 27546 1.4 25 17 11 21 61% 225 77587 200 109%
c {  6.97 167 16 18 40 4423 2 172568 27546 1.4 15 11 9 13 46% 225 77587 200 109%
c -  6.98 167 16 18 41 4440 2 172641 24859 1.4 15 11 9 13 46% 225 77587 200 109%
c o  7.19 167 16 18 41 5207 2 176749 27753 1.4 15 11 9 13 46% 225 77587 200 109%
c -  7.30 167 16 18 42 5625 2 179044 26128 1.4 15 11 9 13 45% 225 77587 200 109%
c -  7.66 168 16 18 43 6732 2 185526 26393 1.3 15 11 9 13 45% 225 77587 200 109%
c
c seconds    switched    rate          size/glue  tier1    binary       remaining
c         MB   reductions  conflicts         size   tier2     irredundant
c          level    restarts      redundant     glue    trail       variables
c
c -  7.96 168 16 18 44 7717 2 192083 27034 1.3 15 12 9 13 44% 225 77587 200 109%
c }  8.12 168 16 19 44 8087 2 194914 29037 1.3 15 12 9 13 44% 225 77587 200 109%
c [  8.12 168 23 19 44 8087 1 194914 29037 1.4 25 17 11 21 61% 225 77587 200 109%
c B  8.12 168 23 19 44 8087 1 194914 29037 1.4 25 17 11 21 61% 225 77587 200 109%
c -  8.20 168 23 19 45 8089 1 198717 27593 1.4 25 17 11 20 62% 225 77587 200 109%
c u  8.28 166 23 19 45 8091 1 200898 29274 1.4 25 17 11 20 62% 225 77587 200 109%
c v  8.31 167 23 19 45 8091 1 200898 29201 1.4 25 17 11 20 62% 225 77587 200 109%
c w  8.33 167 23 19 45 8091 1 200898 29167 1.4 25 17 11 20 62% 225 77587 200 109%
c x  8.36 167 23 19 45 8091 1 200898 29157 1.4 25 17 11 20 62% 225 77573 200 109%
c -  8.49 168 23 19 46 8093 1 205428 28018 1.4 25 17 11 20 62% 225 77573 200 109%
c -  8.70 168 23 19 47 8097 1 212210 29044 1.4 24 17 10 20 62% 225 77573 200 109%
c -  8.90 168 22 19 48 8100 1 219067 30318 1.4 24 17 10 20 63% 225 77573 200 109%
c -  9.11 168 22 19 49 8101 1 225996 31433 1.4 24 17 10 20 63% 225 77573 200 109%
c W  9.13 168 22 19 49 8101 1 226366 31736 1.4 24 17 10 20 63% 225 77573 200 109%
c -  9.31 169 22 19 50 8106 1 232996 32397 1.4 24 17 10 20 63% 225 77573 200 109%
c -  9.48 170 22 19 51 8108 1 240070 33292 1.4 24 16 10 20 63% 225 77573 200 109%
c s  9.61 170 22 19 51 8109 1 240390 33577 1.4 24 16 10 20 63% 225 77548 200 109%
c e  9.62 176 22 19 51 8109 1 240390 33577 1.4 24 16 10 20 63% 173 77944 171 93%
c !  9.74 176 22 19 51 8109 1 240390 33577 1.4 24 16 10 20 63% 173 77944 171 93%
c o  9.74 176 22 19 51 8109 1 240390 14937 1.4 24 16 10 20 63% 173 77944 171 93%
c
c seconds    switched    rate          size/glue  tier1     binary       remaining
c         MB   reductions  conflicts         size    tier2     irredundant
c          level    restarts      redundant     glue     trail       variables
c
c u  9.78 175 22 19 51 8109 1 240634 14974 1.4 24 16 10 20 63% 173 77944 171 93%
c v  9.82 176 22 19 51 8109 1 240634 14944 1.4 24 16 10 20 63% 173 77944 171 93%
c w  9.83 176 22 19 51 8109 1 240634 14937 1.4 24 16 10 20 63% 173 77944 171 93%
c f  9.84 176 22 19 51 8109 1 240634 14937 1.4 24 16 10 20 63% 193 77776 179 97%
c u  9.87 182 22 19 51 8109 1 240634 14786 1.4 24 16 10 20 63% 193 77776 179 97%
c v  9.91 182 22 19 51 8109 1 240634 14754 1.4 24 16 10 20 63% 193 77776 179 97%
c w  9.92 183 22 19 51 8109 1 240634 14717 1.4 24 16 10 20 63% 193 77776 179 97%
c - 10.07 183 22 19 52 8114 1 247213 17811 1.4 24 16 10 20 64% 193 77776 179 97%
c ] 10.11 183 22 20 52 8115 1 249339 19609 1.4 24 16 10 20 64% 193 77776 179 97%
c { 10.11 183 16 20 52 8115 2 249339 19609 1.3 15 12 9 13 44% 193 77776 179 97%
c - 10.34 183 16 20 53 8468 2 254424 21320 1.3 16 12 9 13 45% 193 77776 179 97%
c - 10.53 183 16 20 54 8519 2 261704 24339 1.4 16 11 9 13 47% 193 77776 179 97%
c - 10.75 183 16 20 55 8621 2 269054 26224 1.4 16 11 9 13 47% 193 77776 179 97%
c } 10.86 183 15 21 55 8621 2 276079 31184 1.4 15 11 9 13 47% 193 77776 179 97%
c [ 10.86 183 22 21 55 8621 1 276079 31184 1.4 24 16 10 20 64% 193 77776 179 97%
c I 10.86 183 22 21 55 8621 1 276079 31184 1.4 24 16 10 20 64% 193 77776 179 97%
c - 10.87 183 22 21 56 8621 1 276471 28340 1.4 24 16 10 20 64% 193 77776 179 97%
c - 10.97 183 22 21 57 8626 1 283954 31428 1.4 24 16 10 20 64% 193 77776 179 97%
c u 11.02 184 22 21 57 8627 1 284351 31656 1.4 24 16 10 20 64% 193 77776 179 97%
c v 11.05 185 22 21 57 8627 1 284351 31567 1.4 24 16 10 20 64% 193 77776 179 97%
c
c seconds    switched    rate          size/glue  tier1     binary       remaining
c         MB   reductions  conflicts         size    tier2     irredundant
c          level    restarts      redundant     glue     trail       variables
c
c w 11.07 186 22 21 57 8627 1 284351 31517 1.4 24 16 10 20 64% 193 77776 179 97%
c - 11.20 187 21 21 58 8630 1 291503 34525 1.4 23 16 10 19 65% 193 77776 179 97%
c - 11.36 187 21 21 59 8634 1 299118 37087 1.5 23 16 10 19 65% 193 77776 179 97%
c - 11.50 187 21 21 60 8635 1 306802 39158 1.5 24 16 10 19 66% 193 77776 179 97%
c - 11.68 187 21 21 61 8640 1 314550 40071 1.5 23 16 10 19 66% 193 77776 179 97%
c B 11.70 187 21 21 61 8641 1 315519 40788 1.5 23 16 10 19 66% 193 77776 179 97%
c o 11.70 187 21 21 61 8641 1 315519 40788 1.5 23 16 10 19 66% 193 77776 179 97%
c - 11.83 187 21 21 62 8644 1 322361 41115 1.5 23 16 10 19 66% 193 77776 179 97%
c ] 11.85 187 21 22 62 8645 1 323788 42268 1.5 23 16 10 19 66% 193 77776 179 97%
c { 11.85 187 15 22 62 8645 2 323788 42268 1.4 15 11 9 13 47% 193 77776 179 97%
c - 12.02 187 15 22 63 8656 2 330237 42765 1.4 15 11 9 13 48% 193 77776 179 97%
c u 12.09 186 15 22 63 8656 2 332103 44292 1.4 15 11 9 13 49% 193 77776 179 97%
c v 12.12 186 15 22 63 8656 2 332103 44244 1.4 15 11 9 13 49% 193 77776 179 97%
c w 12.14 187 15 22 63 8656 2 332103 44241 1.4 15 11 9 13 49% 193 77776 179 97%
c - 12.41 187 15 22 64 8656 2 338174 41141 1.5 16 11 8 13 50% 193 77776 179 97%
c e 12.77 187 15 22 64 8656 2 344329 46933 1.5 16 11 8 13 51% 189 77813 176 96%
c - 12.98 188 15 22 65 8656 2 346174 36959 1.5 16 11 8 13 51% 189 77813 176 96%
c - 13.28 188 14 22 66 8656 2 354237 40698 1.5 16 10 8 12 52% 189 77813 176 96%
c } 13.33 188 14 23 66 8656 2 355304 41607 1.5 16 10 8 12 52% 189 77813 176 96%
c [ 13.33 188 21 23 66 8656 1 355304 41607 1.5 23 16 10 19 66% 189 77813 176 96%
c
c seconds    switched    rate          size/glue  tier1     binary       remaining
c         MB   reductions  conflicts         size    tier2     irredundant
c          level    restarts      redundant     glue     trail       variables
c
c W 13.48 188 20 23 66 8658 1 359231 44957 1.5 23 16 10 19 66% 189 77813 176 96%
c - 13.55 188 21 23 67 8661 1 362361 43350 1.5 23 16 10 19 66% 189 77813 176 96%
c - 13.75 188 21 23 68 8665 1 370548 44535 1.5 24 16 10 19 66% 189 77813 176 96%
c - 13.98 188 22 23 69 8669 1 378794 46034 1.5 24 16 10 19 66% 189 77813 176 96%
c u 14.18 187 22 23 69 8670 1 383962 50119 1.4 24 16 10 19 66% 189 77813 176 96%
c v 14.23 187 22 23 69 8670 1 383962 50012 1.4 24 16 10 19 66% 189 77813 176 96%
c w 14.26 188 22 23 69 8670 1 383962 49998 1.4 24 16 10 19 66% 189 77813 176 96%
c - 14.54 193 22 23 70 8670 1 387101 47546 1.4 24 17 10 19 65% 189 77813 176 96%
c - 14.74 193 22 23 71 8676 1 395467 48594 1.4 24 17 10 19 65% 189 77813 176 96%
c ] 14.90 193 22 24 71 8679 1 402628 54439 1.4 24 17 10 19 65% 189 77813 176 96%
c { 14.90 193 14 24 71 8679 2 402628 54439 1.5 16 10 8 12 52% 189 77813 176 96%
c o 14.90 193 14 24 71 8686 2 402664 54472 1.5 16 10 8 12 52% 189 77813 176 96%
c - 14.97 193 14 24 72 8727 2 403894 49145 1.5 16 10 8 12 52% 189 77813 176 96%
c - 15.21 200 14 24 73 8797 2 412379 50761 1.5 15 10 8 12 51% 189 77813 176 96%
c - 15.46 208 13 24 74 8823 2 420924 52387 1.5 15 10 8 12 51% 189 77813 176 96%
c - 15.74 209 13 24 75 8823 2 429526 54953 1.5 15 10 8 12 51% 189 77813 176 96%
c - 16.11 209 13 24 76 9192 2 438187 59424 1.5 15 10 8 12 51% 190 77813 176 96%
c } 16.15 210 13 25 76 9192 2 439305 60231 1.5 14 10 8 12 51% 190 77813 176 96%
c [ 16.15 210 22 25 76 9192 1 439305 60231 1.4 24 17 10 19 65% 190 77813 176 96%
c O 16.15 210 22 25 76 9192 1 439305 60231 1.4 24 17 10 19 65% 190 77813 176 96%
c
c seconds    switched    rate          size/glue  tier1     binary       remaining
c         MB   reductions  conflicts         size    tier2     irredundant
c          level    restarts      redundant     glue     trail       variables
c
c u 16.23 209 22 25 76 9192 1 439982 60744 1.4 24 17 10 19 65% 190 77813 176 96%
c v 16.26 210 22 25 76 9192 1 439982 60471 1.4 24 17 10 19 65% 190 77813 176 96%
c w 16.28 210 22 25 76 9192 1 439982 60465 1.4 24 17 10 19 65% 190 77813 176 96%
c x 16.31 211 22 25 76 9192 1 439982 60463 1.4 24 17 10 19 65% 190 77805 176 96%
c - 16.54 219 22 25 77 9197 1 446904 62652 1.4 24 17 10 20 65% 190 77805 176 96%
c - 16.85 216 22 25 78 9201 1 455679 65337 1.4 24 17 10 20 66% 190 77805 176 96%
c - 17.18 220 23 25 79 9206 1 464512 67694 1.4 24 17 10 20 66% 190 77805 176 96%
c s 17.64 220 22 25 79 9206 1 471445 72985 1.4 24 17 10 20 66% 190 77791 176 96%
c - 17.93 218 23 25 80 9208 1 473400 68638 1.4 24 17 10 20 66% 190 77791 176 96%
c ] 18.00 218 23 26 80 9209 1 475764 70390 1.4 24 17 10 20 66% 190 77791 176 96%
c { 18.00 218 13 26 80 9209 2 475764 70390 1.5 14 10 8 12 51% 190 77791 176 96%
c - 18.49 220 13 26 81 10148 2 482345 70377 1.5 15 10 8 12 51% 190 77791 176 96%
c - 18.87 220 13 26 82 10423 2 491347 71935 1.5 14 10 8 12 51% 190 77791 176 96%
c o 18.95 220 13 26 82 10550 2 492720 73070 1.5 14 10 8 12 51% 190 77791 176 96%
c u 19.61 221 13 26 82 11638 2 500233 79311 1.5 14 10 8 12 51% 190 77791 176 96%
c v 19.69 222 13 26 82 11638 2 500233 78759 1.5 14 10 8 12 51% 190 77791 176 96%
c w 19.72 222 13 26 82 11638 2 500233 78753 1.5 14 10 8 12 51% 190 77791 176 96%
c - 19.76 232 13 26 83 11673 2 500402 73855 1.5 14 10 8 12 51% 190 77791 176 96%
c - 20.13 230 13 26 84 12022 2 509513 65931 1.5 14 10 7 12 51% 190 77791 176 96%
c } 20.65 230 14 27 84 13002 2 517982 72614 1.4 14 10 7 12 51% 190 77791 176 96%
c
c seconds    switched     rate          size/glue  tier1     binary       remaining
c         MB   reductions   conflicts         size    tier2     irredundant
c          level    restarts       redundant     glue     trail       variables
c
c [ 20.65 230 23 27 84 13002 1 517982 72614 1.4 24 17 10 20 66% 190 77791 176 96%
c B 20.65 230 23 27 84 13002 1 517982 72614 1.4 24 17 10 20 66% 190 77791 176 96%
c - 20.68 232 23 27 85 13002 1 518681 63442 1.4 24 17 10 20 66% 190 77791 176 96%
c - 20.92 231 23 27 86 13008 1 527901 64069 1.4 24 17 10 20 65% 190 77791 176 96%
c - 21.14 231 23 27 87 13014 1 537174 63149 1.4 24 17 10 20 65% 190 77791 176 96%
c - 21.37 232 23 27 88 13016 1 546503 63422 1.4 24 17 10 20 65% 190 77791 176 96%
c - 21.63 231 22 27 89 13020 1 555883 64870 1.4 24 17 10 19 65% 190 77791 176 96%
c u 21.96 234 22 27 89 13025 1 564769 72177 1.4 24 17 10 19 65% 190 77791 176 96%
c v 22.03 234 22 27 89 13025 1 564769 72121 1.4 24 17 10 19 65% 190 77791 176 96%
c w 22.07 235 22 27 89 13025 1 564769 72048 1.4 24 17 10 19 65% 190 77791 176 96%
c - 22.10 236 22 27 90 13025 1 565316 65232 1.4 24 17 10 20 65% 190 77791 176 96%
c - 22.30 234 22 27 91 13030 1 574803 65068 1.4 24 17 10 19 65% 190 77791 176 96%
c W 22.33 242 22 27 91 13030 1 575567 65728 1.4 24 17 10 19 65% 190 77791 176 96%
c - 22.52 242 22 27 92 13032 1 584342 64742 1.4 24 17 10 19 66% 190 77791 176 96%
c - 22.76 243 22 27 93 13032 1 593933 64355 1.4 24 17 10 19 66% 190 77791 176 96%
c - 23.00 239 22 27 94 13035 1 603576 65252 1.4 24 17 10 19 66% 190 77791 176 96%
c - 23.20 242 22 27 95 13040 1 613271 65737 1.4 25 17 10 19 67% 190 77791 176 96%
c - 23.43 242 22 27 96 13046 1 623018 63973 1.5 24 17 10 19 67% 190 77791 176 96%
c - 23.65 243 22 27 97 13047 1 632815 62317 1.5 25 17 10 19 67% 190 77791 176 96%
c u 23.72 243 22 27 97 13048 1 633639 62915 1.5 25 17 10 19 68% 190 77791 176 96%
c
c seconds    switched     rate          size/glue  tier1     binary       remaining
c         MB   reductions   conflicts         size    tier2     irredundant
c          level    restarts       redundant     glue     trail       variables
c
c v 23.77 243 22 27 97 13048 1 633639 62855 1.5 25 17 10 19 68% 190 77791 176 96%
c w 23.79 243 22 27 97 13048 1 633639 62838 1.5 25 17 10 19 68% 190 77791 176 96%
c o 23.79 243 22 27 97 13048 1 633639 62838 1.5 25 17 10 19 68% 190 77791 176 96%
c ] 23.87 244 22 28 97 13050 1 636956 65788 1.5 25 17 10 19 68% 190 77791 176 96%
c { 23.87 244 14 28 97 13050 2 636956 65788 1.4 14 10 7 12 51% 190 77791 176 96%
c - 24.07 242 13 28 98 13372 2 642664 60722 1.4 14 10 8 12 51% 190 77791 176 96%
c - 24.60 244 14 28 99 14111 2 652563 60715 1.4 14 10 7 12 51% 190 77791 176 96%
c - 25.15 244 14 28 100 14685 2 662513 62171 1.4 14 10 7 12 51% 190 77791 176 96%
c - 25.48 244 14 28 101 15120 2 672513 63097 1.4 14 10 7 12 50% 190 77791 176 96%
c - 26.06 244 14 28 102 15802 2 682564 65255 1.4 14 10 7 12 51% 190 77791 176 96%
c } 26.13 245 14 29 102 15802 2 685094 67161 1.4 14 10 7 12 51% 190 77791 176 96%
c [ 26.13 245 22 29 102 15802 1 685094 67161 1.5 25 17 10 19 68% 190 77791 176 96%
c I 26.13 245 22 29 102 15802 1 685094 67161 1.5 25 17 10 19 68% 190 77791 176 96%
c - 26.30 245 22 29 103 15807 1 692666 67600 1.5 24 17 10 19 67% 190 77791 176 96%
c - 26.56 245 21 29 104 15813 1 702814 68132 1.5 24 16 9 19 67% 190 77791 176 96%
c u 26.77 245 21 29 104 15815 1 706893 71081 1.5 24 16 9 19 67% 190 77791 176 96%
c v 26.87 246 21 29 104 15815 1 706893 71011 1.5 24 16 9 19 67% 190 77791 176 96%
c w 26.91 246 21 29 104 15815 1 706893 70952 1.5 24 16 9 19 67% 190 77791 176 96%
c - 27.05 245 21 29 105 15816 1 713012 67030 1.5 24 16 9 19 67% 190 77791 176 96%
c - 27.32 245 21 29 106 15821 1 723258 64817 1.5 24 16 9 19 67% 190 77791 176 96%
c
c seconds    switched      rate          size/glue  tier1    binary       remaining
c         MB   reductions    conflicts         size   tier2     irredundant
c          level     restarts       redundant     glue    trail       variables
c
c - 27.66 246 20 29 107 15826 1 733553 63324 1.5 23 16 9 19 66% 190 77791 176 96%
c - 27.92 246 20 29 108 15831 1 743897 62967 1.5 23 15 9 19 66% 190 77791 176 96%
c B 28.18 244 20 29 108 15832 1 752776 69666 1.5 23 15 9 19 65% 190 77791 176 96%
c o 28.18 245 20 29 108 15832 1 752776 69666 1.5 23 15 9 19 65% 190 77791 176 96%
c - 28.23 245 20 29 109 15832 1 754289 63070 1.5 23 15 9 19 66% 190 77791 176 96%
c - 28.53 246 20 29 110 15832 1 764730 63818 1.5 23 15 9 19 66% 190 77791 176 96%
c - 28.79 245 20 29 111 15838 1 775218 63254 1.5 23 15 9 19 66% 190 77791 176 96%
c ] 28.90 246 21 30 111 15839 1 778761 66366 1.5 23 16 9 19 66% 190 77791 176 96%
c { 28.90 246 14 30 111 15839 2 778761 66366 1.4 14 10 7 12 51% 190 77791 176 96%
c u 29.22 246 14 30 111 16087 2 784581 70953 1.4 14 10 7 12 51% 190 77791 176 96%
c v 29.29 246 14 30 111 16087 2 784581 70912 1.4 14 10 7 12 51% 190 77791 176 96%
c w 29.33 247 14 30 111 16087 2 784581 70909 1.4 14 10 7 12 51% 190 77791 176 96%
c - 29.43 247 14 30 112 16279 2 785753 62902 1.4 14 10 7 12 51% 190 77791 176 96%
c - 30.06 247 14 30 113 16960 2 796336 62457 1.4 14 10 7 12 51% 190 77791 176 96%
c - 30.48 246 14 30 114 17112 2 806966 63330 1.4 14 10 7 12 51% 190 77791 176 96%
c - 31.11 247 14 30 115 17776 2 817644 63605 1.4 14 10 7 12 52% 190 77791 176 96%
c - 31.72 248 14 30 116 18324 2 828367 65281 1.4 14 10 7 12 52% 190 77791 176 96%
c } 31.85 248 13 31 116 18336 2 833195 68602 1.4 14 10 7 12 52% 190 77791 176 96%
c [ 31.85 248 21 31 116 18336 1 833195 68602 1.5 23 16 9 19 66% 190 77791 176 96%
c W 31.89 244 21 31 116 18336 1 833195 68602 1.5 23 16 9 19 66% 190 77791 176 96%
c
c seconds    switched      rate          size/glue  tier1    binary       remaining
c         MB   reductions    conflicts         size   tier2     irredundant
c          level     restarts       redundant     glue    trail       variables
c
c - 32.05 246 21 31 117 18340 1 839137 65792 1.5 23 16 9 19 66% 190 77791 176 96%
c - 32.39 247 21 31 118 18346 1 849954 65609 1.5 24 16 9 19 67% 190 77791 176 96%
c - 32.68 247 21 31 119 18350 1 860816 67179 1.5 24 16 9 19 67% 190 77791 176 96%
c u 32.95 247 22 31 119 18351 1 866754 71768 1.5 24 16 9 19 67% 190 77791 176 96%
c v 33.05 248 22 31 119 18351 1 866754 71618 1.5 24 16 9 19 67% 190 77791 176 96%
c w 33.10 248 22 31 119 18351 1 866754 71611 1.5 24 16 9 19 67% 190 77791 176 96%
c - 33.70 247 22 31 120 18355 1 871727 67934 1.5 24 17 9 19 67% 190 77791 176 96%
c - 34.00 248 22 31 121 18361 1 882681 68511 1.5 24 17 9 19 67% 190 77791 176 96%
c - 34.31 248 22 31 122 18365 1 893681 69130 1.5 25 17 9 19 68% 190 77791 176 96%
c - 34.63 248 22 31 123 18366 1 904726 69765 1.5 25 17 9 19 68% 190 77791 176 96%
c O 34.83 248 22 31 123 18366 1 911623 74909 1.5 25 17 9 19 68% 190 77791 176 96%
c o 34.83 248 22 31 123 18366 1 911623 74909 1.5 25 17 9 19 68% 190 77791 176 96%
c - 35.00 248 22 31 124 18367 1 915816 70600 1.5 25 17 9 19 68% 190 77791 176 96%
c - 35.36 248 21 31 125 18373 1 926953 72158 1.4 24 17 9 19 66% 190 77791 176 96%
c ] 35.51 248 21 32 125 18376 1 931326 75543 1.4 24 17 9 19 65% 190 77791 176 96%
c { 35.51 248 13 32 125 18376 2 931326 75543 1.4 14 10 7 12 52% 190 77791 176 96%
c - 35.74 248 13 32 126 18486 2 938133 72222 1.4 14 10 7 12 51% 190 77791 176 96%
c - 36.11 248 13 32 127 18643 2 949359 72185 1.4 14 10 7 12 51% 190 77791 176 96%
c u 36.42 248 13 32 127 18899 2 953462 75332 1.4 14 10 7 12 51% 190 77791 176 96%
c v 36.48 248 13 32 127 18899 2 953462 75060 1.4 14 10 7 12 51% 190 77791 176 96%
c
c seconds    switched      rate          size/glue  tier1    binary       remaining
c         MB   reductions    conflicts         size   tier2     irredundant
c          level     restarts       redundant     glue    trail       variables
c
c w 36.51 248 13 32 127 18899 2 953462 74985 1.4 14 10 7 12 51% 190 77791 176 96%
c x 36.56 248 13 32 127 18899 2 953462 74971 1.4 14 10 7 12 51% 190 77386 176 96%
c s 37.19 248 13 32 127 18899 2 953462 74971 1.4 14 10 7 12 51% 190 77181 176 96%
c s 37.35 248 13 32 127 18899 2 953462 74971 1.4 14 10 7 12 51% 190 77040 176 96%
c - 37.84 249 13 32 128 19584 2 960629 73857 1.4 14 10 7 12 52% 190 77040 176 96%
c - 38.38 245 13 32 129 20084 2 971944 76938 1.4 14 10 7 12 52% 190 77040 176 96%
c - 38.94 248 13 32 130 20713 2 983302 77856 1.4 14 10 7 12 52% 190 77040 176 96%
c } 39.36 247 13 33 130 21200 2 992430 84602 1.4 14 10 7 12 52% 190 77040 176 96%
c [ 39.36 247 21 33 130 21200 1 992430 84602 1.4 24 17 9 19 65% 190 77040 176 96%
c - 39.43 248 21 33 131 21202 1 994704 78676 1.4 24 16 9 19 65% 190 77040 176 96%
c B 39.45 249 21 33 131 21202 1 995660 79491 1.4 24 16 9 19 65% 190 77040 176 96%
c - 39.73 248 21 33 132 21208 1 1006149 78080 1.4 24 17 9 19 65% 190 77040 176 96%
c - 40.04 247 22 33 133 21214 1 1017639 77469 1.4 24 17 9 19 66% 190 77040 176 96%
c - 40.38 248 22 33 134 21217 1 1029173 78953 1.4 24 17 9 19 66% 190 77040 176 96%
c - 40.73 249 22 33 135 21224 1 1040748 79827 1.4 24 17 9 19 65% 190 77040 176 96%
c u 40.97 249 22 33 135 21227 1 1044762 82949 1.4 24 17 9 19 65% 190 77040 176 96%
c v 41.08 250 22 33 135 21227 1 1044762 82789 1.4 24 17 9 19 65% 190 77040 176 96%
c w 41.13 250 22 33 135 21227 1 1044762 82785 1.4 24 17 9 19 65% 190 77040 176 96%
c o 41.13 250 22 33 135 21227 1 1044762 82785 1.4 24 17 9 19 65% 190 77040 176 96%
c - 41.36 257 22 33 136 21229 1 1052366 80822 1.5 24 17 9 19 66% 190 77040 176 96%
c
c seconds    switched      rate           size/glue  tier1    binary       remaining
c         MB   reductions     conflicts         size   tier2     irredundant
c          level     restarts        redundant     glue    trail       variables
c
c - 41.60 257 22 33 137 21230 1 1064028 81055 1.5 25 17 9 19 66% 190 77040 176 96%
c - 41.92 259 22 33 138 21231 1 1075732 81686 1.5 25 16 9 19 66% 190 77040 176 96%
c W 42.19 256 22 33 138 21237 1 1085461 90251 1.5 25 16 9 19 66% 190 77040 176 96%
c - 42.25 258 22 33 139 21238 1 1087482 84127 1.5 25 16 9 19 67% 190 77040 176 96%
c - 42.56 255 21 33 140 21244 1 1099271 85099 1.5 24 16 9 19 67% 190 77040 176 96%
c - 42.87 259 21 33 141 21248 1 1111106 86076 1.5 24 16 9 19 67% 190 77040 176 96%
c ] 43.02 259 20 34 141 21252 1 1116791 90654 1.5 24 16 9 19 67% 190 77040 176 96%
c { 43.02 259 13 34 141 21252 2 1116791 90654 1.4 14 10 7 12 52% 190 77040 176 96%
c - 43.55 260 13 34 142 22498 2 1122981 85340 1.4 14 10 7 12 51% 190 77040 176 96%
c s 44.48 259 14 34 142 24161 2 1131114 91151 1.4 14 10 7 12 50% 190 76807 176 96%
c - 44.81 260 14 34 143 24932 2 1134898 83173 1.4 14 10 7 12 50% 190 76807 176 96%
c u 45.37 264 14 34 143 26038 2 1140679 86842 1.4 14 10 7 12 49% 190 76807 176 96%
c v 45.49 259 14 34 143 26038 2 1140679 85417 1.4 14 10 7 12 49% 190 76807 176 96%
c w 45.53 260 14 34 143 26038 2 1140679 85339 1.4 14 10 7 12 49% 190 76807 176 96%
c - 46.07 250 14 34 144 27265 2 1146856 79636 1.4 15 11 7 12 49% 190 76807 176 96%
c - 47.15 249 14 34 145 29392 2 1158856 78021 1.3 15 11 7 12 48% 190 76807 176 96%
c - 48.25 249 15 34 146 31382 2 1170901 76610 1.3 15 11 7 12 48% 190 76807 176 96%
c - 49.08 250 15 34 147 32726 2 1182986 74141 1.3 15 11 7 12 47% 190 76807 176 96%
c } 49.26 248 15 35 147 33013 2 1184937 75491 1.3 15 11 7 12 47% 190 76807 176 96%
c [ 49.26 248 20 35 147 33013 1 1184937 75491 1.5 24 16 9 19 67% 190 76807 176 96%
c
c seconds    switched      rate           size/glue  tier1    binary       remaining
c         MB   reductions     conflicts         size   tier2     irredundant
c          level     restarts        redundant     glue    trail       variables
c
c I 49.26 248 20 35 147 33013 1 1184937 75491 1.5 24 16 9 19 67% 190 76807 176 96%
c o 49.26 249 20 35 147 33013 1 1184937 75491 1.5 24 16 9 19 67% 190 76807 176 96%
c - 49.50 249 20 35 148 33019 1 1195110 72987 1.5 24 15 9 19 67% 190 76807 176 96%
c - 49.77 249 20 35 149 33026 1 1207276 73306 1.6 24 15 9 18 67% 190 76807 176 96%
c - 50.09 250 19 35 150 33029 1 1219483 74984 1.6 23 15 9 18 67% 190 76807 176 96%
c - 50.40 249 19 35 151 33036 1 1231730 76360 1.6 23 15 9 18 68% 190 76807 176 96%
c u 50.81 250 19 35 151 33041 1 1241263 83627 1.6 23 15 9 18 68% 191 76807 176 96%
c v 51.02 250 19 35 151 33041 1 1241263 83565 1.6 23 15 9 18 68% 191 76807 176 96%
c w 51.09 250 19 35 151 33041 1 1241263 83526 1.6 23 15 9 18 68% 191 76807 176 96%
c t 51.10 250 19 35 151 33041 1 1241263 83526 1.6 23 15 9 18 68% 190 76807 176 96%
c - 51.19 251 19 35 152 33042 1 1244018 77320 1.6 23 14 9 18 68% 190 76807 176 96%
c - 51.55 249 19 35 153 33043 1 1256348 78303 1.6 23 14 9 18 68% 190 76807 176 96%
c - 51.85 250 20 35 154 33045 1 1268717 76490 1.6 24 15 9 18 68% 190 76807 176 96%
c - 52.21 249 20 35 155 33052 1 1281129 75089 1.6 24 15 9 18 68% 190 76807 176 96%
c B 52.35 250 20 35 155 33056 1 1286714 79553 1.6 24 15 9 18 68% 190 76807 176 96%
c - 52.52 249 20 35 156 33058 1 1293581 74445 1.6 24 16 9 18 69% 190 76807 176 96%
c - 52.90 249 21 35 157 33063 1 1306070 71467 1.5 25 16 9 18 69% 190 76807 176 96%
c - 53.28 249 21 35 158 33071 1 1318601 70596 1.5 25 16 9 18 68% 190 76807 176 96%
c - 53.67 250 21 35 159 33073 1 1331171 69717 1.5 25 16 9 18 68% 190 76807 176 96%
c s 54.21 249 21 35 159 33074 1 1335987 73129 1.5 24 16 9 18 68% 190 76600 176 96%
c
c seconds    switched      rate           size/glue  tier1    binary       remaining
c         MB   reductions     conflicts         size   tier2     irredundant
c          level     restarts        redundant     glue    trail       variables
c
c s 54.25 249 21 35 159 33074 1 1335987 73129 1.5 24 16 9 18 68% 190 76583 176 96%
c o 54.25 249 21 35 159 33074 1 1335987 73129 1.5 24 16 9 18 68% 190 76583 176 96%
c - 54.51 249 21 35 160 33074 1 1343780 66922 1.5 25 16 9 18 68% 190 76583 176 96%
c u 54.67 249 22 35 160 33074 1 1346557 69100 1.5 25 16 9 18 68% 190 76583 176 96%
c v 54.73 250 22 35 160 33074 1 1346557 69006 1.5 25 16 9 18 68% 190 76583 176 96%
c w 54.76 250 22 35 160 33074 1 1346557 69000 1.5 25 16 9 18 68% 190 76583 176 96%
c x 54.81 250 22 35 160 33074 1 1346557 68977 1.5 25 16 9 18 68% 190 76285 176 96%
c - 55.11 250 22 35 161 33075 1 1356431 63265 1.5 25 17 9 18 68% 190 76285 176 96%
c - 55.46 250 22 35 162 33075 1 1369122 60293 1.5 24 17 9 18 67% 190 76285 176 96%
c - 55.80 250 22 35 163 33075 1 1381850 60845 1.5 25 17 9 18 67% 190 76285 176 96%
c - 56.13 251 22 35 164 33082 1 1394617 60097 1.5 25 17 9 18 68% 190 76285 176 96%
c W 56.14 246 22 35 164 33083 1 1394700 60151 1.5 25 17 9 18 68% 190 76285 176 96%
c - 56.48 249 22 35 165 33090 1 1407425 60691 1.5 25 17 9 18 68% 190 76285 176 96%
c - 56.82 249 22 35 166 33094 1 1420270 59998 1.5 26 17 9 18 69% 190 76285 176 96%
c - 57.25 249 22 35 167 33102 1 1433155 58424 1.5 26 17 9 18 69% 190 76285 176 96%
c - 57.67 250 22 35 168 33105 1 1446077 60710 1.5 25 17 9 18 69% 190 76285 176 96%
c ] 57.90 251 22 36 168 33106 1 1454409 67716 1.5 25 17 9 18 69% 190 76285 176 96%
c { 57.90 251 15 36 168 33106 2 1454409 67716 1.3 15 11 7 12 47% 190 76285 176 96%
c u 58.09 250 15 36 168 33182 2 1456575 68929 1.3 15 11 7 12 47% 190 76285 176 96%
c v 58.19 250 15 36 168 33182 2 1456575 68820 1.3 15 11 7 12 47% 190 76285 176 96%
c
c seconds    switched      rate           size/glue  tier1    binary       remaining
c         MB   reductions     conflicts         size   tier2     irredundant
c          level     restarts        redundant     glue    trail       variables
c
c w 58.23 250 15 36 168 33182 2 1456575 68694 1.3 15 11 7 12 47% 190 76285 176 96%
c - 58.34 250 15 36 169 33227 2 1459038 63030 1.3 15 11 7 12 47% 190 76285 176 96%
c - 58.71 250 15 36 170 33263 2 1472039 65187 1.4 15 11 7 12 48% 190 76285 176 96%
c - 59.23 250 14 36 171 33390 2 1485077 66214 1.4 15 11 7 12 49% 190 76285 176 96%
c - 59.79 251 14 36 172 33523 2 1498153 67783 1.4 15 11 7 12 49% 190 76285 176 96%
c - 60.36 251 14 36 173 33532 2 1511267 68378 1.4 15 10 7 12 50% 191 76285 176 96%
c o 60.47 249 14 36 173 33618 2 1513502 70267 1.4 15 10 7 12 50% 191 76285 176 96%
c - 60.98 249 14 36 174 34167 2 1524419 71847 1.5 15 10 7 12 51% 191 76285 176 96%
c } 61.26 248 14 37 174 34305 2 1529966 76605 1.5 15 10 7 12 51% 191 76285 176 96%
c [ 61.26 248 22 37 174 34305 1 1529966 76605 1.5 25 17 9 18 69% 191 76285 176 96%
c O 61.26 248 22 37 174 34305 1 1529966 76605 1.5 25 17 9 18 69% 191 76285 176 96%
c - 61.63 247 22 37 175 34310 1 1537609 75361 1.5 25 17 9 18 68% 191 76285 176 96%
c - 62.17 251 22 37 176 34318 1 1550838 75443 1.5 25 17 9 18 67% 191 76285 176 96%
c - 62.71 250 22 37 177 34321 1 1564104 76566 1.5 25 17 9 18 66% 191 76285 176 96%
c s 63.22 251 22 37 177 34325 1 1569263 80698 1.5 24 17 9 18 66% 191 74749 176 96%
c u 63.42 250 21 37 177 34326 1 1571381 82140 1.5 24 17 9 18 66% 191 74749 176 96%
c v 63.54 250 21 37 177 34326 1 1571381 81791 1.5 24 17 9 18 66% 191 74749 176 96%
c w 63.58 250 21 37 177 34326 1 1571381 81553 1.5 24 17 9 18 66% 191 74749 176 96%
c x 63.67 244 21 37 177 34326 1 1571381 81539 1.5 24 17 9 18 66% 191 74457 176 96%
c - 63.92 235 21 37 178 34329 1 1577408 77054 1.5 24 17 9 18 66% 191 74457 176 96%
c
c seconds    switched      rate           size/glue  tier1    binary       remaining
c         MB   reductions     conflicts         size   tier2     irredundant
c          level     restarts        redundant     glue    trail       variables
c
c - 64.44 236 22 37 179 34334 1 1590750 75308 1.4 25 17 9 18 66% 191 74457 176 96%
c - 64.94 235 22 37 180 34335 1 1604129 74440 1.5 25 17 9 18 66% 191 74457 176 96%
c ] 65.13 235 22 38 180 34335 1 1608818 78251 1.4 25 17 9 18 66% 191 74457 176 96%
c { 65.13 235 14 38 180 34335 2 1608818 78251 1.5 15 10 7 12 51% 191 74457 176 96%
c - 65.44 236 14 38 181 34392 2 1617545 78755 1.5 15 10 7 12 52% 191 74457 176 96%
c - 66.02 235 14 38 182 34403 2 1630999 83543 1.5 16 10 7 12 53% 191 74457 176 96%
c - 66.68 235 13 38 183 34416 1 1644489 86767 1.6 16 10 7 12 54% 191 74457 176 96%
c - 67.27 235 13 38 184 34416 1 1658016 88284 1.7 16 10 7 12 55% 191 74457 176 96%
c - 67.82 235 13 38 185 34426 1 1671583 92181 1.7 16 10 7 12 56% 191 74457 176 96%
c - 68.54 234 13 38 186 34439 1 1685184 95569 1.7 16 9 7 12 56% 191 74457 176 96%
c o 68.62 234 13 38 186 34445 1 1686673 96942 1.7 16 9 7 12 56% 191 74457 176 96%
c u 68.98 235 13 38 186 34474 1 1691053 100758 1.7 16 9 7 12 56% 192 74457 176 96%
c v 69.11 242 13 38 186 34474 1 1691053 100740 1.7 16 9 7 12 56% 192 74457 176 96%
c w 69.16 246 13 38 186 34474 1 1691053 100729 1.7 16 9 7 12 56% 192 74457 176 96%
c x 69.26 247 13 38 186 34474 1 1691053 100714 1.7 16 9 7 12 56% 192 73265 176 96%
c t 70.15 248 13 38 186 34474 1 1691053 100714 1.7 16 9 7 12 56% 191 73265 176 96%
c } 70.22 235 13 39 186 34475 1 1692152 101744 1.7 16 9 7 12 56% 191 73265 176 96%
c [ 70.22 235 22 39 186 34475 1 1692152 101744 1.4 25 17 9 18 66% 191 73265 176 96%
c B 70.22 235 22 39 186 34475 1 1692152 101744 1.4 25 17 9 18 66% 191 73265 176 96%
c - 70.42 237 22 39 187 34480 1 1698822 97509 1.4 25 17 9 18 67% 191 73265 176 96%
c
c seconds    switched      rate            size/glue  tier1    binary       remaining
c         MB   reductions     conflicts          size   tier2     irredundant
c          level     restarts        redundant      glue    trail       variables
c
c - 70.79 237 22 39 188 34487 1 1712496 100478 1.5 25 17 9 18 67% 191 73265 176 96%
c - 71.19 237 22 39 189 34491 1 1726210 103608 1.5 25 17 9 18 68% 191 73265 176 96%
c - 71.63 238 21 39 190 34499 1 1739960 105398 1.5 24 17 9 18 68% 191 73265 176 96%
c - 72.11 238 21 39 191 34504 1 1753744 106453 1.5 24 16 9 18 68% 191 73265 176 96%
c - 72.58 239 21 39 192 34505 1 1767565 107620 1.5 24 16 9 18 68% 191 73265 176 96%
c - 73.04 238 20 39 193 34511 1 1781422 108324 1.5 24 16 9 18 68% 191 73265 176 96%
c - 73.48 239 20 39 194 34519 1 1795315 108179 1.5 24 16 9 18 68% 191 73265 176 96%
c - 73.97 239 21 39 195 34522 1 1809243 106361 1.5 24 16 9 18 68% 191 73265 176 96%
c u 74.29 247 21 39 195 34527 1 1815604 111379 1.5 24 16 9 18 68% 191 73265 176 96%
c v 74.39 251 21 39 195 34527 1 1815604 111353 1.5 24 16 9 18 68% 191 73265 176 96%
c w 74.43 251 21 39 195 34527 1 1815604 111349 1.5 24 16 9 18 68% 191 73265 176 96%
c x 74.49 253 21 39 195 34527 1 1815604 111339 1.5 24 16 9 18 68% 191 73198 176 96%
c W 74.64 235 21 39 195 34528 1 1819620 114630 1.5 24 16 9 18 68% 191 73198 176 96%
c - 74.77 245 21 39 196 34530 1 1823208 106951 1.5 24 16 9 18 68% 191 73198 176 96%
c ] 75.04 245 21 40 196 34534 1 1830433 112635 1.5 24 16 9 18 68% 191 73198 176 96%
c { 75.04 245 13 40 196 34534 1 1830433 112635 1.7 16 9 7 12 56% 191 73198 176 96%
c s 75.58 246 13 40 196 34660 1 1832228 113850 1.7 16 9 7 12 56% 191 73154 176 96%
c s 75.62 246 13 40 196 34660 1 1832228 113850 1.7 16 9 7 12 56% 191 73129 176 96%
c - 75.93 247 13 40 197 34857 1 1837208 108393 1.7 16 9 7 12 56% 191 73129 176 96%
c - 77.04 246 13 40 198 36232 1 1851244 110730 1.7 16 9 7 12 56% 191 73129 176 96%
c
c seconds    switched      rate            size/glue  tier1    binary       remaining
c         MB   reductions     conflicts          size   tier2     irredundant
c          level     restarts        redundant      glue    trail       variables
c
c - 78.00 247 13 40 199 37439 2 1865315 112834 1.6 16 10 7 12 56% 191 73129 176 96%
c o 78.09 247 13 40 199 37459 2 1866997 113939 1.6 15 10 7 12 56% 191 73129 176 96%
c - 79.05 247 13 40 200 38700 2 1879422 115633 1.6 15 10 7 12 55% 191 73129 176 96%
c - 80.21 246 13 40 201 39996 2 1893567 118066 1.6 15 10 7 12 55% 191 73129 176 96%
c - 81.14 247 13 40 202 41003 2 1907745 118909 1.5 15 10 7 12 55% 191 73129 176 96%
c } 82.05 245 13 41 202 41678 2 1921908 129806 1.5 15 10 6 12 55% 191 73129 176 96%
c [ 82.05 245 21 41 202 41678 1 1921908 129806 1.5 24 16 9 18 68% 191 73129 176 96%
c - 82.06 246 21 41 203 41678 1 1921957 101651 1.5 24 16 9 18 68% 191 73129 176 96%
c - 82.54 246 20 41 204 41686 1 1936206 93820 1.5 23 16 8 18 66% 191 73129 176 96%
c u 82.99 247 19 41 204 41691 1 1945025 100286 1.5 23 15 8 18 66% 192 73129 176 96%
c v 83.18 247 19 41 204 41691 1 1945025 100192 1.5 23 15 8 18 66% 192 73129 176 96%
c w 83.24 247 19 41 204 41691 1 1945025 100171 1.5 23 15 8 18 66% 192 73129 176 96%
c x 83.38 247 19 41 204 41691 1 1945025 100166 1.5 23 15 8 18 66% 192 72796 176 96%
c t 83.39 247 19 41 204 41691 1 1945025 100166 1.5 23 15 8 18 66% 191 72796 176 96%
c - 83.58 246 19 41 205 41692 1 1950490 92514 1.5 22 15 8 18 66% 191 72796 176 96%
c I 83.70 247 19 41 205 41692 1 1953859 95335 1.5 22 15 8 18 66% 191 72796 176 96%
c - 84.05 247 19 41 206 41699 1 1964807 93981 1.5 22 15 8 18 65% 191 72796 176 96%
c - 84.57 247 18 41 207 41706 1 1979161 95134 1.5 21 14 8 18 64% 191 72796 176 96%
c - 85.12 247 18 41 208 41708 1 1993548 96328 1.5 21 14 8 18 64% 191 72796 176 96%
c - 85.70 246 18 41 209 41711 1 2007970 97216 1.5 21 14 8 18 63% 191 72796 176 96%
c
c seconds    switched      rate           size/glue  tier1    binary       remaining
c         MB   reductions     conflicts         size   tier2     irredundant
c          level     restarts        redundant     glue    trail       variables
c
c - 86.18 247 17 41 210 41720 1 2022427 98252 1.5 20 13 8 18 63% 191 72796 176 96%
c - 86.67 247 17 41 211 41724 1 2036918 98836 1.5 20 13 8 18 63% 191 72796 176 96%
c - 87.06 246 17 41 212 41733 1 2051445 98552 1.5 21 14 8 18 64% 191 72796 176 96%
c - 87.49 246 17 41 213 41738 1 2066008 96959 1.5 21 14 8 18 65% 191 72796 176 96%
c u 87.99 247 17 41 213 41739 1 2079376 107307 1.5 21 14 8 18 66% 191 72796 176 96%
c v 88.10 256 17 41 213 41739 1 2079376 107245 1.5 21 14 8 18 66% 191 72796 176 96%
c w 88.15 257 17 41 213 41739 1 2079376 107143 1.5 21 14 8 18 66% 191 72796 176 96%
c x 88.22 258 17 41 213 41739 1 2079376 107137 1.5 21 14 8 18 66% 191 72757 176 96%
c o 88.23 258 17 41 213 41739 1 2079376 107137 1.5 21 14 8 18 66% 191 72757 176 96%
c - 88.28 246 17 41 214 41739 1 2080603 97671 1.5 21 14 8 18 66% 191 72757 176 96%
c B 88.68 246 18 41 214 41740 1 2095010 109518 1.5 21 14 8 18 66% 191 72757 176 96%
c - 88.70 246 18 41 215 41740 1 2095231 95257 1.5 21 14 8 18 66% 191 72757 176 96%
c - 89.19 246 18 41 216 41740 1 2109894 89635 1.5 22 14 8 18 67% 191 72757 176 96%
c - 89.68 246 18 41 217 41745 1 2124590 85621 1.5 22 15 8 18 67% 191 72757 176 96%
c s 90.08 246 18 41 217 41746 1 2126009 86672 1.5 22 15 8 18 67% 191 72476 176 96%
c ] 90.32 247 19 42 217 41750 1 2135090 94195 1.5 22 15 8 18 67% 191 72476 176 96%
c { 90.32 247 13 42 217 41750 2 2135090 94195 1.5 15 10 6 12 55% 191 72476 176 96%
c - 90.62 246 13 42 218 42105 2 2139322 85626 1.5 15 10 6 11 55% 192 72476 176 96%
c - 91.42 246 13 42 219 42759 2 2154086 86392 1.5 15 10 6 11 55% 192 72476 176 96%
c - 92.29 246 13 42 220 43564 2 2168884 88357 1.5 15 10 6 11 55% 192 72476 176 96%
c
c seconds    switched      rate           size/glue  tier1    binary       remaining
c         MB   reductions     conflicts         size   tier2     irredundant
c          level     restarts        redundant     glue    trail       variables
c
c - 93.08 247 13 42 221 44320 2 2183717 91069 1.5 15 10 6 11 55% 192 72476 176 96%
c - 93.79 247 13 42 222 44751 2 2198585 93424 1.5 15 10 6 11 55% 192 72476 176 96%
c - 94.55 246 13 42 223 45198 2 2213486 95294 1.5 14 10 6 11 55% 192 72476 176 96%
c u 94.93 247 13 42 223 45346 2 2218671 98820 1.5 14 10 6 11 55% 194 72476 176 96%
c v 95.07 256 13 42 223 45346 2 2218671 98697 1.5 14 10 6 11 55% 194 72476 176 96%
c w 95.12 257 13 42 223 45346 2 2218671 98666 1.5 14 10 6 11 55% 194 72476 176 96%
c x 95.22 258 13 42 223 45346 2 2218671 98666 1.5 14 10 6 11 55% 194 72467 176 96%
c t 95.22 258 13 42 223 45346 2 2218671 98666 1.5 14 10 6 11 55% 192 72467 176 96%
c - 95.76 246 13 42 224 45883 2 2228420 96996 1.5 14 10 6 11 55% 192 72467 176 96%
c } 96.10 246 13 43 224 46207 2 2235063 101951 1.5 14 10 6 11 56% 192 72467 176 96%
c [ 96.10 246 19 43 224 46207 1 2235063 101951 1.5 22 15 8 18 67% 192 72467 176 96%
c W 96.43 244 19 43 224 46212 1 2243199 107994 1.5 22 15 8 18 67% 192 72467 176 96%
c - 96.45 246 19 43 225 46213 1 2243387 99559 1.5 22 15 8 18 67% 192 72467 176 96%
c - 96.87 247 19 43 226 46220 1 2258388 98569 1.5 22 15 8 18 67% 192 72467 176 96%
c - 97.29 247 20 43 227 46226 1 2273423 96729 1.5 23 15 8 18 68% 192 72467 176 96%
c - 97.72 246 20 43 228 46234 1 2288489 98093 1.5 23 16 8 18 68% 192 72467 176 96%
c - 98.15 247 20 43 229 46237 1 2303588 99206 1.5 23 16 8 18 69% 192 72467 176 96%
c - 98.55 247 20 43 230 46239 1 2318720 99327 1.5 23 16 8 18 69% 192 72467 176 96%
c - 99.01 247 20 43 231 46248 1 2333885 98411 1.5 23 16 8 18 70% 192 72467 176 96%
c - 99.54 247 20 43 232 46252 1 2349083 98435 1.5 23 15 8 18 70% 192 72467 176 96%
c
c seconds     switched      rate            size/glue  tier1    binary       remaining
c          MB   reductions     conflicts          size   tier2     irredundant
c           level     restarts        redundant      glue    trail       variables
c
c u 100.09 246 20 43 232 46260 1 2362969 108217 1.5 23 15 8 18 70% 193 72467 176 96%
c v 100.24 247 20 43 232 46260 1 2362969 108106 1.5 23 15 8 18 70% 193 72467 176 96%
c w 100.31 256 20 43 232 46260 1 2362969 108067 1.5 23 15 8 18 70% 193 72467 176 96%
c t 100.32 256 20 43 232 46260 1 2362969 108067 1.5 23 15 8 18 70% 192 72467 176 96%
c o 100.32 256 20 43 232 46260 1 2362969 108067 1.5 23 15 8 18 70% 192 72467 176 96%
c - 100.38 246 20 43 233 46261 1 2364315 97604 1.5 23 15 8 18 70% 192 72467 176 96%
c - 100.90 246 20 43 234 46267 1 2379579 95381 1.5 24 16 8 18 71% 192 72467 176 96%
c - 101.44 247 20 43 235 46268 1 2394878 93893 1.5 24 16 8 18 71% 192 72467 176 96%
c O 101.57 248 20 43 235 46268 1 2398560 96644 1.5 23 16 8 18 71% 192 72467 176 96%
c - 102.09 246 20 43 236 46269 1 2410207 94225 1.5 23 16 8 18 69% 192 72467 176 96%
c ] 102.42 246 20 44 236 46269 1 2418837 101287 1.5 23 16 8 18 69% 192 72467 176 96%
c { 102.42 246 13 44 236 46269 2 2418837 101287 1.5 14 10 6 11 56% 192 72467 176 96%
c - 102.92 246 13 44 237 46876 2 2425569 94546 1.5 14 10 6 11 56% 192 72467 176 96%
c - 103.87 246 13 44 238 47639 2 2440963 95754 1.5 14 10 6 11 56% 192 72467 176 96%
c s 104.37 247 13 44 238 47878 2 2451631 103557 1.5 14 10 6 11 56% 193 72454 176 96%
c - 104.67 247 13 44 239 48150 2 2456393 97786 1.5 14 10 6 11 56% 193 72454 176 96%
c - 105.46 246 12 44 240 48323 2 2471852 99525 1.5 14 9 6 11 55% 194 72454 176 96%
c - 106.41 247 13 44 241 49299 2 2487347 101831 1.5 14 9 6 11 56% 194 72454 176 96%
c - 107.14 247 12 44 242 49732 2 2502872 103516 1.5 14 9 6 11 55% 194 72454 176 96%
c u 107.79 254 12 44 242 50000 2 2512260 109735 1.5 14 9 6 11 56% 195 72454 176 96%
c
c seconds     switched      rate            size/glue tier1    binary       remaining
c          MB   reductions     conflicts          size  tier2     irredundant
c           level     restarts        redundant     glue    trail       variables
c
c v 107.95 256 12 44 242 50000 2 2512260 109277 1.5 14 9 6 11 56% 195 72454 176 96%
c w 108.01 256 12 44 242 50000 2 2512260 109199 1.5 14 9 6 11 56% 195 72454 176 96%
c x 108.13 259 12 44 242 50000 2 2512260 109199 1.5 14 9 6 11 56% 195 72444 176 96%
c - 108.53 246 12 44 243 50395 2 2518429 104682 1.5 14 9 6 11 56% 195 72444 176 96%
c } 109.14 244 12 45 243 51123 2 2527669 111660 1.5 14 9 6 11 56% 195 72444 176 96%
c [ 109.14 244 20 45 243 51123 1 2527669 111660 1.5 23 16 8 18 69% 195 72444 176 96%
c - 109.40 247 20 45 244 51128 1 2534017 108408 1.5 23 16 8 18 69% 195 72444 176 96%
c - 110.00 247 20 45 245 51136 1 2549639 110477 1.5 23 16 8 18 68% 195 72444 176 96%
c B 110.45 243 20 45 245 51138 1 2561223 119751 1.5 23 16 8 18 68% 195 72444 176 96%
c - 110.58 247 21 45 246 51141 1 2565294 110770 1.5 24 16 8 18 68% 195 72444 176 96%
c - 111.02 247 21 45 247 51150 1 2580980 111044 1.5 24 16 8 18 68% 195 72444 176 96%
c - 111.53 247 21 45 248 51153 1 2596698 111494 1.5 24 16 8 18 67% 195 72444 176 96%
c - 112.02 247 21 45 249 51156 1 2612447 113339 1.5 24 16 8 18 67% 195 72444 176 96%
c - 112.61 247 20 45 250 51165 1 2628226 113878 1.5 24 16 8 18 67% 195 72444 176 96%
c - 113.23 246 20 45 251 51170 1 2644037 113907 1.5 24 16 8 18 66% 195 72444 176 96%
c - 113.78 247 20 45 252 51179 1 2659879 110427 1.5 24 16 8 17 66% 195 72444 176 96%
c u 114.20 259 20 45 252 51182 1 2666596 116063 1.5 24 16 8 17 66% 195 72444 176 96%
c v 114.40 261 20 45 252 51182 1 2666596 115922 1.5 24 16 8 17 66% 195 72444 176 96%
c w 114.48 262 20 45 252 51182 1 2666596 115892 1.5 24 16 8 17 66% 195 72444 176 96%
c o 114.48 262 20 45 252 51182 1 2666596 115892 1.5 24 16 8 17 66% 195 72444 176 96%
c
c seconds     switched      rate            size/glue  tier1    binary       remaining
c          MB   reductions     conflicts          size   tier2     irredundant
c           level     restarts        redundant      glue    trail       variables
c
c - 114.80 247 21 45 253 51183 1 2675753 106556 1.5 24 16 8 17 66% 195 72444 176 96%
c - 115.36 247 21 45 254 51184 1 2691658 103520 1.5 24 16 8 17 66% 195 72444 176 96%
c - 115.87 246 21 45 255 51185 1 2707595 99934 1.5 25 16 8 17 66% 195 72444 176 96%
c - 116.45 247 21 45 256 51185 1 2723564 99078 1.5 25 16 8 17 67% 195 72444 176 96%
c ] 116.47 247 21 46 256 51185 1 2724217 99615 1.5 25 16 8 17 67% 195 72444 176 96%
c { 116.47 247 12 46 256 51185 2 2724217 99615 1.5 14 9 6 11 56% 195 72444 176 96%
c - 117.47 247 13 46 257 52349 2 2739564 101991 1.4 14 9 6 11 56% 195 72444 176 96%
c - 118.71 247 13 46 258 53832 2 2755595 103811 1.4 14 10 6 11 56% 195 72444 176 96%
c - 119.47 247 12 46 259 54027 2 2771657 105678 1.4 14 9 6 11 56% 195 72444 176 96%
c - 120.42 247 12 46 260 54456 2 2787750 107291 1.5 13 9 6 11 56% 196 72444 176 96%
c - 121.15 247 12 46 261 54684 2 2803878 110197 1.5 13 9 6 11 57% 198 72444 176 96%
c s 121.54 247 12 46 261 55261 2 2810044 114783 1.5 13 9 6 11 56% 198 72434 176 96%
c - 122.20 247 12 46 262 55876 2 2820035 114000 1.5 13 9 6 11 57% 198 72434 176 96%
c u 122.77 247 12 46 262 56045 2 2825972 117455 1.5 13 9 6 11 57% 198 72434 176 96%
c v 123.02 256 12 46 262 56045 2 2825972 116556 1.5 13 9 6 11 57% 198 72434 176 96%
c w 123.11 257 12 46 262 56045 2 2825972 116270 1.5 13 9 6 11 57% 198 72434 176 96%
c - 123.69 247 12 46 263 56591 2 2836221 115520 1.4 13 9 6 11 57% 198 72434 176 96%
c } 124.02 247 12 47 263 56662 2 2842261 119276 1.4 13 9 6 11 57% 198 72434 176 96%
c [ 124.02 247 21 47 263 56662 1 2842261 119276 1.5 25 16 8 17 67% 198 72434 176 96%
c W 124.03 244 21 47 263 56662 1 2842261 119276 1.5 25 16 8 17 67% 198 72434 176 96%
c
c seconds     switched      rate            size/glue  tier1    binary       remaining
c          MB   reductions     conflicts          size   tier2     irredundant
c           level     restarts        redundant      glue    trail       variables
c
c - 124.32 247 21 47 264 56668 1 2852438 116147 1.5 25 16 8 17 67% 198 72434 176 96%
c - 124.83 247 21 47 265 56676 1 2868686 117896 1.5 25 16 8 17 68% 198 72434 176 96%
c - 125.41 247 21 47 266 56683 1 2884965 121494 1.6 25 16 8 17 69% 198 72434 176 96%
c - 126.02 248 21 47 267 56691 1 2901274 125919 1.6 25 16 8 17 68% 198 72434 176 96%
c - 126.55 248 21 47 268 56692 1 2917616 124858 1.6 25 16 8 17 69% 198 72434 176 96%
c - 127.10 248 21 47 269 56699 1 2933986 119796 1.6 26 16 8 17 70% 198 72434 176 96%
c - 127.72 248 21 47 270 56707 1 2950387 117505 1.6 26 16 8 17 70% 198 72434 176 96%
c - 128.28 248 21 47 271 56714 1 2966819 115822 1.6 26 16 8 17 70% 198 72434 176 96%
c - 128.88 247 21 47 272 56722 1 2983282 115717 1.6 26 16 8 17 70% 198 72434 176 96%
c u 129.28 258 21 47 272 56723 1 2990441 121430 1.6 25 15 8 17 70% 198 72434 176 96%
c v 129.42 260 21 47 272 56723 1 2990441 121405 1.6 25 15 8 17 70% 198 72434 176 96%
c w 129.48 261 21 47 272 56723 1 2990441 121398 1.6 25 15 8 17 70% 198 72434 176 96%
c x 129.58 261 21 47 272 56723 1 2990441 121382 1.6 25 15 8 17 70% 198 72168 176 96%
c o 129.67 262 21 47 272 56723 1 2990441 121382 1.6 25 15 8 17 70% 198 72168 176 96%
c - 129.97 256 21 47 273 56723 1 2999774 113091 1.6 26 16 8 17 70% 198 72168 176 96%
c - 130.51 256 21 47 274 56724 1 3016297 106909 1.6 26 16 8 17 71% 198 72168 176 96%
c I 130.63 255 21 47 274 56724 1 3019913 110121 1.7 26 16 8 17 71% 198 72168 176 96%
c - 131.09 257 21 47 275 56724 1 3032850 105824 1.6 25 16 8 17 70% 198 72168 176 96%
c - 131.58 257 20 47 276 56731 1 3049433 108147 1.6 25 15 8 17 69% 198 72168 176 96%
c - 132.09 256 20 47 277 56739 1 3066046 109579 1.6 24 15 8 17 69% 198 72168 176 96%
c
c seconds     switched      rate            size/glue  tier1    binary       remaining
c          MB   reductions     conflicts          size   tier2     irredundant
c           level     restarts        redundant      glue    trail       variables
c
c ] 132.51 256 20 48 277 56745 1 3079441 120097 1.6 24 15 8 17 68% 198 72168 176 96%
c { 132.51 256 12 48 277 56745 2 3079441 120097 1.4 13 9 6 11 57% 198 72168 176 96%
c - 132.76 256 12 48 278 57080 2 3082689 110694 1.4 13 9 6 11 57% 198 72168 176 96%
c - 133.77 256 12 48 279 58076 2 3099362 111181 1.4 13 9 6 11 57% 199 72168 176 96%
c - 135.02 257 12 48 280 59787 2 3116065 98618 1.4 13 9 5 11 58% 200 72168 176 96%
c - 136.12 256 13 48 281 61358 2 3132798 97076 1.4 14 9 5 11 57% 200 72168 176 96%
c - 136.99 256 13 48 282 62335 2 3149562 96699 1.4 13 9 5 11 58% 201 72168 176 96%
c u 138.05 257 13 48 282 63883 2 3160041 104716 1.4 14 10 5 11 58% 201 72168 176 96%
c v 138.30 268 13 48 282 63883 2 3160041 104439 1.4 14 10 5 11 58% 201 72168 176 96%
c w 138.39 269 13 48 282 63883 2 3160041 104402 1.4 14 10 5 11 58% 201 72168 176 96%
c t 138.39 269 13 48 282 63883 2 3160041 104402 1.4 14 10 5 11 58% 198 72168 176 96%
c - 138.82 256 13 48 283 64403 2 3166355 96620 1.4 14 10 5 11 58% 198 72168 176 96%
c - 139.68 256 13 48 284 65279 2 3183177 98028 1.4 14 10 5 11 57% 198 72168 176 96%
c - 140.62 256 13 48 285 66113 2 3200030 99322 1.4 14 10 5 11 58% 198 72168 176 96%
c s 140.81 256 13 48 285 66254 2 3202225 100988 1.4 14 10 5 11 57% 198 72140 176 96%
c } 141.15 254 13 49 285 66772 2 3207051 104844 1.4 14 10 5 11 57% 198 72140 176 96%
c [ 141.15 254 20 49 285 66772 1 3207051 104844 1.6 24 15 8 17 68% 198 72140 176 96%
c B 141.15 254 20 49 285 66772 1 3207051 104844 1.6 24 15 8 17 68% 198 72140 176 96%
c - 141.42 256 19 49 286 66778 1 3216911 100157 1.6 24 15 8 17 68% 198 72140 176 96%
c o 141.97 257 19 49 286 66786 1 3231708 112299 1.6 23 15 8 17 67% 198 72140 176 96%
c
c seconds     switched      rate           size/glue  tier1    binary       remaining
c          MB   reductions     conflicts         size   tier2     irredundant
c           level     restarts        redundant     glue    trail       variables
c
c - 142.06 256 20 49 287 66786 1 3233822 99118 1.6 24 15 8 17 67% 198 72140 176 96%
c - 142.75 257 20 49 288 66793 1 3250763 98691 1.6 23 15 8 17 66% 198 72140 176 96%
c - 143.46 257 20 49 289 66801 1 3267734 97636 1.5 23 15 8 17 66% 198 72140 176 96%
c - 144.15 256 19 49 290 66802 1 3284736 97340 1.5 23 15 8 17 66% 198 72140 176 96%
c - 144.84 256 19 49 291 66810 1 3301765 96009 1.5 23 15 8 17 66% 198 72140 176 96%
c - 145.53 257 19 49 292 66817 1 3318823 94396 1.5 23 15 8 17 66% 198 72140 176 96%
c u 146.19 257 20 49 292 66825 1 3334785 106994 1.5 23 15 8 17 66% 198 72140 176 96%
c v 146.37 267 20 49 292 66825 1 3334785 106686 1.5 23 15 8 17 66% 198 72140 176 96%
c w 146.45 268 20 49 292 66825 1 3334785 106684 1.5 23 15 8 17 66% 198 72140 176 96%
c x 146.57 270 20 49 292 66825 1 3334785 106682 1.5 23 15 8 17 66% 198 72072 176 96%
c - 146.62 253 20 49 293 66826 1 3335912 90924 1.5 23 15 8 17 66% 198 72072 176 96%
c - 147.08 256 21 49 294 66832 1 3353029 84480 1.5 24 16 8 17 67% 198 72072 176 96%
c - 147.64 256 21 49 295 66833 1 3370177 80709 1.5 24 16 8 17 67% 198 72072 176 96%
c - 148.18 256 21 49 296 66834 1 3387352 82001 1.5 24 16 8 17 67% 198 72072 176 96%
c W 148.60 253 21 49 296 66834 1 3400191 92478 1.5 24 16 8 17 68% 198 72072 176 96%
c - 148.74 255 21 49 297 66835 1 3404557 84276 1.5 24 16 8 17 68% 198 72072 176 96%
c - 149.28 256 22 49 298 66845 1 3421790 84879 1.5 25 16 8 17 68% 198 72072 176 96%
c - 149.94 256 22 49 299 66851 1 3439052 84378 1.5 25 17 8 17 68% 198 72072 176 96%
c ] 150.11 257 22 50 299 66855 1 3444232 88571 1.5 25 17 8 17 68% 198 72072 176 96%
c { 150.11 257 13 50 299 66855 2 3444232 88571 1.4 14 10 5 11 57% 198 72072 176 96%
c
c seconds     switched      rate           size/glue  tier1    binary       remaining
c          MB   reductions     conflicts         size   tier2     irredundant
c           level     restarts        redundant     glue    trail       variables
c
c - 151.20 256 14 50 300 69378 2 3456345 85473 1.4 14 10 5 11 56% 198 72072 176 96%
c o 152.73 256 14 50 300 72447 2 3471780 96678 1.4 15 11 5 11 55% 198 72072 176 96%
c - 152.93 256 14 50 301 72813 2 3473665 88119 1.4 15 11 5 11 54% 198 72072 176 96%
c - 154.68 256 15 50 302 75692 2 3491015 88522 1.3 15 11 5 11 53% 198 72072 176 96%
c - 156.18 256 15 50 303 77917 2 3508394 88816 1.3 15 11 5 11 52% 198 72072 176 96%
c u 157.14 266 15 50 303 78635 2 3514703 92598 1.3 15 11 5 11 52% 198 72072 176 96%
c v 157.45 268 15 50 303 78635 2 3514703 91085 1.3 15 11 5 11 52% 198 72072 176 96%
c w 157.56 269 15 50 303 78635 2 3514703 90807 1.3 15 11 5 11 52% 198 72072 176 96%
c - 158.59 257 15 50 304 79722 2 3525800 87123 1.3 15 12 5 11 52% 198 72072 176 96%
c - 160.17 256 16 50 305 81425 2 3543236 88468 1.3 15 12 6 11 51% 198 72072 176 96%
c - 161.70 256 16 50 306 82805 2 3560701 89705 1.3 16 12 6 11 51% 198 72072 176 96%
c - 163.07 256 16 50 307 83738 2 3578195 90279 1.3 16 12 6 11 51% 198 72072 176 96%
c } 163.34 256 16 51 307 84011 2 3581757 92799 1.3 16 12 6 11 51% 198 72072 176 96%
c [ 163.34 256 22 51 307 84011 1 3581757 92799 1.5 25 17 8 17 68% 198 72072 176 96%
c - 163.98 256 21 51 308 84019 1 3595717 89598 1.5 24 16 8 17 66% 198 72072 176 96%
c O 164.21 255 21 51 308 84023 1 3601260 93872 1.5 24 16 8 17 65% 198 72072 176 96%
c - 164.83 257 21 51 309 84025 1 3613267 87610 1.5 24 16 8 17 64% 198 72072 176 96%
c s 166.26 256 21 51 309 84035 1 3629189 99929 1.4 23 16 8 17 63% 198 70364 176 96%
c - 166.35 256 21 51 310 84035 1 3630845 82948 1.4 23 16 8 17 63% 198 70364 176 96%
c - 166.99 253 22 51 311 84041 1 3648451 78097 1.4 24 17 8 17 64% 198 70364 176 96%
c
c seconds     switched      rate           size/glue  tier1    binary       remaining
c          MB   reductions     conflicts         size   tier2     irredundant
c           level     restarts        redundant     glue    trail       variables
c
c - 167.66 256 22 51 312 84043 1 3666089 76067 1.4 24 17 8 17 64% 198 70364 176 96%
c - 168.46 256 22 51 313 84054 1 3683753 77169 1.4 24 17 8 17 64% 198 70364 176 96%
c u 169.50 257 21 51 313 84059 1 3699815 88761 1.4 24 17 8 17 64% 199 70364 176 96%
c v 169.86 257 21 51 313 84059 1 3699815 88324 1.4 24 17 8 17 64% 199 70364 176 96%
c w 170.01 266 21 51 313 84059 1 3699815 88073 1.4 24 17 8 17 64% 199 70364 176 96%
c t 170.02 266 21 51 313 84059 1 3699815 88073 1.4 24 17 8 17 64% 198 70364 176 96%
c - 170.11 257 21 51 314 84060 1 3701444 76256 1.4 24 17 8 17 64% 198 70364 176 96%
c - 170.94 256 21 51 315 84070 1 3719164 77379 1.4 24 16 8 17 64% 198 70364 176 96%
c - 171.70 256 21 51 316 84072 1 3736912 77487 1.4 24 16 8 17 64% 198 70364 176 96%
c - 172.59 256 21 51 317 84073 1 3754688 76021 1.4 23 16 8 17 63% 198 70364 176 96%
c - 173.31 256 20 51 318 84073 1 3772492 76521 1.4 23 16 8 17 63% 198 70364 176 96%
c - 174.06 256 20 51 319 84080 1 3790324 76211 1.4 23 16 8 17 63% 198 70364 176 96%
c - 174.82 257 20 51 320 84088 1 3808184 77470 1.4 23 16 8 17 62% 198 70364 176 96%
c B 174.92 257 20 51 320 84088 1 3810375 79134 1.4 23 16 8 17 62% 198 70364 176 96%
c o 174.92 257 20 51 320 84088 1 3810375 79134 1.4 23 16 8 17 62% 198 70364 176 96%
c - 175.43 256 21 51 321 84097 1 3826074 77480 1.4 23 16 8 17 64% 198 70364 176 96%
c - 176.01 256 21 51 322 84103 1 3843992 74289 1.4 23 16 8 17 64% 198 70364 176 96%
c - 176.70 256 20 51 323 84105 1 3861936 75570 1.4 23 16 8 17 64% 198 70364 176 96%
c - 177.29 257 20 51 324 84116 1 3879909 77600 1.4 23 16 8 17 64% 198 70364 176 96%
c u 177.82 257 20 51 324 84119 1 3890250 84569 1.4 22 16 8 17 64% 198 70364 176 96%
c
c seconds     switched      rate           size/glue  tier1    binary       remaining
c          MB   reductions     conflicts         size   tier2     irredundant
c           level     restarts        redundant     glue    trail       variables
c
c v 178.00 257 20 51 324 84119 1 3890250 84314 1.4 22 16 8 17 64% 198 70364 176 96%
c w 178.07 257 20 51 324 84119 1 3890250 84146 1.4 22 16 8 17 64% 198 70364 176 96%
c x 178.21 257 20 51 324 84119 1 3890250 84070 1.4 22 16 8 17 64% 198 69131 176 96%
c - 178.46 256 20 51 325 84122 1 3897909 77547 1.4 22 16 8 17 64% 198 69131 176 96%
c - 179.00 256 20 51 326 84133 1 3915937 76941 1.4 23 16 8 17 64% 198 69131 176 96%
c ] 179.28 255 20 52 326 84134 1 3924453 83442 1.4 23 16 8 17 64% 198 69131 176 96%
c { 179.28 255 16 52 326 84134 2 3924453 83442 1.3 16 12 6 11 51% 198 69131 176 96%
c - 179.78 256 16 52 327 84279 2 3933992 77830 1.3 16 12 6 11 51% 198 69131 176 96%
c - 180.67 256 15 52 328 84320 2 3952075 80972 1.4 16 12 6 11 52% 198 69131 176 96%
c - 181.53 256 15 52 329 84405 2 3970185 81747 1.4 16 11 6 11 54% 198 69131 176 96%
c - 182.34 256 14 52 330 84557 2 3988323 79523 1.4 15 11 5 11 55% 198 69131 176 96%
c - 183.09 256 14 52 331 84833 2 4006488 79911 1.4 15 11 5 11 56% 198 69131 176 96%
c - 183.87 256 14 52 332 85164 2 4024681 81050 1.4 15 10 5 11 57% 198 69131 176 96%
c - 184.62 256 13 52 333 85354 1 4042902 80767 1.4 15 10 5 11 58% 198 69131 176 96%
c - 185.51 258 13 52 334 85671 1 4061152 82293 1.4 14 10 5 11 59% 198 69131 176 96%
c } 185.97 256 13 53 334 85707 1 4072241 89609 1.4 14 10 5 11 59% 199 69131 176 96%
c [ 185.97 256 20 53 334 85707 1 4072241 89609 1.4 23 16 8 17 64% 199 69131 176 96%
c W 186.01 253 20 53 334 85707 1 4072241 89609 1.4 23 16 8 17 64% 199 69131 176 96%
c o 186.02 255 20 53 334 85707 1 4072241 89609 1.4 23 16 8 17 64% 199 69131 176 96%
c - 186.27 256 20 53 335 85712 1 4079427 82422 1.4 23 16 8 17 65% 199 69131 176 96%
c
c seconds     switched      rate           size/glue  tier1    binary       remaining
c          MB   reductions     conflicts         size   tier2     irredundant
c           level     restarts        redundant     glue    trail       variables
c
c u 186.73 257 20 53 335 85715 1 4086014 87084 1.5 23 16 8 17 65% 200 69131 176 96%
c v 186.99 257 20 53 335 85715 1 4086014 86767 1.5 23 16 8 17 65% 200 69131 176 96%
c w 187.09 257 20 53 335 85715 1 4086014 86675 1.5 23 16 8 17 65% 200 69131 176 96%
c t 187.09 257 20 53 335 85715 1 4086014 86675 1.5 23 16 8 17 65% 199 69131 176 96%
c s 187.40 256 20 53 335 85719 1 4092065 91781 1.5 23 16 8 17 65% 199 68071 176 96%
c - 187.63 257 21 53 336 85721 1 4097730 79823 1.5 23 16 8 17 65% 199 68071 176 96%
c - 188.21 256 21 53 337 85728 1 4116061 79269 1.5 24 16 8 17 66% 199 68071 176 96%
c - 188.76 256 21 53 338 85736 1 4134419 79146 1.5 24 16 8 17 66% 199 68071 176 96%
c - 189.36 256 21 53 339 85737 1 4152803 81261 1.5 24 16 8 17 66% 199 68071 176 96%
c - 189.91 256 21 53 340 85748 1 4171214 83395 1.5 24 16 8 17 67% 199 68071 176 96%
c - 190.43 256 21 53 341 85755 1 4189653 82607 1.5 24 16 8 17 68% 199 68071 176 96%
c - 191.04 257 21 53 342 85766 1 4208120 82703 1.5 24 16 8 17 67% 199 68071 176 96%
c - 191.75 256 21 53 343 85768 1 4226614 84703 1.5 24 16 8 17 67% 199 68071 176 96%
c - 192.52 256 20 53 344 85769 1 4245137 85847 1.5 23 16 8 17 67% 199 68071 176 96%
c - 193.19 256 21 53 345 85769 1 4263684 87297 1.5 24 16 8 17 66% 199 68071 176 96%
c ] 193.83 255 20 54 345 85776 1 4278532 99693 1.5 24 16 8 17 66% 199 68071 176 96%
c { 193.83 255 13 54 345 85776 1 4278532 99693 1.4 14 10 5 11 59% 199 68071 176 96%
c - 194.01 256 13 54 346 85826 1 4282259 88105 1.4 14 10 5 11 59% 199 68071 176 96%
c u 194.29 256 13 54 346 85826 1 4287050 91503 1.5 14 10 5 11 59% 201 68071 176 96%
c v 194.44 257 13 54 346 85826 1 4287050 91391 1.5 14 10 5 11 59% 201 68071 176 96%
c
c seconds     switched      rate           size/glue  tier1    binary       remaining
c          MB   reductions     conflicts         size   tier2     irredundant
c           level     restarts        redundant     glue    trail       variables
c
c w 194.50 265 13 54 346 85826 1 4287050 91340 1.5 14 10 5 11 59% 201 68071 176 96%
c x 194.63 268 13 54 346 85826 1 4287050 91339 1.5 14 10 5 11 59% 201 68018 176 96%
c t 194.63 268 13 54 346 85826 1 4287050 91339 1.5 14 10 5 11 59% 199 68018 176 96%
c - 195.39 257 13 54 347 85911 1 4300860 92279 1.5 14 10 5 11 60% 199 68018 176 96%
c - 196.17 256 12 54 348 85932 1 4319487 94828 1.6 15 9 5 11 61% 199 68018 176 96%
c - 196.93 257 12 54 349 85974 1 4338141 97312 1.7 15 9 5 11 61% 199 68018 176 96%
c o 197.20 257 12 54 349 86013 1 4344811 102603 1.7 15 9 5 11 61% 199 68018 176 96%
c i 197.67 256 12 54 349 86014 1 4355470 109549 1.7 15 9 5 11 61% 216 68018 172 93%
c - 197.75 256 12 54 350 86019 1 4356822 88456 1.7 15 9 5 11 61% 186 68018 172 93%
c - 198.71 257 12 54 351 86075 1 4375531 90804 1.8 15 9 5 11 62% 186 68018 172 93%
c - 199.64 256 11 54 352 86212 1 4394265 98873 1.8 15 9 5 11 62% 186 68018 172 93%
c - 200.46 256 11 54 353 86231 1 4413028 101306 1.8 15 8 5 11 62% 187 68018 172 93%
c - 201.36 257 11 54 354 86252 1 4431818 103910 1.8 14 8 5 11 62% 189 68018 172 93%
c } 201.58 256 11 55 354 86266 1 4436927 108001 1.8 14 8 5 11 62% 189 68018 172 93%
c [ 201.58 256 20 55 354 86266 1 4436927 108001 1.5 24 16 8 17 66% 189 68018 172 93%
c I 201.58 256 20 55 354 86266 1 4436927 108001 1.5 24 16 8 17 66% 189 68018 172 93%
c - 202.02 256 20 55 355 86274 1 4450632 106214 1.5 23 16 8 17 66% 189 68018 172 93%
c - 202.60 257 20 55 356 86280 1 4469475 107279 1.5 23 15 7 17 65% 189 68018 172 93%
c - 203.18 257 19 55 357 86293 1 4488342 108556 1.5 22 15 7 17 65% 189 68018 172 93%
c u 203.50 257 19 55 357 86294 1 4493470 112145 1.5 22 15 7 17 65% 189 68018 172 93%
c
c seconds     switched      rate            size/glue  tier1    binary       remaining
c          MB   reductions     conflicts          size   tier2     irredundant
c           level     restarts        redundant      glue    trail       variables
c
c v 203.72 267 19 55 357 86294 1 4493470 112008 1.5 22 15 7 17 65% 189 68018 172 93%
c w 203.80 268 19 55 357 86294 1 4493470 111951 1.5 22 15 7 17 65% 189 68018 172 93%
c x 203.95 270 19 55 357 86294 1 4493470 111940 1.5 22 15 7 17 65% 189 67989 172 93%
c - 204.41 256 19 55 358 86296 1 4507237 107992 1.5 22 15 7 17 65% 189 67989 172 93%
c - 205.09 257 19 55 359 86302 1 4526157 108119 1.5 22 15 7 17 64% 189 67989 172 93%
c - 205.75 257 18 55 360 86311 1 4545105 108148 1.5 21 14 7 17 64% 189 67989 172 93%
c - 206.44 256 18 55 361 86318 1 4564080 108164 1.5 21 14 7 17 63% 189 67989 172 93%
c - 207.22 257 18 55 362 86326 1 4583081 107776 1.5 20 14 7 17 63% 189 67989 172 93%
c s 207.84 257 18 55 362 86327 1 4591900 114585 1.5 21 14 7 17 63% 189 66936 172 93%
c - 208.15 257 19 55 363 86328 1 4602109 102784 1.4 21 15 7 17 64% 189 66936 172 93%
c - 208.71 256 20 55 364 86328 1 4621161 93692 1.4 22 16 7 17 65% 189 66936 172 93%
c - 209.27 257 21 55 365 86333 1 4640239 92469 1.4 23 16 7 17 66% 189 66936 172 93%
c - 209.88 257 21 55 366 86343 1 4659343 92354 1.4 23 16 7 17 66% 189 66936 172 93%
c B 210.24 257 21 55 366 86346 1 4670893 101541 1.4 23 16 7 17 66% 189 66936 172 93%
c o 210.24 257 21 55 366 86346 1 4670893 101541 1.4 23 16 7 17 66% 189 66936 172 93%
c - 210.51 256 21 55 367 86350 1 4678478 94057 1.4 23 16 7 17 66% 189 66936 172 93%
c ] 210.84 255 21 56 367 86357 1 4688146 101763 1.4 23 16 7 17 66% 189 66936 172 93%
c { 210.84 255 11 56 367 86357 1 4688146 101763 1.8 14 8 5 11 62% 189 66936 172 93%
c - 211.66 256 11 56 368 87897 1 4697636 98779 1.7 14 8 5 11 62% 189 66936 172 93%
c u 212.36 257 11 56 368 88631 1 4705221 103715 1.7 14 8 5 11 62% 189 66936 172 93%
c
c seconds     switched      rate            size/glue tier1    binary       remaining
c          MB   reductions     conflicts          size  tier2     irredundant
c           level     restarts        redundant     glue    trail       variables
c
c v 212.58 267 11 56 368 88631 1 4705221 103456 1.7 14 8 5 11 62% 189 66936 172 93%
c w 212.67 268 11 56 368 88631 1 4705221 103447 1.7 14 8 5 11 62% 189 66936 172 93%
c - 213.61 256 12 56 369 90461 1 4716819 101041 1.7 14 9 5 11 61% 189 66936 172 93%
c - 214.66 257 12 56 370 91692 1 4736028 101650 1.6 14 9 5 11 61% 191 66936 172 93%
c - 215.94 257 12 56 371 93678 2 4755264 102946 1.6 14 9 5 11 61% 191 66936 172 93%
c - 217.46 256 13 56 372 96355 2 4774525 105969 1.5 14 9 5 11 60% 191 66936 172 93%
c - 218.57 257 13 56 373 97698 2 4793814 107635 1.5 14 10 5 11 60% 191 66936 172 93%
c - 219.69 256 13 56 374 99106 2 4813127 108095 1.5 14 10 5 11 59% 192 66936 172 93%
c - 221.07 256 13 56 375 100912 2 4832466 110429 1.5 14 10 5 11 59% 192 66936 172 93%
c - 222.07 257 13 56 376 101532 2 4851830 112255 1.5 14 10 5 11 60% 192 66936 172 93%
c } 222.36 256 13 57 376 101606 2 4857490 116157 1.5 14 10 5 11 60% 193 66936 172 93%
c [ 222.36 256 21 57 376 101606 1 4857490 116157 1.4 23 16 7 17 66% 193 66936 172 93%
c - 222.88 257 20 57 377 101614 1 4871222 113260 1.4 22 16 7 17 66% 193 66936 172 93%
c - 223.69 257 19 57 378 101621 1 4890638 114441 1.5 21 15 7 17 65% 193 66936 172 93%
c - 224.52 257 18 57 379 101633 1 4910084 115634 1.5 21 14 7 17 65% 193 66936 172 93%
c W 224.68 253 18 57 379 101634 1 4913377 118138 1.5 21 14 7 17 65% 193 66936 172 93%
c u 225.22 257 19 57 379 101635 1 4922387 125127 1.5 21 14 7 17 65% 200 66936 172 93%
c v 225.51 269 19 57 379 101635 1 4922387 123126 1.5 21 14 7 17 65% 197 66936 172 93%
c w 225.63 270 19 57 379 101635 1 4922387 122518 1.5 21 14 7 17 65% 197 66936 172 93%
c x 225.84 272 19 57 379 101635 1 4922387 122487 1.5 21 14 7 17 65% 197 66453 172 93%
c
c seconds     switched       rate            size/glue  tier1    binary       remaining
c          MB   reductions      conflicts          size   tier2     irredundant
c           level      restarts        redundant      glue    trail       variables
c
c t 226.81 272 19 57 379 101635 1 4922387 122487 1.5 21 14 7 17 65% 191 66453 172 93%
c - 227.12 257 19 57 380 101636 1 4929554 108799 1.5 22 15 7 17 65% 191 66453 172 93%
c - 227.86 257 20 57 381 101643 1 4949049 101948 1.5 23 16 7 17 67% 191 66453 172 93%
c - 228.56 257 21 57 382 101651 1 4968568 99283 1.4 23 16 7 17 67% 191 66453 172 93%
c - 229.23 257 21 57 383 101661 1 4988113 98319 1.4 24 17 7 17 67% 191 66453 172 93%
c - 229.86 258 21 57 384 101667 1 5007684 98089 1.4 23 17 7 17 67% 191 66453 172 93%
c - 230.56 257 22 57 385 101668 1 5027279 97903 1.4 24 17 7 17 67% 191 66453 172 93%
c - 231.28 257 22 57 386 101668 1 5046900 97611 1.4 24 17 7 17 66% 191 66453 172 93%
c - 231.97 257 22 57 387 101675 1 5066547 98127 1.4 24 17 7 17 66% 191 66453 172 93%
c o 232.14 256 21 57 387 101679 1 5071228 102117 1.4 23 17 7 17 66% 191 66453 172 93%
c - 232.66 257 22 57 388 101683 1 5086219 100221 1.4 24 17 7 17 66% 191 66453 172 93%
c - 233.32 257 21 57 389 101695 1 5105917 100140 1.4 24 17 7 17 67% 191 66453 172 93%
c - 233.97 257 21 57 390 101699 1 5125641 100754 1.4 24 16 7 17 68% 191 66453 172 93%
c s 234.64 257 21 57 390 101699 1 5129432 103651 1.5 24 16 7 17 68% 191 66404 172 93%
c u 235.35 256 21 57 390 101705 1 5144974 115713 1.5 24 16 7 17 68% 194 66404 172 93%
c v 235.53 257 21 57 390 101705 1 5144974 115547 1.5 24 16 7 17 68% 193 66404 172 93%
c w 235.62 267 21 57 390 101705 1 5144974 115532 1.5 24 16 7 17 68% 193 66404 172 93%
c x 235.74 270 21 57 390 101705 1 5144974 115524 1.5 24 16 7 17 68% 193 66310 172 93%
c t 235.75 270 21 57 390 101705 1 5144974 115524 1.5 24 16 7 17 68% 191 66310 172 93%
c - 235.78 258 21 57 391 101706 1 5145389 100819 1.5 24 16 7 17 68% 191 66310 172 93%
c
c seconds     switched       rate            size/glue  tier1    binary       remaining
c          MB   reductions      conflicts          size   tier2     irredundant
c           level      restarts        redundant      glue    trail       variables
c
c O 236.53 256 21 57 391 101714 1 5164488 116092 1.5 24 17 7 17 68% 191 66310 172 93%
c - 236.59 257 21 57 392 101714 1 5165162 100081 1.5 24 17 7 17 68% 191 66310 172 93%
c ] 236.60 257 21 58 392 101714 1 5165497 100338 1.5 24 17 7 17 68% 191 66310 172 93%
c { 236.60 257 13 58 392 101714 2 5165497 100338 1.5 14 10 5 11 60% 191 66310 172 93%
c - 238.00 258 13 58 393 103103 2 5184961 102569 1.5 14 10 5 11 59% 191 66310 172 93%
c - 239.27 257 13 58 394 104273 2 5204786 106122 1.5 15 10 5 11 59% 191 66310 172 93%
c - 240.59 257 14 58 395 105366 2 5224635 108079 1.5 15 10 5 11 59% 192 66310 172 93%
c - 241.47 257 13 58 396 105644 2 5244511 108564 1.5 14 10 5 11 60% 193 66310 172 93%
c i 242.15 257 12 58 396 105660 2 5260709 118993 1.5 14 9 5 11 60% 211 66310 168 91%
c - 242.46 257 13 58 397 106081 2 5264410 72755 1.5 14 9 5 11 60% 174 66310 168 91%
c - 243.67 256 13 58 398 107666 2 5284334 84283 1.5 14 10 5 11 59% 174 66310 168 91%
c - 244.54 257 13 58 399 107976 2 5304283 94661 1.5 14 9 5 11 60% 179 66310 168 91%
c i 244.61 257 12 58 399 107981 2 5305746 95560 1.5 14 9 5 11 60% 184 66310 167 91%
c - 245.92 257 13 58 400 109562 2 5324257 80121 1.5 14 10 5 11 60% 164 66310 167 91%
c - 247.31 258 13 58 401 110945 2 5344257 90230 1.5 14 10 5 11 59% 164 66310 167 91%
c } 247.41 256 13 59 401 110979 2 5346127 91666 1.5 14 10 5 11 59% 164 66310 167 91%
c [ 247.41 256 21 59 401 110979 1 5346127 91666 1.5 24 17 7 17 68% 164 66310 167 91%
c - 248.20 257 20 59 402 110990 1 5364282 94516 1.5 23 16 7 17 67% 164 66310 167 91%
c u 248.90 257 20 59 402 110993 1 5372956 99746 1.5 23 15 7 17 66% 166 66310 167 91%
c v 249.17 257 20 59 402 110993 1 5372956 99281 1.5 23 15 7 17 66% 166 66310 167 91%
c
c seconds     switched       rate           size/glue  tier1    binary       remaining
c          MB   reductions      conflicts         size   tier2     irredundant
c           level      restarts        redundant     glue    trail       variables
c
c w 249.27 266 20 59 402 110993 1 5372956 99126 1.5 23 15 7 17 66% 166 66310 167 91%
c x 249.50 270 20 59 402 110993 1 5372956 99115 1.5 23 15 7 17 66% 166 66065 167 91%
c t 249.50 270 20 59 402 110993 1 5372956 99115 1.5 23 15 7 17 66% 164 66065 167 91%
c o 249.50 270 20 59 402 110993 1 5372956 99115 1.5 23 15 7 17 66% 164 66065 167 91%
c - 249.92 257 20 59 403 110998 1 5384331 92828 1.5 23 16 7 17 66% 164 66065 167 91%
c - 250.63 257 21 59 404 111008 1 5404407 88918 1.4 23 16 7 17 66% 164 66065 167 91%
c B 251.30 256 21 59 404 111009 1 5424340 105241 1.4 23 16 7 17 66% 164 66065 167 91%
c - 251.31 258 21 59 405 111009 1 5424506 86046 1.4 23 16 7 17 66% 164 66065 167 91%
c - 251.97 257 21 59 406 111019 1 5444630 86333 1.5 24 16 7 17 66% 164 66065 167 91%
c - 252.61 257 22 59 407 111027 1 5464781 83192 1.5 24 16 7 17 67% 164 66065 167 91%
c - 253.31 257 22 59 408 111038 1 5484955 84208 1.5 24 17 7 17 67% 164 66065 167 91%
c - 254.06 258 22 59 409 111040 1 5505154 85482 1.5 24 17 7 17 67% 164 66065 167 91%
c - 254.75 257 22 59 410 111041 1 5525377 87460 1.5 24 17 7 17 67% 164 66065 167 91%
c - 255.47 257 22 59 411 111044 1 5545625 87809 1.5 25 17 7 17 67% 164 66065 167 91%
c - 256.19 257 22 59 412 111055 1 5565898 89186 1.5 25 17 7 17 67% 164 66065 167 91%
c - 256.90 257 22 59 413 111063 1 5586195 91239 1.5 24 16 7 17 67% 164 66065 167 91%
c u 257.79 257 21 59 413 111071 1 5606370 107130 1.5 24 16 7 17 66% 165 66065 167 91%
c v 257.97 257 21 59 413 111071 1 5606370 106696 1.5 24 16 7 17 66% 165 66065 167 91%
c w 258.05 269 21 59 413 111071 1 5606370 106577 1.5 24 16 7 17 66% 165 66065 167 91%
c x 258.18 271 21 59 413 111071 1 5606370 106561 1.5 24 16 7 17 66% 165 65549 167 91%
c
c seconds     switched       rate            size/glue  tier1    binary       remaining
c          MB   reductions      conflicts          size   tier2     irredundant
c           level      restarts        redundant      glue    trail       variables
c
c t 258.19 271 21 59 413 111071 1 5606370 106561 1.5 24 16 7 17 66% 164 65549 167 91%
c - 258.22 257 21 59 414 111071 1 5606517 92062 1.5 24 16 7 17 66% 164 65549 167 91%
c - 259.04 257 21 59 415 111074 1 5626863 91777 1.5 24 16 7 17 66% 164 65549 167 91%
c - 259.82 257 21 59 416 111086 1 5647235 90113 1.5 24 16 7 17 66% 164 65549 167 91%
c ] 260.00 257 21 60 416 111087 1 5652863 94314 1.5 24 16 7 17 66% 164 65549 167 91%
c { 260.00 257 13 60 416 111087 2 5652863 94314 1.5 14 10 5 11 59% 164 65549 167 91%
c - 261.07 256 14 60 417 112284 2 5667631 93130 1.4 14 10 5 11 59% 164 65549 167 91%
c o 262.33 256 14 60 417 113358 2 5686942 108672 1.5 14 10 5 11 58% 164 65549 167 91%
c - 262.45 257 14 60 418 113515 2 5688052 95298 1.4 15 10 5 11 58% 164 65549 167 91%
c s 264.19 258 14 60 418 114428 2 5705369 109121 1.5 15 10 5 11 58% 164 65462 167 91%
c - 264.43 257 14 60 419 114646 2 5708497 97493 1.5 15 10 5 11 58% 164 65462 167 91%
c - 265.63 258 14 60 420 115460 2 5728966 99453 1.5 15 10 5 11 58% 164 65462 167 91%
c - 266.91 256 14 60 421 116481 2 5749459 101331 1.5 15 10 5 11 58% 164 65462 167 91%
c - 268.31 257 14 60 422 117730 2 5769977 103068 1.5 15 10 5 11 58% 164 65462 167 91%
c - 269.50 257 14 60 423 118465 2 5790519 104497 1.5 15 10 5 11 58% 164 65462 167 91%
c - 270.70 257 14 60 424 119187 2 5811085 103674 1.5 15 10 5 11 58% 164 65462 167 91%
c - 271.83 256 14 60 425 119817 2 5831676 104292 1.5 15 10 5 11 58% 164 65462 167 91%
c } 272.45 257 13 61 425 119880 2 5845115 113727 1.5 14 10 5 11 58% 164 65462 167 91%
c [ 272.45 257 21 61 425 119880 1 5845115 113727 1.5 24 16 7 17 66% 164 65462 167 91%
c W 272.47 254 21 61 425 119880 1 5845115 113727 1.5 24 16 7 17 66% 164 65462 167 91%
c
c seconds     switched       rate            size/glue  tier1    binary       remaining
c          MB   reductions      conflicts          size   tier2     irredundant
c           level      restarts        redundant      glue    trail       variables
c
c u 272.73 258 21 61 425 119880 1 5845266 112588 1.5 24 16 7 17 66% 164 65462 167 91%
c v 273.00 268 21 61 425 119880 1 5845266 110757 1.5 24 16 7 17 66% 164 65462 167 91%
c w 273.09 269 21 61 425 119880 1 5845266 110499 1.5 24 16 7 17 66% 164 65462 167 91%
c x 273.31 271 21 61 425 119880 1 5845266 110497 1.5 24 16 7 17 66% 164 65397 167 91%
c - 273.55 256 21 61 426 119885 1 5852292 101449 1.5 24 16 7 17 66% 164 65397 167 91%
c - 274.21 257 21 61 427 119894 1 5872931 100947 1.5 24 16 7 17 66% 164 65397 167 91%
c - 274.92 257 21 61 428 119904 1 5893595 101225 1.5 23 16 7 17 66% 164 65397 167 91%
c - 275.66 257 21 61 429 119910 1 5914283 99454 1.4 24 16 7 17 67% 164 65397 167 91%
c - 276.41 257 21 61 430 119916 1 5934996 98865 1.5 24 16 7 17 67% 164 65397 167 91%
c - 277.30 258 21 61 431 119925 1 5955732 101834 1.5 23 16 7 17 67% 164 65397 167 91%
c - 278.16 258 20 61 432 119935 1 5976492 103747 1.5 23 16 7 17 66% 164 65397 167 91%
c - 278.98 257 20 61 433 119941 1 5997278 104125 1.5 23 16 7 17 66% 164 65397 167 91%
c - 279.81 256 20 61 434 119942 1 6018086 104223 1.5 23 16 7 17 66% 164 65397 167 91%
c - 280.52 257 20 61 435 119942 1 6038918 102750 1.5 23 16 7 17 66% 164 65397 167 91%
c - 281.34 257 21 61 436 119954 1 6059774 99091 1.5 24 16 7 17 67% 164 65397 167 91%
c - 282.20 257 21 61 437 119962 1 6080654 99012 1.5 24 16 7 17 67% 164 65397 167 91%
c u 282.81 257 21 61 437 119967 1 6089635 104931 1.5 24 16 7 17 67% 167 65397 167 91%
c v 283.11 268 21 61 437 119967 1 6089635 104778 1.5 24 16 7 17 67% 167 65397 167 91%
c w 283.23 269 21 61 437 119967 1 6089635 104767 1.5 24 16 7 17 67% 167 65397 167 91%
c t 283.23 269 21 61 437 119967 1 6089635 104767 1.5 24 16 7 17 67% 164 65397 167 91%
c
c seconds     switched       rate            size/glue  tier1    binary       remaining
c          MB   reductions      conflicts          size   tier2     irredundant
c           level      restarts        redundant      glue    trail       variables
c
c o 283.24 269 21 61 437 119967 1 6089635 104767 1.5 24 16 7 17 67% 164 65397 167 91%
c - 283.79 257 21 61 438 119972 1 6101558 99889 1.5 24 16 7 17 67% 164 65397 167 91%
c - 284.63 258 21 61 439 119973 1 6122486 98750 1.5 24 16 7 17 67% 164 65397 167 91%
c I 284.64 258 21 61 439 119973 1 6122778 99004 1.5 24 16 7 17 67% 164 65397 167 91%
c - 285.43 258 21 61 440 119986 1 6143440 100737 1.5 24 16 7 17 66% 164 65397 167 91%
c - 286.13 257 21 61 441 119994 1 6164416 99550 1.5 24 16 7 17 65% 164 65397 167 91%
c ] 286.52 256 21 62 441 120001 1 6176381 108938 1.4 24 16 7 17 65% 164 65397 167 91%
c { 286.52 256 13 62 441 120001 2 6176381 108938 1.5 14 10 5 11 58% 164 65397 167 91%
c - 287.15 257 13 62 442 120629 2 6185416 100203 1.5 15 10 5 11 58% 164 65397 167 91%
c - 288.58 257 13 62 443 121801 2 6206441 107351 1.5 15 10 5 11 58% 164 65397 167 91%
c - 289.94 257 13 62 444 122804 2 6227488 111415 1.5 15 10 5 11 58% 165 65397 167 91%
c - 291.25 257 13 62 445 123489 2 6248560 113087 1.5 15 10 5 11 58% 165 65397 167 91%
c - 292.78 257 14 62 446 124897 2 6269656 114982 1.5 15 10 5 11 58% 165 65397 167 91%
c - 294.24 257 14 62 447 125877 2 6290774 116925 1.5 15 10 5 11 58% 165 65397 167 91%
c - 295.68 256 14 62 448 126855 2 6311917 117468 1.5 15 10 5 11 58% 165 65397 167 91%
c s 296.38 257 13 62 448 126979 2 6320676 123717 1.5 15 10 5 11 58% 165 65229 167 91%
c e 296.39 258 13 62 448 126979 2 6320676 123717 1.5 15 10 5 11 58% 159 65262 165 90%
c - 297.32 257 14 62 449 127692 2 6333084 114795 1.5 15 10 5 11 58% 159 65262 165 90%
c u 297.96 256 14 62 449 127953 2 6339463 118741 1.5 15 10 5 11 58% 165 65262 165 90%
c v 298.25 257 14 62 449 127953 2 6339463 118360 1.5 15 10 5 11 58% 165 65262 165 90%
c
c seconds     switched       rate            size/glue  tier1    binary       remaining
c          MB   reductions      conflicts          size   tier2     irredundant
c           level      restarts        redundant      glue    trail       variables
c
c w 298.36 268 14 62 449 127953 2 6339463 118335 1.5 15 10 5 11 58% 165 65262 165 90%
c x 298.59 270 14 62 449 127953 2 6339463 118334 1.5 15 10 5 11 58% 165 65224 165 90%
c t 298.59 270 14 62 449 127953 2 6339463 118334 1.5 15 10 5 11 58% 159 65224 165 90%
c f 298.60 257 14 62 449 127953 2 6339463 118334 1.5 15 10 5 11 58% 163 65176 167 91%
c u 298.99 257 14 62 449 127953 2 6339463 117686 1.5 15 10 5 11 58% 165 65176 167 91%
c v 299.40 269 14 62 449 127953 2 6339463 117293 1.5 15 10 5 11 58% 165 65176 167 91%
c w 299.55 270 14 62 449 127953 2 6339463 117162 1.5 15 10 5 11 58% 165 65176 167 91%
c t 299.56 270 14 62 449 127953 2 6339463 117162 1.5 15 10 5 11 58% 163 65176 167 91%
c - 300.65 257 14 62 450 128771 2 6354274 114969 1.5 15 10 5 11 58% 163 65176 167 91%
c - 301.58 258 13 62 451 128980 2 6375489 116110 1.5 15 10 5 10 59% 164 65176 167 91%
c } 301.79 257 13 63 451 129035 2 6380591 119651 1.5 15 10 5 10 58% 164 65176 167 91%
c [ 301.79 257 21 63 451 129035 1 6380591 119651 1.4 24 16 7 17 65% 164 65176 167 91%
c - 302.45 257 20 63 452 129044 1 6396725 115286 1.4 23 16 7 17 64% 165 65176 167 91%
c B 303.04 257 20 63 452 129049 1 6409513 125513 1.4 23 16 7 17 64% 165 65176 167 91%
c - 303.27 257 21 63 453 129053 1 6417985 114129 1.4 23 16 7 17 65% 165 65176 167 91%
c o 303.62 257 21 63 453 129060 1 6429918 123734 1.4 23 16 7 17 64% 165 65176 167 91%
c - 304.01 257 21 63 454 129064 1 6439270 113031 1.5 23 16 7 17 65% 165 65176 167 91%
c - 304.72 257 21 63 455 129065 1 6460577 114150 1.5 23 16 7 17 65% 165 65176 167 91%
c - 305.44 257 21 63 456 129078 1 6481908 114755 1.5 23 16 7 17 65% 165 65176 167 91%
c - 306.10 257 20 63 457 129086 1 6503262 115394 1.5 23 16 7 17 66% 165 65176 167 91%
c
c seconds     switched       rate            size/glue  tier1    binary       remaining
c          MB   reductions      conflicts          size   tier2     irredundant
c           level      restarts        redundant      glue    trail       variables
c
c - 306.77 257 20 63 458 129095 1 6524639 116343 1.5 23 15 7 17 67% 165 65176 167 91%
c - 307.44 257 20 63 459 129097 1 6546039 116906 1.5 23 15 7 17 67% 165 65176 167 91%
c - 308.20 258 19 63 460 129097 1 6567464 119292 1.5 23 15 7 17 67% 165 65176 167 91%
c - 308.93 257 19 63 461 129104 1 6588914 121837 1.5 22 15 7 17 67% 165 65176 167 91%
c u 309.44 257 19 63 461 129108 1 6594823 126002 1.5 22 15 7 17 67% 166 65176 167 91%
c v 309.74 267 19 63 461 129108 1 6594823 125695 1.5 22 15 7 17 67% 166 65176 167 91%
c w 309.86 270 19 63 461 129108 1 6594823 125596 1.5 22 15 7 17 67% 166 65176 167 91%
c t 309.86 270 19 63 461 129108 1 6594823 125596 1.5 22 15 7 17 67% 164 65176 167 91%
c - 310.37 257 19 63 462 129112 1 6610384 121638 1.6 22 14 7 17 68% 164 65176 167 91%
c - 311.09 257 19 63 463 129126 1 6631878 121516 1.6 23 14 7 17 68% 164 65176 167 91%
c - 311.79 257 18 63 464 129128 1 6653395 122537 1.6 22 14 7 17 68% 164 65176 167 91%
c - 312.55 257 18 63 465 129138 1 6674936 124774 1.6 22 14 7 17 68% 164 65176 167 91%
c - 313.26 257 18 63 466 129146 1 6696499 125762 1.6 22 14 7 17 68% 164 65176 167 91%
c W 313.60 254 18 63 466 129151 1 6705424 133216 1.6 22 14 7 17 68% 164 65176 167 91%
c - 314.16 258 18 63 467 129158 1 6718088 124339 1.6 22 14 7 17 67% 164 65176 167 91%
c - 315.08 257 18 63 468 129159 1 6739698 121664 1.6 22 14 7 17 66% 164 65176 167 91%
c - 315.87 257 19 63 469 129160 1 6761331 117959 1.5 23 15 7 17 66% 164 65176 167 91%
c ] 316.53 257 19 64 469 129161 1 6778688 131675 1.5 23 15 7 17 66% 164 65176 167 91%
c { 316.53 257 13 64 469 129161 2 6778688 131675 1.5 15 10 5 10 58% 164 65176 167 91%
c o 316.54 257 13 64 469 129206 2 6778968 131890 1.5 15 10 5 10 58% 164 65176 167 91%
c
c seconds     switched       rate            size/glue  tier1    binary       remaining
c          MB   reductions      conflicts          size   tier2     irredundant
c           level      restarts        redundant      glue    trail       variables
c
c - 316.87 256 13 64 470 129494 2 6782988 117803 1.5 15 10 5 10 58% 164 65176 167 91%
c - 318.15 257 13 64 471 130142 2 6804667 122631 1.5 14 10 5 10 58% 165 65176 167 91%
c - 319.68 257 13 64 472 131570 2 6826371 123952 1.5 15 10 5 10 59% 165 65176 167 91%
c - 321.25 257 14 64 473 133095 2 6848096 126133 1.5 15 10 5 10 58% 165 65176 167 91%
c u 322.03 269 14 64 473 133455 2 6855695 131609 1.5 15 10 5 10 58% 165 65176 167 91%
c v 322.27 271 14 64 473 133455 2 6855695 131328 1.5 15 10 5 10 58% 165 65176 167 91%
c w 322.36 271 14 64 473 133455 2 6855695 131294 1.5 15 10 5 10 58% 165 65176 167 91%
c x 322.56 273 14 64 473 133455 2 6855695 131293 1.5 15 10 5 10 58% 165 65110 167 91%
c - 323.52 265 14 64 474 133942 2 6869844 126373 1.5 15 10 5 10 58% 165 65110 167 91%
c - 324.86 265 13 64 475 134859 2 6891615 126511 1.5 15 10 5 10 58% 166 65110 167 91%
c - 326.35 266 13 64 476 135923 2 6913409 127461 1.5 15 10 5 10 58% 166 65110 167 91%
c - 328.05 266 14 64 477 137210 2 6935228 128506 1.5 15 10 5 10 58% 166 65110 167 91%
c - 329.37 266 13 64 478 137850 2 6957068 129201 1.5 15 10 5 10 58% 166 65110 167 91%
c s 331.19 266 14 64 478 138959 2 6975954 144129 1.5 15 10 5 10 59% 167 65064 167 91%
c e 331.19 267 14 64 478 138959 2 6975954 144129 1.5 15 10 5 10 59% 166 65080 166 90%
c - 331.39 274 13 64 479 138960 2 6978932 127904 1.5 15 10 5 10 58% 166 65080 166 90%
c } 332.40 274 13 65 479 139527 2 6995186 140019 1.5 15 10 5 10 58% 166 65080 166 90%
c [ 332.40 274 19 65 479 139527 1 6995186 140019 1.5 23 15 7 17 66% 166 65080 166 90%
c - 332.61 274 19 65 480 139531 1 7000821 128154 1.5 22 15 7 17 66% 166 65080 166 90%
c O 333.02 274 18 65 480 139536 1 7010618 136084 1.5 22 14 7 17 65% 166 65080 166 90%
c
c seconds     switched       rate            size/glue  tier1    binary       remaining
c          MB   reductions      conflicts          size   tier2     irredundant
c           level      restarts        redundant      glue    trail       variables
c
c - 333.64 275 19 65 481 139541 1 7022729 126578 1.5 22 15 7 17 65% 166 65080 166 90%
c - 334.74 275 19 65 482 139552 1 7044661 119903 1.5 22 15 7 17 65% 166 65080 166 90%
c - 335.84 275 20 65 483 139557 1 7066615 116559 1.5 22 15 7 17 64% 166 65080 166 90%
c - 336.62 274 21 65 484 139564 1 7088595 115932 1.4 23 16 7 17 65% 166 65080 166 90%
c - 337.38 274 21 65 485 139573 1 7110597 112890 1.4 23 16 7 17 65% 166 65080 166 90%
c u 338.24 288 21 65 485 139579 1 7122109 120673 1.5 23 16 7 17 65% 166 65080 166 90%
c v 338.70 289 21 65 485 139579 1 7122109 120290 1.5 23 16 7 17 65% 166 65080 166 90%
c w 338.89 289 21 65 485 139579 1 7122109 120229 1.5 23 16 7 17 65% 166 65080 166 90%
c f 338.90 275 21 65 485 139579 1 7122109 120229 1.5 23 16 7 17 65% 167 65045 168 91%
c u 339.33 287 21 65 485 139579 1 7122109 119794 1.5 23 16 7 17 65% 167 65045 168 91%
c v 339.78 288 21 65 485 139579 1 7122109 119136 1.5 23 16 7 17 65% 167 65045 168 91%
c w 339.96 289 21 65 485 139579 1 7122109 119086 1.5 23 16 7 17 65% 167 65045 168 91%
c - 341.27 275 21 65 486 139586 1 7132620 112597 1.4 23 16 7 17 65% 167 65045 168 91%
c - 342.06 275 21 65 487 139588 1 7154665 118543 1.5 24 16 7 17 65% 167 65045 168 91%
c - 342.91 274 21 65 488 139589 1 7176734 120558 1.5 24 16 7 17 65% 167 65045 168 91%
c - 343.79 275 20 65 489 139595 1 7198827 124022 1.5 24 15 7 17 64% 167 65045 168 91%
c - 344.69 272 20 65 490 139604 1 7220941 123793 1.5 24 16 7 17 64% 167 65045 168 91%
c - 345.66 275 20 65 491 139616 1 7243076 119767 1.5 23 16 7 17 64% 167 65045 168 91%
c - 346.71 274 20 65 492 139620 1 7265234 121820 1.5 23 15 7 17 63% 167 65045 168 91%
c - 347.67 275 19 65 493 139628 1 7287416 124113 1.5 23 15 7 17 63% 167 65045 168 91%
c
c seconds     switched       rate            size/glue  tier1    binary       remaining
c          MB   reductions      conflicts          size   tier2     irredundant
c           level      restarts        redundant      glue    trail       variables
c
c - 348.71 274 19 65 494 139637 1 7309620 122862 1.5 22 15 7 17 63% 167 65045 168 91%
c B 349.57 275 19 65 494 139647 1 7325200 134519 1.5 22 15 7 17 62% 167 65045 168 91%
c o 349.57 275 19 65 494 139647 1 7325200 134519 1.5 22 15 7 17 62% 167 65045 168 91%
c - 349.88 274 19 65 495 139649 1 7331848 124458 1.5 22 15 7 17 63% 167 65045 168 91%
c ] 350.10 273 19 66 495 139650 1 7337899 129582 1.5 22 15 7 17 63% 167 65045 168 91%
c { 350.10 273 13 66 495 139650 2 7337899 129582 1.5 15 10 5 10 58% 167 65045 168 91%
c - 352.03 274 14 66 496 142200 2 7354097 124045 1.5 15 10 5 10 57% 167 65045 168 91%
c - 354.64 274 15 66 497 145273 2 7376369 122470 1.4 15 11 5 10 55% 167 65045 168 91%
c u 356.97 289 15 66 497 147317 2 7394060 134889 1.4 16 11 5 10 55% 167 65045 168 91%
c v 357.42 290 15 66 497 147317 2 7394060 133763 1.4 16 11 5 10 55% 167 65045 168 91%
c w 357.60 291 15 66 497 147317 2 7394060 133467 1.4 16 11 5 10 55% 167 65045 168 91%
c - 358.09 274 15 66 498 147734 2 7398662 122203 1.4 16 11 5 11 55% 167 65045 168 91%
c - 360.41 274 15 66 499 149744 2 7420977 123207 1.4 16 12 5 11 54% 167 65045 168 91%
c - 362.76 274 16 66 500 151228 2 7443316 125397 1.4 16 12 5 11 54% 167 65045 168 91%
c - 364.78 274 16 66 501 152256 2 7465679 125879 1.4 16 12 5 11 54% 167 65045 168 91%
c - 366.95 275 16 66 502 153276 2 7488062 124612 1.3 16 12 5 11 53% 167 65045 168 91%
c - 369.16 274 16 66 503 154223 2 7510467 124005 1.3 16 12 5 11 53% 167 65045 168 91%
c - 371.07 275 16 66 504 155014 2 7532896 123482 1.3 16 12 5 11 53% 167 65045 168 91%
c - 372.89 274 16 66 505 156078 2 7555345 122295 1.3 17 12 5 11 53% 167 65045 168 91%
c } 374.08 274 16 67 505 156812 2 7567017 130997 1.3 17 12 5 11 53% 167 65045 168 91%
c
c seconds     switched       rate            size/glue  tier1    binary       remaining
c          MB   reductions      conflicts          size   tier2     irredundant
c           level      restarts        redundant      glue    trail       variables
c
c [ 374.08 274 19 67 505 156812 1 7567017 130997 1.5 22 15 7 17 63% 167 65045 168 91%
c - 374.71 274 19 67 506 156818 1 7577818 120304 1.5 22 15 7 17 62% 167 65045 168 91%
c - 376.06 274 19 67 507 156827 1 7600313 117890 1.5 22 15 7 17 61% 167 65045 168 91%
c - 377.04 274 19 67 508 156840 1 7622830 114335 1.4 22 15 7 17 62% 167 65045 168 91%
c - 377.95 274 20 67 509 156842 1 7645369 108571 1.4 22 16 7 17 63% 167 65045 168 91%
c W 378.26 271 20 67 509 156843 1 7649278 111302 1.4 22 16 7 17 63% 167 65045 168 91%
c - 379.00 274 20 67 510 156855 1 7667930 108782 1.4 22 16 7 17 63% 167 65045 168 91%
c u 379.59 284 20 67 510 156856 1 7671597 110289 1.4 23 16 7 17 63% 167 65045 168 91%
c v 380.09 288 20 67 510 156856 1 7671597 109548 1.4 23 16 7 17 63% 167 65045 168 91%
c w 380.29 288 20 67 510 156856 1 7671597 109049 1.4 23 16 7 17 63% 167 65045 168 91%
c x 380.68 290 20 67 510 156856 1 7671597 108916 1.4 23 16 7 17 63% 167 62132 168 91%
c s 381.27 270 20 67 510 156856 1 7671985 109211 1.4 23 16 7 17 63% 167 58721 168 91%
c e 381.28 273 20 67 510 156856 1 7671985 109211 1.4 23 16 7 17 63% 167 58736 167 91%
c - 381.93 275 19 67 511 156864 1 7690513 106686 1.5 22 15 7 17 64% 167 58736 167 91%
c - 382.64 275 19 67 512 156872 1 7713120 106350 1.5 22 15 7 17 65% 167 58736 167 91%
c - 383.47 275 19 67 513 156874 1 7735749 107802 1.5 22 15 7 17 64% 167 58736 167 91%
c - 384.41 275 19 67 514 156874 1 7758399 110765 1.5 22 15 7 17 64% 167 58736 167 91%
c - 385.46 275 19 67 515 156885 1 7781073 110964 1.5 22 15 7 17 64% 167 58736 167 91%
c - 386.34 275 19 67 516 156895 1 7803766 111527 1.5 22 15 7 17 64% 167 58736 167 91%
c - 387.26 274 18 67 517 156904 1 7826483 112773 1.5 22 14 7 17 63% 167 58736 167 91%
c
c seconds     switched       rate            size/glue  tier1    binary       remaining
c          MB   reductions      conflicts          size   tier2     irredundant
c           level      restarts        redundant      glue    trail       variables
c
c - 388.11 275 18 67 518 156908 1 7849221 113080 1.5 21 14 7 17 64% 167 58736 167 91%
c - 388.85 274 19 67 519 156920 1 7871982 108567 1.5 22 15 7 17 64% 167 58736 167 91%
c - 389.62 275 19 67 520 156930 1 7894763 104739 1.5 23 15 7 17 65% 167 58736 167 91%
c - 390.38 275 20 67 521 156936 1 7917570 105381 1.5 23 15 7 17 65% 167 58736 167 91%
c - 391.17 275 20 67 522 156937 1 7940395 106843 1.5 23 16 7 17 66% 167 58736 167 91%
c u 392.00 275 20 67 522 156937 1 7955111 117879 1.5 23 16 7 17 66% 167 58736 167 91%
c v 392.34 275 20 67 522 156937 1 7955111 117748 1.5 23 16 7 17 66% 167 58736 167 91%
c w 392.47 284 20 67 522 156937 1 7955111 117475 1.5 23 16 7 17 66% 167 58736 167 91%
c o 392.48 284 20 67 522 156937 1 7955111 117475 1.5 23 16 7 17 66% 167 58736 167 91%
c - 392.87 274 20 67 523 156938 1 7963242 106774 1.5 24 16 7 17 66% 167 58736 167 91%
c I 393.76 274 21 67 523 156938 1 7982950 123161 1.5 24 16 7 17 66% 167 58736 167 91%
c - 393.91 274 21 67 524 156938 1 7986112 108914 1.5 24 16 7 17 66% 167 58736 167 91%
c - 394.77 275 20 67 525 156938 1 8009005 112310 1.5 23 15 7 17 66% 167 58736 167 91%
c - 395.61 275 19 67 526 156942 1 8031919 114146 1.5 23 15 7 17 65% 167 58736 167 91%
c - 396.36 275 19 67 527 156953 1 8054854 113754 1.5 23 15 7 17 66% 167 58736 167 91%
c - 397.22 275 20 67 528 156965 1 8077811 111714 1.5 23 15 7 17 66% 167 58736 167 91%
c - 397.99 274 19 67 529 156969 1 8100790 112117 1.5 23 15 7 17 66% 167 58736 167 91%
c - 398.94 275 19 67 530 156978 1 8123790 112690 1.5 23 15 7 17 65% 167 58736 167 91%
c - 399.76 275 19 67 531 156988 1 8146811 114164 1.5 23 15 7 17 65% 167 58736 167 91%
c - 400.70 275 19 67 532 156999 1 8169856 114206 1.5 22 15 7 17 65% 167 58736 167 91%
c
c seconds     switched       rate            size/glue  tier1    binary       remaining
c          MB   reductions      conflicts          size   tier2     irredundant
c           level      restarts        redundant      glue    trail       variables
c
c - 401.63 275 19 67 533 157001 1 8192922 112509 1.5 22 15 7 17 65% 167 58736 167 91%
c - 402.54 274 19 67 534 157001 1 8216008 109542 1.5 22 15 7 17 65% 167 58736 167 91%
c - 403.38 275 19 67 535 157011 1 8239120 110014 1.5 22 15 7 17 64% 167 58736 167 91%
c ] 403.55 273 19 68 535 157014 1 8243527 113473 1.5 22 15 7 17 64% 167 58736 167 91%
c { 403.55 273 16 68 535 157014 2 8243527 113473 1.3 17 12 5 11 53% 167 58736 167 91%
c u 403.83 283 16 68 535 157023 2 8244764 114212 1.3 17 12 5 11 53% 167 58736 167 91%
c v 404.08 286 16 68 535 157023 2 8244764 113896 1.3 17 12 5 11 53% 167 58736 167 91%
c w 404.18 287 16 68 535 157023 2 8244764 113676 1.3 17 12 5 11 53% 167 58736 167 91%
c x 404.37 289 16 68 535 157023 2 8244764 113635 1.3 17 12 5 11 53% 167 57346 167 91%
c - 405.35 274 16 68 536 157230 2 8262250 111391 1.4 17 12 5 11 54% 167 57346 167 91%
c - 406.68 274 15 68 537 157484 2 8285401 113290 1.4 16 12 5 11 55% 167 57346 167 91%
c - 407.63 275 15 68 538 157615 1 8308575 105512 1.4 16 11 4 11 56% 167 57346 167 91%
c - 408.54 274 14 68 539 157630 1 8331770 102288 1.4 16 11 4 11 58% 168 57346 167 91%
c o 409.07 274 14 68 539 157677 1 8344838 112267 1.5 15 11 4 11 58% 169 57346 167 91%
c - 409.46 274 14 68 540 157783 1 8354986 102160 1.5 15 10 4 11 58% 170 57346 167 91%
c - 410.46 275 13 68 541 158120 1 8378223 103677 1.5 15 10 4 11 59% 170 57346 167 91%
c - 411.50 275 13 68 542 158410 1 8401482 104159 1.5 14 10 4 11 60% 170 57346 167 91%
c s 412.37 275 13 68 542 158882 1 8411878 111962 1.5 14 10 4 11 60% 170 56498 167 91%
c - 412.99 274 13 68 543 159229 1 8424762 105982 1.5 14 10 4 11 60% 170 56498 167 91%
c - 414.25 274 13 68 544 160291 1 8448068 107819 1.5 14 10 4 11 60% 172 56498 167 91%
c
c seconds     switched       rate            size/glue  tier1    binary       remaining
c          MB   reductions      conflicts          size   tier2     irredundant
c           level      restarts        redundant      glue    trail       variables
c
c - 415.58 274 13 68 545 161777 1 8471391 109062 1.5 14 10 4 11 60% 172 56498 167 91%
c } 416.28 274 13 69 545 162184 1 8485586 118959 1.5 14 10 4 11 59% 173 56498 167 91%
c [ 416.28 274 19 69 545 162184 1 8485586 118959 1.5 22 15 7 17 64% 173 56498 167 91%
c B 416.28 274 19 69 545 162184 1 8485586 118959 1.5 22 15 7 17 64% 173 56498 167 91%
c - 416.60 274 19 69 546 162190 1 8494737 106840 1.5 22 15 7 17 64% 173 56498 167 91%
c - 417.42 275 20 69 547 162198 1 8518104 101830 1.5 23 16 7 17 65% 173 56498 167 91%
c u 418.50 275 21 69 547 162212 1 8540327 119197 1.5 24 16 7 17 65% 173 56498 167 91%
c v 418.79 285 21 69 547 162212 1 8540327 117914 1.5 24 16 7 17 65% 173 56498 167 91%
c w 418.92 287 21 69 547 162212 1 8540327 117806 1.5 24 16 7 17 65% 173 56498 167 91%
c x 419.15 288 21 69 547 162212 1 8540327 117773 1.5 24 16 7 17 65% 173 54997 167 91%
c t 419.16 288 21 69 547 162212 1 8540327 117773 1.5 24 16 7 17 65% 172 54997 167 91%
c - 419.22 274 21 69 548 162212 1 8541492 96902 1.5 24 16 7 17 65% 172 54997 167 91%
c - 420.07 274 22 69 549 162214 1 8564902 96132 1.4 24 17 7 17 64% 172 54997 167 91%
c - 420.99 274 22 69 550 162227 1 8588333 96512 1.4 24 17 7 17 64% 172 54997 167 91%
c - 421.88 274 22 69 551 162236 1 8611786 99106 1.4 24 17 7 17 64% 172 54997 167 91%
c - 423.01 275 22 69 552 162245 1 8635259 98999 1.4 24 17 6 17 64% 172 54997 167 91%
c - 424.12 274 22 69 553 162246 1 8658755 97996 1.4 24 17 6 17 64% 172 54997 167 91%
c - 425.14 274 22 69 554 162246 1 8682271 101749 1.4 24 17 6 17 64% 172 54997 167 91%
c - 426.04 275 21 69 555 162260 1 8705811 104057 1.5 24 17 6 17 64% 172 54997 167 91%
c - 427.18 275 21 69 556 162270 1 8729369 103656 1.5 24 17 6 17 65% 172 54997 167 91%
c
c seconds     switched       rate            size/glue  tier1    binary       remaining
c          MB   reductions      conflicts          size   tier2     irredundant
c           level      restarts        redundant      glue    trail       variables
c
c - 428.32 274 21 69 557 162277 1 8752949 102435 1.5 24 16 6 17 64% 172 54997 167 91%
c ] 428.85 274 21 70 557 162277 1 8764675 112039 1.5 24 16 6 17 64% 172 54997 167 91%
c { 428.85 274 13 70 557 162277 1 8764675 112039 1.5 14 10 4 11 59% 172 54997 167 91%
c o 429.00 274 13 70 557 162325 1 8768021 114741 1.5 14 10 4 11 59% 172 54997 167 91%
c - 429.38 274 13 70 558 162336 1 8776550 107401 1.5 15 10 4 11 60% 172 54997 167 91%
c - 430.59 275 13 70 559 162375 1 8800172 114145 1.6 15 9 4 11 61% 172 54997 167 91%
c - 431.68 275 12 70 560 162402 1 8823815 117783 1.7 15 9 4 11 61% 172 54997 167 91%
c u 432.80 286 12 70 560 162406 1 8842032 131326 1.7 15 9 4 11 61% 172 54997 167 91%
c v 433.12 288 12 70 560 162406 1 8842032 130651 1.7 15 9 4 11 61% 172 54997 167 91%
c w 433.23 288 12 70 560 162406 1 8842032 130482 1.7 15 9 4 11 61% 172 54997 167 91%
c x 433.46 290 12 70 560 162406 1 8842032 130481 1.7 15 9 4 11 61% 172 54257 167 91%
c - 433.71 274 12 70 561 162447 1 8847479 116519 1.7 15 9 4 11 62% 172 54257 167 91%
c - 434.80 276 11 70 562 162482 1 8871165 117558 1.7 15 9 4 11 62% 172 54257 167 91%
c - 435.92 275 11 70 563 162593 1 8894871 118188 1.8 15 8 4 10 62% 173 54257 167 91%
c - 437.01 274 11 70 564 162866 1 8918599 121390 1.8 15 8 4 10 62% 173 54257 167 91%
c - 438.17 274 11 70 565 163157 1 8942348 122113 1.8 15 8 4 10 61% 173 54257 167 91%
c - 439.41 274 10 70 566 163599 1 8966117 123295 1.9 15 8 4 10 62% 174 54257 167 91%
c - 440.72 274 10 70 567 164317 1 8989907 125642 1.9 15 8 4 10 62% 174 54257 167 91%
c - 442.01 274 10 70 568 165027 1 9013719 127159 1.9 15 8 4 10 62% 174 54257 167 91%
c } 442.30 274 10 71 568 165067 1 9020002 132157 1.9 15 8 4 10 62% 174 54257 167 91%
c
c seconds     switched       rate            size/glue  tier1    binary       remaining
c          MB   reductions      conflicts          size   tier2     irredundant
c           level      restarts        redundant      glue    trail       variables
c
c [ 442.30 274 21 71 568 165067 1 9020002 132157 1.5 24 16 6 17 64% 174 54257 167 91%
c W 442.38 274 21 71 568 165067 1 9020002 132157 1.5 24 16 6 17 64% 174 54257 167 91%
c - 442.86 276 21 71 569 165078 1 9037552 123727 1.5 24 16 6 17 65% 174 54257 167 91%
c - 443.59 275 20 71 570 165088 1 9061407 118554 1.5 23 16 6 17 65% 174 54257 167 91%
c - 444.45 274 20 71 571 165096 1 9085281 119464 1.5 22 15 6 17 65% 174 54257 167 91%
c - 445.28 275 19 71 572 165103 1 9109176 121376 1.5 22 15 6 17 64% 174 54257 167 91%
c - 446.28 275 19 71 573 165112 1 9133094 122204 1.5 21 15 6 16 64% 174 54257 167 91%
c u 447.23 286 18 71 573 165122 1 9149597 133764 1.5 21 14 6 16 63% 174 54257 167 91%
c v 447.54 287 18 71 573 165122 1 9149597 131662 1.5 21 14 6 16 63% 174 54257 167 91%
c w 447.67 288 18 71 573 165122 1 9149597 129768 1.5 21 14 6 16 63% 174 54257 167 91%
c x 447.90 289 18 71 573 165122 1 9149597 129766 1.5 21 14 6 16 63% 174 54079 167 91%
c - 448.16 274 18 71 574 165126 1 9157031 119022 1.5 21 14 6 16 64% 174 54079 167 91%
c - 448.97 274 18 71 575 165128 1 9180992 116695 1.5 21 14 6 16 64% 174 54079 167 91%
c s 449.79 274 18 71 575 165129 1 9195184 127414 1.5 21 14 6 16 65% 174 53080 167 91%
c o 449.80 275 18 71 575 165129 1 9195184 127414 1.5 21 14 6 16 65% 174 53080 167 91%
c - 450.24 274 18 71 576 165129 1 9204973 114409 1.5 21 14 6 16 65% 174 53080 167 91%
c - 451.14 275 18 71 577 165136 1 9228977 115133 1.5 21 14 6 16 65% 174 53080 167 91%
c - 452.06 275 18 71 578 165147 1 9252997 115106 1.5 21 14 6 16 65% 174 53080 167 91%
c - 452.97 275 18 71 579 165159 1 9277038 114699 1.5 22 14 6 16 66% 174 53080 167 91%
c - 453.92 275 18 71 580 165162 1 9301100 115437 1.5 22 14 6 16 66% 174 53080 167 91%
c
c seconds     switched       rate            size/glue  tier1    binary       remaining
c          MB   reductions      conflicts          size   tier2     irredundant
c           level      restarts        redundant      glue    trail       variables
c
c - 454.87 275 18 71 581 165175 1 9325183 117503 1.5 22 14 6 16 66% 174 53080 167 91%
c - 455.85 274 18 71 582 165186 1 9349287 117700 1.5 22 14 6 16 66% 174 53080 167 91%
c - 456.79 275 18 71 583 165191 1 9373411 118189 1.5 22 14 6 16 66% 174 53080 167 91%
c O 457.16 274 18 71 583 165192 1 9383072 125056 1.5 21 14 6 16 65% 174 53080 167 91%
c ] 457.23 274 18 72 583 165192 1 9384347 126167 1.5 21 14 6 16 65% 174 53080 167 91%
c { 457.23 274 10 72 583 165192 1 9384347 126167 1.9 15 8 4 10 62% 174 53080 167 91%
c - 458.37 275 11 72 584 167053 1 9397556 119843 1.8 15 8 4 10 62% 174 53080 167 91%
c i 459.19 273 11 72 584 167721 1 9414371 130926 1.7 14 8 4 10 62% 188 53080 164 89%
c - 459.85 274 11 72 585 168807 1 9421724 103407 1.7 14 8 4 10 61% 159 53080 164 89%
c - 461.92 275 12 72 586 171923 2 9445911 106974 1.6 15 9 4 10 61% 160 53080 164 89%
c u 463.48 285 13 72 586 173388 2 9462898 119720 1.6 15 9 4 10 61% 160 53080 164 89%
c v 463.78 287 13 72 586 173388 2 9462898 119440 1.6 15 9 4 10 61% 160 53080 164 89%
c w 463.90 287 13 72 586 173388 2 9462898 119397 1.6 15 9 4 10 61% 160 53080 164 89%
c x 464.13 289 13 72 586 173388 2 9462898 119392 1.6 15 9 4 10 61% 160 53029 164 89%
c t 464.14 289 13 72 586 173388 2 9462898 119392 1.6 15 9 4 10 61% 159 53029 164 89%
c f 464.14 275 13 72 586 173388 2 9462898 119392 1.6 15 9 4 10 61% 164 52981 166 90%
c u 464.53 274 13 72 586 173388 2 9462898 118132 1.6 15 9 4 10 61% 165 52981 166 90%
c v 464.95 275 13 72 586 173388 2 9462898 117381 1.6 15 9 4 10 61% 165 52981 166 90%
c w 465.11 275 13 72 586 173388 2 9462898 117298 1.6 15 9 4 10 61% 165 52981 166 90%
c t 465.12 275 13 72 586 173388 2 9462898 117298 1.6 15 9 4 10 61% 164 52981 166 90%
c
c seconds     switched       rate            size/glue tier1    binary       remaining
c          MB   reductions      conflicts          size  tier2     irredundant
c           level      restarts        redundant     glue    trail       variables
c
c - 465.69 274 13 72 587 173882 2 9470118 113506 1.6 15 9 4 10 60% 164 52981 166 90%
c - 467.43 274 13 72 588 175646 2 9494346 117742 1.6 15 10 4 10 60% 164 52981 166 90%
c - 468.97 275 13 72 589 176908 2 9518595 119869 1.6 15 10 4 10 60% 164 52981 166 90%
c - 470.50 275 13 72 590 178153 2 9542865 120701 1.5 15 10 4 10 60% 164 52981 166 90%
c - 472.37 275 13 72 591 179962 2 9567155 122306 1.5 15 10 4 10 59% 164 52981 166 90%
c - 473.92 271 13 72 592 180860 2 9591466 123206 1.5 15 10 4 10 59% 164 52981 166 90%
c o 474.28 275 13 72 592 181315 2 9595609 126661 1.5 15 10 4 10 59% 164 52981 166 90%
c - 475.68 274 14 72 593 182485 2 9615797 124419 1.5 15 10 4 10 59% 164 52981 166 90%
c - 477.14 275 14 72 594 183409 2 9640148 124249 1.5 15 10 4 10 59% 164 52981 166 90%
c } 477.98 274 14 73 594 183952 2 9653265 134661 1.5 15 10 4 10 59% 164 52981 166 90%
c [ 477.98 274 18 73 594 183952 1 9653265 134661 1.5 21 14 6 16 65% 164 52981 166 90%
c - 478.49 274 18 73 595 183958 1 9664523 124439 1.5 21 14 6 16 64% 164 52981 166 90%
c - 479.68 275 17 73 596 183969 1 9688915 123353 1.5 20 13 6 16 63% 165 52981 166 90%
c i 480.48 274 16 73 596 183979 1 9704971 134047 1.5 19 12 6 16 61% 175 52981 163 89%
c - 480.91 274 16 73 597 183981 1 9713328 96430 1.5 19 13 6 16 61% 155 52981 163 89%
c - 482.04 275 17 73 598 183985 1 9737764 103353 1.5 19 13 6 16 61% 155 52981 163 89%
c B 482.89 275 17 73 598 183996 1 9756142 118624 1.5 20 13 6 16 61% 155 52981 163 89%
c - 483.14 274 18 73 599 183997 1 9762218 110966 1.5 20 14 6 16 61% 155 52981 163 89%
c u 484.31 287 17 73 599 184006 1 9782195 125038 1.5 20 14 6 16 61% 160 52976 163 89%
c v 484.73 289 17 73 599 184006 1 9782195 124626 1.5 20 14 6 16 61% 160 52976 163 89%
c
c seconds     switched       rate            size/glue  tier1    binary       remaining
c          MB   reductions      conflicts          size   tier2     irredundant
c           level      restarts        redundant      glue    trail       variables
c
c w 484.90 290 17 73 599 184006 1 9782195 124425 1.5 20 14 6 16 61% 160 52976 163 89%
c x 485.24 292 17 73 599 184006 1 9782195 124424 1.5 20 14 6 16 61% 160 52686 163 89%
c - 485.45 275 17 73 600 184009 1 9786693 112611 1.5 20 13 6 16 61% 160 52686 163 89%
c - 486.27 274 18 73 601 184013 1 9811187 114162 1.5 21 14 6 16 63% 160 52686 163 89%
c - 487.12 275 18 73 602 184014 1 9835704 112961 1.5 21 14 6 16 64% 160 52686 163 89%
c - 487.95 275 18 73 603 184021 1 9860239 114154 1.5 21 14 6 16 64% 160 52686 163 89%
c - 488.74 274 18 73 604 184031 1 9884796 116441 1.5 21 14 6 16 65% 160 52686 163 89%
c - 489.63 274 18 73 605 184044 1 9909372 116207 1.5 22 14 6 16 65% 160 52686 163 89%
c - 490.64 275 19 73 606 184046 1 9933968 115616 1.5 22 14 6 16 65% 160 52686 163 89%
c - 491.52 274 19 73 607 184060 1 9958586 115976 1.5 22 15 6 16 65% 160 52686 163 89%
c - 492.53 275 18 73 608 184071 1 9983225 117221 1.5 21 14 6 16 65% 160 52686 163 89%
c - 493.50 275 18 73 609 184076 1 10007882 120543 1.5 21 14 6 16 65% 160 52686 163 89%
c s 494.63 274 18 73 609 184077 1 10023647 133063 1.5 21 14 6 16 65% 160 52231 163 89%
c e 494.63 275 18 73 609 184077 1 10023647 133063 1.5 21 14 6 16 65% 158 52248 161 88%
c s 494.63 275 18 73 609 184077 1 10023647 133063 1.5 21 14 6 16 65% 158 52244 161 88%
c o 494.64 275 18 73 609 184077 1 10023647 121149 1.5 21 14 6 16 65% 158 52244 161 88%
c - 495.11 274 18 73 610 184077 1 10032559 110359 1.5 21 14 6 16 65% 158 52244 161 88%
c - 496.19 274 18 73 611 184078 1 10057257 114157 1.6 21 14 6 16 64% 158 52244 161 88%
c - 497.29 274 18 73 612 184078 1 10081980 118728 1.6 22 14 6 16 63% 158 52244 161 88%
c ] 498.15 272 18 74 612 184078 1 10100592 133572 1.6 22 14 6 16 63% 158 52244 161 88%
c
c seconds     switched       rate             size/glue  tier1    binary       remaining
c          MB   reductions      conflicts           size   tier2     irredundant
c           level      restarts         redundant      glue    trail       variables
c
c { 498.15 272 14 74 612 184078 2 10100592 133572 1.5 15 10 4 10 59% 158 52244 161 88%
c - 498.65 274 14 74 613 184473 2 10106718 120313 1.5 15 10 4 10 59% 158 52244 161 88%
c u 498.92 284 14 74 613 184490 2 10107322 120005 1.5 15 10 4 10 59% 158 52244 161 88%
c v 499.22 287 14 74 613 184490 2 10107322 119811 1.5 15 10 4 10 59% 158 52244 161 88%
c w 499.33 288 14 74 613 184490 2 10107322 119367 1.5 15 10 4 10 59% 158 52244 161 88%
c x 499.56 289 14 74 613 184490 2 10107322 119367 1.5 15 10 4 10 59% 158 52184 161 88%
c f 499.56 275 14 74 613 184490 2 10107322 119367 1.5 15 10 4 10 59% 162 52144 163 89%
c u 499.81 274 14 74 613 184490 2 10107322 118505 1.5 15 10 4 10 59% 163 52144 163 89%
c v 500.10 275 14 74 613 184490 2 10107322 118329 1.5 15 10 4 10 59% 163 52144 163 89%
c w 500.21 285 14 74 613 184490 2 10107322 117967 1.5 15 10 4 10 59% 163 52144 163 89%
c x 500.43 288 14 74 613 184490 2 10107322 117967 1.5 15 10 4 10 59% 163 52048 163 89%
c t 501.36 289 14 74 613 184490 2 10107322 117967 1.5 15 10 4 10 59% 162 52048 163 89%
c - 502.65 274 13 74 614 184991 2 10131477 116923 1.5 15 10 4 10 59% 162 52048 163 89%
c - 504.07 275 13 74 615 185997 2 10156256 115827 1.5 15 10 4 10 59% 162 52048 163 89%
c - 505.48 275 13 74 616 186809 2 10181056 116711 1.5 15 10 4 10 59% 163 52048 163 89%
c - 506.97 274 13 74 617 187931 2 10205875 117121 1.5 15 10 4 10 58% 165 52048 163 89%
c - 508.32 276 13 74 618 189078 2 10230714 117327 1.5 14 10 4 10 58% 165 52048 163 89%
c - 509.78 275 13 74 619 190525 2 10255574 119138 1.5 15 10 4 10 59% 165 52048 163 89%
c - 511.03 275 13 74 620 191185 2 10280453 120157 1.5 14 10 4 10 58% 165 52048 163 89%
c - 512.07 274 12 74 621 191480 1 10305352 120738 1.5 14 9 4 10 59% 169 52048 163 89%
c
c seconds     switched       rate             size/glue tier1    binary       remaining
c          MB   reductions      conflicts           size  tier2     irredundant
c           level      restarts         redundant     glue    trail       variables
c
c i 512.45 275 12 74 621 191506 1 10315268 126669 1.5 14 9 4 10 59% 180 52048 162 88%
c - 513.43 275 12 74 622 192608 1 10330272 100467 1.5 14 9 4 10 59% 159 52048 162 88%
c - 514.83 276 12 74 623 193897 2 10355214 110984 1.5 14 9 4 10 59% 160 52048 162 88%
c - 516.56 275 13 74 624 195701 2 10380174 119778 1.5 14 10 4 10 59% 161 52048 162 88%
c } 516.73 274 13 75 624 195802 2 10383416 122048 1.5 14 10 4 10 59% 161 52048 162 88%
c [ 516.73 274 18 75 624 195802 1 10383416 122048 1.6 22 14 6 16 63% 161 52048 162 88%
c W 516.77 280 18 75 624 195802 1 10383416 122048 1.6 22 14 6 16 63% 161 52048 162 88%
c - 517.68 281 18 75 625 195815 1 10405154 119817 1.6 22 14 6 16 62% 161 52048 162 88%
c - 518.82 281 18 75 626 195825 1 10430155 118081 1.5 21 14 6 16 62% 161 52048 162 88%
c u 519.48 281 18 75 626 195830 1 10438376 122792 1.5 21 14 6 16 62% 168 52047 162 88%
c v 519.88 282 18 75 626 195830 1 10438376 122430 1.5 21 14 6 16 62% 168 52047 162 88%
c w 520.03 282 18 75 626 195830 1 10438376 120705 1.5 21 14 6 16 62% 168 52047 162 88%
c x 520.34 291 18 75 626 195830 1 10438376 120704 1.5 21 14 6 16 62% 168 51837 162 88%
c t 520.34 291 18 75 626 195830 1 10438376 120704 1.5 21 14 6 16 62% 162 51837 162 88%
c - 521.30 280 18 75 627 195832 1 10455174 115760 1.5 21 14 6 16 62% 162 51837 162 88%
c - 522.55 281 18 75 628 195842 1 10480213 117898 1.5 21 14 6 16 61% 162 51837 162 88%
c - 523.78 281 17 75 629 195853 1 10505274 120454 1.5 20 13 6 16 61% 162 51837 162 88%
c - 525.08 281 16 75 630 195862 1 10530353 121138 1.5 19 13 6 16 60% 163 51837 162 88%
c - 525.99 281 18 75 631 195864 1 10555453 117948 1.4 20 14 6 16 61% 163 51837 162 88%
c - 527.03 281 18 75 632 195864 1 10580572 114680 1.4 20 14 6 16 61% 163 51837 162 88%
c
c seconds     switched       rate             size/glue  tier1    binary       remaining
c          MB   reductions      conflicts           size   tier2     irredundant
c           level      restarts         redundant      glue    trail       variables
c
c - 527.93 281 18 75 633 195879 1 10605711 117593 1.4 20 14 6 16 62% 163 51837 162 88%
c - 528.93 281 18 75 634 195890 1 10630871 118114 1.4 20 14 6 16 62% 163 51837 162 88%
c - 530.07 281 18 75 635 195895 1 10656050 122175 1.4 20 14 6 16 62% 163 51837 162 88%
c - 531.13 281 17 75 636 195907 1 10681250 125152 1.4 20 14 6 16 62% 163 51837 162 88%
c - 532.11 281 17 75 637 195917 1 10706469 123836 1.4 20 14 6 16 62% 163 51837 162 88%
c - 533.17 281 17 75 638 195926 1 10731707 121853 1.5 20 14 6 16 62% 163 51837 162 88%
c ] 533.41 280 17 76 638 195926 1 10736878 125676 1.5 20 14 6 16 62% 163 51837 162 88%
c { 533.41 280 13 76 638 195926 2 10736878 125676 1.5 14 10 4 10 59% 163 51837 162 88%
c o 533.42 281 13 76 638 195942 2 10736990 125773 1.5 14 10 4 10 59% 163 51837 162 88%
c - 534.78 281 13 76 639 197048 2 10756966 125055 1.5 14 10 4 10 59% 163 51837 162 88%
c u 536.05 281 13 76 639 197546 2 10775271 137066 1.5 14 10 4 10 59% 165 51837 162 88%
c v 536.40 281 13 76 639 197546 2 10775271 136383 1.5 14 10 4 10 59% 165 51837 162 88%
c w 536.54 281 13 76 639 197546 2 10775271 135842 1.5 14 10 4 10 59% 165 51837 162 88%
c x 536.81 281 13 76 639 197546 2 10775271 135835 1.5 14 10 4 10 59% 166 45003 162 88%
c t 536.82 281 13 76 639 197546 2 10775271 135835 1.5 14 10 4 10 59% 164 45003 162 88%
c - 537.19 281 13 76 640 197955 2 10782245 124719 1.5 14 10 4 10 60% 164 45003 162 88%
c - 538.54 281 13 76 641 199085 2 10807543 125976 1.5 14 10 4 10 60% 164 45003 162 88%
c - 539.82 281 12 76 642 199686 1 10832861 127215 1.5 14 9 4 10 60% 165 45003 162 88%
c - 541.12 281 12 76 643 200290 1 10858199 127504 1.5 14 9 4 10 60% 165 45003 162 88%
c - 542.47 281 12 76 644 201045 1 10883556 127874 1.5 14 9 4 10 60% 166 45003 162 88%
c
c seconds     switched       rate             size/glue tier1    binary       remaining
c          MB   reductions      conflicts           size  tier2     irredundant
c           level      restarts         redundant     glue    trail       variables
c
c s 543.78 282 12 76 644 202157 1 10896567 137763 1.5 14 9 4 10 60% 167 44326 162 88%
c e 543.78 280 12 76 644 202157 1 10896567 137763 1.5 14 9 4 10 60% 161 44355 158 86%
c - 544.52 282 12 76 645 202965 1 10908935 120590 1.5 14 9 4 10 60% 161 44355 158 86%
c - 545.84 281 12 76 646 204225 2 10934331 123093 1.5 14 9 4 10 60% 161 44355 158 86%
c - 547.04 281 12 76 647 205025 1 10959747 124519 1.5 14 9 4 10 60% 162 44355 158 86%
c i 547.69 281 12 76 647 205264 1 10976914 136041 1.5 14 9 4 10 60% 173 44355 155 84%
c - 548.20 281 12 76 648 205738 1 10985183 110305 1.5 14 9 4 10 60% 148 44355 155 84%
c - 549.63 282 12 76 649 207460 2 11010638 113504 1.5 14 9 4 10 60% 148 44355 155 84%
c } 550.88 281 13 77 649 208787 2 11033929 131658 1.5 14 9 4 10 60% 148 44355 155 84%
c [ 550.88 281 17 77 649 208787 1 11033929 131658 1.5 20 14 6 16 62% 148 44355 155 84%
c I 550.88 281 17 77 649 208787 1 11033929 131658 1.5 20 14 6 16 62% 148 44355 155 84%
c - 550.99 281 17 77 650 208789 1 11036113 122965 1.5 20 14 6 16 62% 148 44355 155 84%
c - 551.96 281 17 77 651 208801 1 11061609 123954 1.5 20 13 6 16 62% 148 44355 155 84%
c - 553.00 281 17 77 652 208814 1 11087124 123125 1.5 19 13 6 16 63% 148 44355 155 84%
c - 553.88 281 17 77 653 208817 1 11112659 124066 1.5 20 13 6 16 63% 148 44355 155 84%
c u 554.45 282 17 77 653 208820 1 11120288 128482 1.5 20 13 6 16 64% 153 44350 155 84%
c v 554.83 291 17 77 653 208820 1 11120288 127980 1.5 20 13 6 16 64% 153 44350 155 84%
c w 554.98 293 17 77 653 208820 1 11120288 127667 1.5 20 13 6 16 64% 153 44350 155 84%
c x 555.28 294 17 77 653 208820 1 11120288 127665 1.5 20 13 6 16 64% 153 44153 155 84%
c t 555.28 294 17 77 653 208820 1 11120288 127665 1.5 20 13 6 16 64% 151 44153 155 84%
c
c seconds     switched       rate             size/glue  tier1    binary       remaining
c          MB   reductions      conflicts           size   tier2     irredundant
c           level      restarts         redundant      glue    trail       variables
c
c - 555.91 281 18 77 654 208831 1 11138212 119786 1.5 20 14 6 16 64% 151 44153 155 84%
c - 556.87 281 18 77 655 208842 1 11163786 117373 1.5 21 14 6 16 64% 151 44153 155 84%
c - 557.84 281 18 77 656 208848 1 11189379 118072 1.4 21 14 6 16 64% 151 44153 155 84%
c - 558.97 281 18 77 657 208849 1 11214992 120866 1.5 20 14 6 16 63% 151 44153 155 84%
c - 559.91 281 18 77 658 208856 1 11240625 123117 1.4 20 14 6 16 64% 151 44153 155 84%
c - 561.01 281 18 77 659 208867 1 11266278 121604 1.4 20 14 6 16 63% 151 44153 155 84%
c - 561.99 281 18 77 660 208879 1 11291951 122932 1.4 20 14 6 16 63% 151 44153 155 84%
c - 563.04 281 17 77 661 208884 1 11317641 121210 1.5 20 14 6 16 64% 151 44153 155 84%
c - 564.11 281 17 77 662 208895 1 11343350 122649 1.5 19 13 6 16 63% 152 44153 155 84%
c - 565.25 281 17 77 663 208909 1 11369079 121922 1.5 19 13 6 16 63% 152 44153 155 84%
c - 566.40 281 17 77 664 208911 1 11394830 121300 1.5 19 13 6 16 62% 152 44153 155 84%
c - 567.48 281 17 77 665 208912 1 11420598 121909 1.4 19 13 6 16 62% 152 44153 155 84%
c ] 567.84 282 17 78 665 208913 1 11428793 128450 1.5 19 13 6 16 62% 152 44153 155 84%
c { 567.84 282 13 78 665 208913 2 11428793 128450 1.5 14 9 4 10 60% 152 44153 155 84%
c o 567.88 281 13 78 665 208935 2 11429426 128932 1.5 14 9 4 10 60% 152 44153 155 84%
c - 568.67 281 12 78 666 209336 1 11446387 122212 1.5 14 9 4 10 60% 155 44153 155 84%
c u 570.30 282 12 78 666 210540 1 11471539 139242 1.5 14 9 4 10 60% 158 44153 155 84%
c v 570.64 282 12 78 666 210540 1 11471539 138627 1.5 14 9 4 10 60% 158 44153 155 84%
c w 570.77 282 12 78 666 210540 1 11471539 137657 1.5 14 9 4 10 60% 158 44153 155 84%
c x 571.04 289 12 78 666 210540 1 11471539 137651 1.5 14 9 4 10 60% 158 42936 155 84%
c
c seconds     switched       rate             size/glue tier1    binary       remaining
c          MB   reductions      conflicts           size  tier2     irredundant
c           level      restarts         redundant     glue    trail       variables
c
c t 571.05 290 12 78 666 210540 1 11471539 137651 1.5 14 9 4 10 60% 157 42936 155 84%
c - 571.11 281 12 78 667 210596 1 11472193 121330 1.5 14 9 4 10 60% 157 42936 155 84%
c - 572.57 281 12 78 668 211935 2 11498019 124378 1.5 14 9 4 10 60% 158 42936 155 84%
c i 573.24 281 12 78 668 211988 1 11512127 133297 1.5 14 9 4 10 61% 168 42936 154 84%
c - 573.75 282 12 78 669 212776 1 11523864 97904 1.5 14 9 4 10 61% 148 42936 154 84%
c - 574.87 281 12 78 670 214025 1 11549731 105001 1.5 14 9 4 10 61% 149 42936 154 84%
c - 576.29 281 12 78 671 215728 2 11575615 115501 1.5 14 9 4 10 60% 149 42936 154 84%
c i 577.17 280 12 78 671 216502 2 11593319 128587 1.5 14 9 4 10 61% 163 42936 153 83%
c - 577.62 281 12 78 672 216955 2 11601520 112232 1.5 14 9 4 10 60% 140 42936 153 83%
c - 579.12 282 12 78 673 218064 2 11627443 114665 1.5 14 9 4 10 60% 140 42936 153 83%
c - 580.38 282 12 78 674 219047 1 11653385 118581 1.5 14 9 4 10 60% 142 42936 153 83%
c - 581.51 281 12 78 675 220094 1 11679346 119706 1.5 14 9 4 10 60% 144 42936 153 83%
c - 582.94 281 12 78 676 221354 1 11705326 121076 1.5 14 9 4 10 60% 145 42936 153 83%
c i 583.65 281 12 78 676 221992 1 11719808 131174 1.5 14 9 4 10 60% 155 42936 152 83%
c - 584.37 281 12 78 677 222785 1 11731326 107135 1.5 14 9 4 10 60% 142 42913 152 83%
c } 584.83 280 12 79 677 223195 1 11740383 114008 1.5 14 9 4 10 60% 142 42913 152 83%
c [ 584.83 280 17 79 677 223195 1 11740383 114008 1.5 19 13 6 16 62% 142 42913 152 83%
c B 584.83 280 17 79 677 223195 1 11740383 114008 1.5 19 13 6 16 62% 142 42913 152 83%
c - 585.47 281 17 79 678 223205 1 11757346 109996 1.5 19 13 6 16 62% 142 42913 152 83%
c - 586.51 281 17 79 679 223216 1 11783384 113851 1.5 19 13 6 16 62% 142 42913 152 83%
c
c seconds     switched       rate             size/glue  tier1    binary       remaining
c          MB   reductions      conflicts           size   tier2     irredundant
c           level      restarts         redundant      glue    trail       variables
c
c - 587.50 281 17 79 680 223225 1 11809442 117353 1.5 19 13 6 16 62% 143 42913 152 83%
c s 588.10 281 17 79 680 223225 1 11821350 126615 1.5 19 13 6 16 63% 146 40319 152 83%
c s 588.25 281 17 79 680 223225 1 11821350 126615 1.5 19 13 6 16 63% 146 40317 152 83%
c u 588.86 281 16 79 680 223231 1 11829188 131142 1.5 19 13 6 16 63% 152 40317 152 83%
c v 589.26 282 16 79 680 223231 1 11829188 128090 1.5 19 13 6 16 63% 349 40317 152 83%
c w 589.42 282 16 79 680 223231 1 11829188 124398 1.5 19 13 6 16 63% 153 40317 152 83%
c x 589.73 282 16 79 680 223231 1 11829188 124373 1.5 19 13 6 16 63% 153 38543 152 83%
c t 589.74 282 16 79 680 223231 1 11829188 124373 1.5 19 13 6 16 63% 147 38543 152 83%
c - 590.01 281 16 79 681 223233 1 11835518 113534 1.5 19 13 6 16 62% 147 38543 152 83%
c - 591.05 281 16 79 682 223245 1 11861615 116172 1.5 19 12 6 16 62% 147 38543 152 83%
c - 592.05 282 16 79 683 223255 1 11887733 117384 1.5 18 12 6 16 62% 148 38543 152 83%
c - 593.12 281 16 79 684 223257 1 11913867 117933 1.5 18 12 6 16 62% 148 38543 152 83%
c - 594.17 281 16 79 685 223260 1 11940020 120261 1.5 18 12 6 16 62% 149 38543 152 83%
c - 595.30 281 15 79 686 223272 1 11966194 120944 1.5 17 12 6 16 62% 150 38543 152 83%
c i 595.84 282 15 79 686 223278 1 11977354 128910 1.5 17 12 6 16 62% 157 38543 151 82%
c o 595.84 282 15 79 686 223278 1 11977354 128910 1.5 17 12 6 16 62% 157 38543 151 82%
c - 596.56 281 15 79 687 223286 1 11992389 94378 1.5 17 12 6 16 62% 153 38543 151 82%
c i 597.52 282 15 79 687 223288 1 12013640 109705 1.5 17 11 6 16 61% 161 38543 147 80%
c - 597.69 281 15 79 688 223288 1 12018599 75001 1.5 17 11 6 16 61% 154 38543 147 80%
c - 598.65 280 15 79 689 223303 1 12044829 91546 1.5 18 12 6 16 61% 154 38543 147 80%
c
c seconds     switched       rate            size/glue  tier1    binary       remaining
c          MB   reductions      conflicts          size   tier2     irredundant
c           level      restarts         redundant     glue    trail       variables
c
c i 599.14 281 15 79 689 223306 1 12056913 99443 1.5 17 11 6 16 61% 163 38543 144 78%
c i 599.58 280 14 79 689 223313 1 12069340 108350 1.5 17 11 6 16 60% 170 38543 137 74%
c i 599.63 282 14 79 689 223315 1 12070600 109123 1.5 17 11 6 16 60% 175 38543 132 72%
c i 599.63 282 14 79 689 223315 1 12070698 109172 1.5 17 11 6 16 60% 179 38543 117 64%
c i 599.63 282 14 79 689 223315 1 12070704 109174 1.5 17 11 6 16 60% 180 38543 113 61%
c ] 599.63 282 14 79 689 223315 1 12070710 109175 1.5 17 11 6 16 60% 181 38543 100 54%
c 0 599.63 282 12 79 689 223315 1 12070710 109175 1.5 14 9 4 10 60% 181 38543 100 54%
c
c ---- [ result ] ------------------------------------------------------------
c
s UNSATISFIABLE
c
c ---- [ profiling ] ---------------------------------------------------------
c
c         542.30   90.44 %  search
c         278.11   46.38 %  stable
c         264.19   44.06 %  focused
c          57.26    9.55 %  simplify
c          47.03    7.84 %  probe
c          41.40    6.90 %  vivify
c           9.74    1.62 %  eliminate
c           9.49    1.58 %  subsume
c           5.59    0.93 %  reduce
c           4.73    0.79 %  sweep
c           0.70    0.12 %  substitute
c           0.54    0.09 %  walking
c           0.14    0.02 %  factor
c           0.05    0.01 %  preprocess
c           0.03    0.01 %  congruence
c           0.02    0.00 %  transitive
c           0.01    0.00 %  parse
c           0.01    0.00 %  lucky
c           0.00    0.00 %  backbone
c =============================================
c         599.63  100.00 %  total
c
c ---- [ statistics ] --------------------------------------------------------
c
c conflicts:                         12070710            20130.22 per second
c decisions:                         15778534                1.31 per conflict
c eliminated:                             285              155 %  variables
c factored:                               275              149 %  variables
c iterations:                              18               10 %  variables
c propagations:                     293892464           490122    per second
c reductions:                             689            17519    interval
c reordered:                               45           268238    interval
c rephased:                                64           188605    interval
c restarts:                            223315               54    interval
c strengthened:                          6631                0 %  checks
c subsumed:                             15955                0 %  checks
c switched:                                79           152794    interval
c vivified:                            211933               28 %  checks
c walks:                                   21           574796    interval
c
c ---- [ glue usage ] --------------------------------------------------------
c
c focused glue 4   used 2226364 clauses 11.81% accumulated 58.54% tier1
c focused glue 5   used 1426839 clauses  7.57% accumulated 66.11%
c focused glue 6-8 used 3345591 clauses 17.75% accumulated 83.86%
c focused glue 9   used  840414 clauses  4.46% accumulated 88.32%
c focused glue 10  used  656644 clauses  3.48% accumulated 91.80% tier2
c
c stable glue 6    used  2093096 clauses  5.31% accumulated 54.77% tier1
c stable glue 7    used  2186713 clauses  5.55% accumulated 60.32%
c stable glue 8-14 used 10685428 clauses 27.11% accumulated 87.42%
c stable glue 15   used   866476 clauses  2.20% accumulated 89.62%
c stable glue 16   used   777829 clauses  1.97% accumulated 91.59% tier2
c
c ---- [ resources ] ---------------------------------------------------------
c
c maximum-resident-set-size:     316770615296 bytes     302096 MB
c process-time:                            10m             599.63 seconds
c
c ---- [ shutting down ] -----------------------------------------------------
c
c exit 20
