c ---- [ banner ] ------------------------------------------------------------
c
c Kissat SAT Solver
c 
c Copyright (c) 2021-2024 Armin Biere University of Freiburg
c Copyright (c) 2019-2021 Armin Biere Johannes Kepler University Linz
c 
c Version 4.0.4 8af8e56f174b778aef3aa45af9f739b2a5f492c2
c Apple clang version 17.0.0 (clang-1700.6.3.2) -W -Wall -O3 -DNDEBUG
c Mon Mar 30 18:25:47 CEST 2026 Darwin Mac 24.6.0 arm64
c
c ---- [ parsing ] -----------------------------------------------------------
c
c opened and reading DIMACS file:
c
c   tmp.cnf
c
c parsed 'p cnf 171 102714' header
c closing input after reading 3960440 bytes (4 MB)
c finished parsing after 0.01 seconds
c
c ---- [ solving ] -----------------------------------------------------------
c
c seconds switched rate     size/glue tier1 binary        remaining
c        MB reductions conflicts size  tier2   irredundant
c         level restarts redundant glue  trail        variables
c
c *  0.01 19 0 0 0  0 0   0   0 0.0 0 0 0 0 0%   0 102714 161 100%
c (  0.02 26 0 0 0  0 0   0   0 0.0 0 0 0 0 0%   0 102714 161 100%
c .  0.02 26 0 0 0  0 0   0   0 0.0 0 0 0 0 0%   0 102714 161 100%
c f  0.20 30 0 0 0  0 0   0   0 0.0 0 0 0 0 0% 331 78717 326 202%
c )  0.20 30 0 0 0  0 0   0   0 0.0 0 0 0 0 0% 331 78717 326 202%
c {  0.21 30 0 0 0  0 0   0   0 0.0 0 0 2 6 0% 331 78717 326 202%
c -  0.23 30 27 0 1 34 2 1000 649 1.5 20 13 11 17 41% 331 78717 326 202%
c }  0.23 30 27 1 1 34 2 1000 649 1.5 20 13 11 17 41% 331 78717 326 202%
c [  0.23 30 0 1 1 34 0 1000 649 0.0 0 0 2 6 0% 331 78717 326 202%
c B  0.23 30 45 1 1 34 33 1001 650 1.6 14 9 2 6 46% 331 78717 326 202%
c -  0.25 30 35 1 2 34 1 2002 1483 1.5 24 16 14 20 41% 331 78717 326 202%
c W  0.25 37 35 1 2 34 1 2002 1483 1.5 24 16 14 20 41% 331 78717 326 202%
c ]  0.26 37 32 2 2 35 1 2324 1765 1.5 23 16 14 20 40% 331 78717 326 202%
c {  0.26 37 27 2 2 35 2 2324 1765 1.5 20 13 11 17 41% 331 78717 326 202%
c u  0.27 37 26 2 2 38 2 2505 1898 1.5 20 13 11 17 40% 331 78717 326 202%
c v  0.27 37 26 2 2 38 2 2505 1898 1.5 20 13 11 17 40% 331 78717 326 202%
c w  0.27 37 26 2 2 38 2 2505 1898 1.5 20 13 11 17 40% 331 78717 326 202%
c }  0.31 38 21 3 2 38 2 3324 2542 1.5 18 12 11 16 36% 331 78717 326 202%
c [  0.31 38 32 3 2 38 1 3324 2542 1.5 23 16 14 20 40% 331 78717 326 202%
c -  0.31 38 31 3 3 38 1 3416 2427 1.5 23 16 13 20 39% 331 78717 326 202%
c
c seconds  switched rate       size/glue  tier1     binary       remaining
c        MB reductions conflicts     size    tier2     irredundant
c         level restarts  redundant     glue     trail       variables
c
c I  0.34 38 27 3 3 38 1 4262 3113 1.4 21 15 12 19 38% 331 78717 326 202%
c ]  0.34 38 26 4 3 39 1 4447 3273 1.4 21 15 12 19 38% 331 78717 326 202%
c {  0.34 38 21 4 3 39 2 4447 3273 1.5 18 12 11 16 36% 331 78717 326 202%
c -  0.37 38 22 4 4 174 2 5148 3444 1.4 19 13 11 16 38% 331 78717 326 202%
c }  0.41 38 21 5 4 269 2 6799 4970 1.5 19 13 11 16 37% 331 78717 326 202%
c [  0.41 38 26 5 4 269 1 6799 4970 1.4 21 15 12 19 38% 331 78717 326 202%
c -  0.42 38 25 5 5 269 1 7149 4769 1.4 21 15 12 19 38% 331 78717 326 202%
c u  0.45 43 25 5 5 269 1 7715 5275 1.4 21 14 12 19 37% 331 78717 326 202%
c v  0.45 44 25 5 5 269 1 7715 5268 1.4 21 14 12 19 37% 331 78717 326 202%
c w  0.46 44 25 5 5 269 1 7715 5268 1.4 21 14 12 19 37% 331 78717 326 202%
c B  0.51 51 24 5 5 270 1 8033 5532 1.4 21 15 12 19 38% 331 78717 326 202%
c -  0.54 51 24 5 6 271 1 9388 5844 1.4 21 15 12 19 38% 331 78717 326 202%
c ]  0.55 51 23 6 6 271 1 10020 6365 1.4 21 15 12 19 38% 331 78717 326 202%
c {  0.55 51 21 6 6 271 2 10020 6365 1.5 19 13 11 16 37% 331 78717 326 202%
c -  0.58 51 20 6 7 274 2 11837 7022 1.5 19 13 11 15 36% 331 78717 326 202%
c e  0.62 51 19 6 7 274 2 12523 7635 1.5 19 13 11 15 36% 266 76698 252 157%
c ^  0.63 51 19 6 7 274 2 12523 7635 1.5 19 13 11 15 36% 266 76698 252 157%
c o  0.64 51 19 6 7 274 2 12523 7629 1.5 19 13 11 15 36% 266 76698 252 157%
c }  0.67 51 18 7 7 274 2 14090 9083 1.5 18 12 11 15 40% 266 76698 252 157%
c [  0.67 51 23 7 7 274 1 14090 9083 1.4 21 15 12 19 38% 266 76698 252 157%
c
c seconds  switched  rate        size/glue  tier1     binary       remaining
c        MB reductions conflicts       size    tier2     irredundant
c         level restarts    redundant     glue     trail       variables
c
c W  0.67 57 23 7 7 274 1 14090 9083 1.4 21 15 12 19 38% 266 76698 252 157%
c -  0.69 57 24 7 8 274 1 14482 8378 1.4 21 15 12 19 39% 266 76698 252 157%
c u  0.72 57 24 7 8 275 1 15809 9523 1.4 22 15 12 19 41% 266 76698 252 157%
c v  0.72 57 24 7 8 275 1 15809 9510 1.4 22 15 12 19 41% 266 76698 252 157%
c w  0.73 57 24 7 8 275 1 15809 9510 1.4 22 15 12 19 41% 266 76698 252 157%
c f  0.74 59 24 7 8 275 1 15809 9510 1.4 22 15 12 19 41% 307 76324 273 170%
c u  0.75 59 24 7 8 275 1 15809 9488 1.4 22 15 12 19 41% 307 76324 273 170%
c v  0.76 59 24 7 8 275 1 15809 9486 1.4 22 15 12 19 41% 307 76324 273 170%
c w  0.76 59 24 7 8 275 1 15809 9484 1.4 22 15 12 19 41% 307 76324 273 170%
c f  0.77 59 24 7 8 275 1 15809 9484 1.4 22 15 12 19 41% 342 76191 289 180%
c -  0.80 59 25 7 9 276 1 17312 9266 1.4 23 16 12 21 44% 342 76191 289 180%
c ]  0.82 59 24 8 9 277 1 18332 10131 1.4 23 16 12 21 45% 342 76191 289 180%
c {  0.82 59 18 8 9 277 2 18332 10131 1.5 18 12 11 15 40% 342 76191 289 180%
c -  0.88 59 18 8 10 453 2 20315 9900 1.5 18 12 10 15 41% 342 76191 289 180%
c -  0.95 59 17 8 11 532 2 23477 10860 1.5 17 12 10 14 41% 342 76191 289 180%
c o  0.96 59 17 8 11 538 2 23847 11162 1.5 17 12 10 14 42% 342 76191 289 180%
c }  0.98 59 17 9 11 604 2 24491 11762 1.5 17 12 10 14 42% 342 76191 289 180%
c [  0.98 59 24 9 11 604 1 24491 11762 1.4 23 16 12 21 45% 342 76191 289 180%
c O  0.98 59 24 9 11 604 1 24491 11762 1.4 23 16 12 21 45% 342 76191 289 180%
c e  1.02 60 24 9 11 604 1 25052 12224 1.4 23 16 12 21 45% 326 76197 256 159%
c
c seconds  switched   rate         size/glue  tier1     binary       remaining
c        MB  reductions conflicts        size    tier2     irredundant
c         level  restarts     redundant     glue     trail       variables
c
c ^  1.04 60 24 9 11 604 1 25052 12224 1.4 23 16 12 21 45% 326 76197 256 159%
c -  1.09 60 24 9 12 606 1 26793 10770 1.4 23 17 12 21 46% 326 76197 256 159%
c u  1.11 60 24 9 12 606 1 26961 10883 1.4 23 17 12 21 47% 326 76197 256 159%
c v  1.12 60 24 9 12 606 1 26961 10877 1.4 23 17 12 21 47% 326 76197 256 159%
c w  1.12 60 24 9 12 606 1 26961 10875 1.4 23 17 12 21 47% 326 76197 256 159%
c f  1.20 66 24 9 12 606 1 26961 10875 1.4 23 17 12 21 47% 319 76185 262 163%
c u  1.21 66 24 9 12 606 1 26961 10855 1.4 23 17 12 21 47% 319 76185 262 163%
c v  1.21 66 24 9 12 606 1 26961 10850 1.4 23 17 12 21 47% 319 76185 262 163%
c w  1.22 66 24 9 12 606 1 26961 10849 1.4 23 17 12 21 47% 319 76185 262 163%
c -  1.30 66 24 9 13 608 1 30261 12075 1.4 23 17 12 21 49% 319 76185 262 163%
c ]  1.33 66 24 10 13 609 1 31447 13076 1.4 23 17 12 21 50% 319 76185 262 163%
c {  1.33 66 17 10 13 609 2 31447 13076 1.5 17 12 10 14 42% 319 76185 262 163%
c -  1.37 66 17 10 14 632 2 33866 13541 1.5 17 12 10 14 43% 319 76185 262 163%
c -  1.50 66 17 10 15 1176 2 37609 13628 1.4 17 12 9 14 44% 319 76185 262 163%
c }  1.55 66 17 11 15 1223 2 40075 15513 1.4 16 12 9 14 44% 319 76185 262 163%
c [  1.55 66 24 11 15 1223 1 40075 15513 1.4 23 17 12 21 50% 319 76185 262 163%
c B  1.55 66 24 11 15 1223 1 40075 15513 1.4 23 17 12 21 50% 319 76185 262 163%
c u  1.60 66 24 11 15 1224 1 41322 16599 1.4 23 17 12 21 50% 319 76185 262 163%
c v  1.61 66 24 11 15 1224 1 41322 16582 1.4 23 17 12 21 50% 319 76185 262 163%
c w  1.62 68 24 11 15 1224 1 41322 16582 1.4 23 17 12 21 50% 319 76185 262 163%
c
c seconds   switched    rate         size/glue  tier1     binary       remaining
c        MB   reductions  conflicts        size    tier2     irredundant
c         level    restarts     redundant     glue     trail       variables
c
c -  1.63 74 24 11 16 1224 1 41481 14169 1.4 23 17 12 21 50% 319 76185 262 163%
c -  1.72 74 25 11 17 1227 1 45482 14291 1.3 24 18 12 22 52% 319 76185 262 163%
c ]  1.82 74 26 12 17 1229 1 49387 17289 1.3 24 18 12 22 53% 319 76185 262 163%
c {  1.82 74 17 12 17 1229 2 49387 17289 1.4 16 12 9 14 44% 319 76185 262 163%
c o  1.82 74 17 12 17 1233 2 49430 17329 1.4 16 12 9 14 44% 319 76185 262 163%
c -  1.84 74 17 12 18 1273 2 49605 14717 1.4 16 12 9 14 44% 319 76185 262 163%
c e  2.00 77 17 12 18 1450 2 52217 16793 1.4 16 12 9 14 45% 307 76201 250 155%
c ^  2.04 77 17 12 18 1450 2 52217 16793 1.4 16 12 9 14 45% 307 76201 250 155%
c -  2.12 79 17 12 19 1656 2 53849 15547 1.4 16 12 9 14 45% 307 76201 250 155%
c -  2.20 79 16 12 20 1656 2 58207 17304 1.4 16 11 9 14 46% 307 76201 250 155%
c u  2.24 80 16 12 20 1656 2 58990 17938 1.4 16 11 9 14 45% 307 76201 250 155%
c v  2.26 80 16 12 20 1656 2 58990 17929 1.4 16 11 9 14 45% 307 76201 250 155%
c w  2.27 80 16 12 20 1656 2 58990 17928 1.4 16 11 9 14 45% 307 76201 250 155%
c f  2.27 80 16 12 20 1656 2 58990 17928 1.4 16 11 9 14 45% 313 76185 252 157%
c u  2.29 90 16 12 20 1656 2 58990 17908 1.4 16 11 9 14 45% 313 76185 252 157%
c v  2.31 90 16 12 20 1656 2 58990 17900 1.4 16 11 9 14 45% 313 76185 252 157%
c w  2.32 90 16 12 20 1656 2 58990 17894 1.4 16 11 9 14 45% 313 76185 252 157%
c }  2.44 96 16 13 20 1960 2 60867 19444 1.4 16 11 9 14 45% 313 76185 252 157%
c [  2.44 96 26 13 20 1960 1 60867 19444 1.3 24 18 12 22 53% 313 76185 252 157%
c W  2.44 103 26 13 20 1960 1 60867 19444 1.3 24 18 12 22 53% 313 76185 252 157%
c
c seconds    switched    rate         size/glue  tier1     binary       remaining
c         MB   reductions  conflicts        size    tier2     irredundant
c          level    restarts     redundant     glue     trail       variables
c
c -  2.49 103 26 13 21 1961 1 62682 18495 1.3 25 19 11 22 54% 313 76185 252 157%
c -  2.59 103 26 13 22 1965 1 67264 20059 1.3 25 19 11 22 54% 313 76185 252 157%
c -  2.68 103 26 13 23 1966 1 71955 21260 1.3 25 19 11 22 56% 313 76185 252 157%
c I  2.75 103 26 13 23 1969 1 75773 24164 1.3 25 19 11 22 57% 313 76185 252 157%
c -  2.78 103 25 13 24 1969 1 76750 22495 1.3 25 19 11 22 57% 313 76185 252 157%
c u  2.85 105 25 13 24 1972 1 80093 25253 1.3 24 18 11 22 58% 313 76185 252 157%
c v  2.86 104 25 13 24 1972 1 80093 25212 1.3 24 18 11 22 58% 313 76185 252 157%
c w  2.87 105 25 13 24 1972 1 80093 25212 1.3 24 18 11 22 58% 313 76185 252 157%
c x  2.88 106 25 13 24 1972 1 80093 25212 1.3 24 18 11 22 58% 313 76183 252 157%
c o  2.89 106 25 13 24 1972 1 80093 25212 1.3 24 18 11 22 58% 313 76183 252 157%
c -  2.91 112 25 13 25 1973 1 81648 23907 1.3 25 18 11 22 58% 313 76183 252 157%
c ]  2.98 112 26 14 25 1973 1 85315 27118 1.3 25 19 11 22 59% 313 76183 252 157%
c {  2.98 112 16 14 25 1973 2 85315 27118 1.4 16 11 9 14 45% 313 76183 252 157%
c -  3.07 114 16 14 26 2272 2 86650 24313 1.4 16 11 9 14 46% 313 76183 252 157%
c -  3.26 114 16 14 27 2664 2 91750 25442 1.4 16 11 9 14 46% 313 76183 252 157%
c e  3.50 115 16 14 27 3026 2 95975 29057 1.4 16 11 9 14 46% 309 76206 247 153%
c ^  3.56 115 16 14 27 3026 2 95975 29057 1.4 16 11 9 14 46% 309 76206 247 153%
c -  3.64 123 16 14 28 3277 2 96946 26241 1.4 16 11 9 14 46% 309 76206 247 153%
c }  3.79 123 17 15 28 3602 2 100030 28998 1.4 16 11 9 14 47% 309 76206 247 153%
c [  3.79 123 26 15 28 3602 1 100030 28998 1.3 25 19 11 22 59% 309 76206 247 153%
c
c seconds    switched    rate          size/glue  tier1     binary       remaining
c         MB   reductions  conflicts         size    tier2     irredundant
c          level    restarts      redundant     glue     trail       variables
c
c B  3.79 123 26 15 28 3602 1 100030 28998 1.3 25 19 11 22 59% 309 76206 247 153%
c -  3.84 123 26 15 29 3604 1 102238 27785 1.3 25 19 11 22 59% 309 76206 247 153%
c u  3.92 123 26 15 29 3605 1 104753 29680 1.3 25 19 11 22 59% 309 76206 247 153%
c v  3.94 124 26 15 29 3605 1 104753 29462 1.3 25 19 11 22 59% 309 76206 247 153%
c w  3.95 125 26 15 29 3605 1 104753 29460 1.3 25 19 11 22 59% 309 76206 247 153%
c -  4.02 126 26 15 30 3607 1 107624 28605 1.3 25 19 11 22 59% 309 76206 247 153%
c -  4.14 126 25 15 31 3609 1 113102 29401 1.3 25 19 10 22 60% 309 76206 247 153%
c -  4.26 126 25 15 32 3614 1 118670 30737 1.3 25 19 10 22 60% 309 76206 247 153%
c W  4.31 132 25 15 32 3615 1 120942 32455 1.3 25 19 10 22 60% 309 76206 247 153%
c o  4.32 132 25 15 32 3615 1 120942 32455 1.3 25 19 10 22 60% 309 76206 247 153%
c -  4.39 133 25 15 33 3615 1 124326 32093 1.3 25 19 10 22 61% 309 76206 247 153%
c -  4.50 133 25 15 34 3616 1 130070 33321 1.4 25 18 10 21 62% 309 76206 247 153%
c u  4.59 134 25 15 34 3617 1 133047 35930 1.4 25 18 10 21 62% 309 76206 247 153%
c v  4.60 133 25 15 34 3617 1 133047 35896 1.4 25 18 10 21 62% 309 76206 247 153%
c w  4.61 133 25 15 34 3617 1 133047 35887 1.4 25 18 10 21 62% 309 76206 247 153%
c -  4.68 134 25 15 35 3619 1 135901 33699 1.4 25 18 10 21 62% 309 76206 247 153%
c -  4.80 134 25 15 36 3623 1 141817 33597 1.4 25 18 10 21 62% 309 76206 247 153%
c ]  4.82 134 25 16 36 3623 1 142554 34248 1.4 25 18 10 21 62% 309 76206 247 153%
c {  4.82 134 17 16 36 3623 2 142554 34248 1.4 16 11 9 14 47% 309 76206 247 153%
c -  5.03 135 17 16 37 4165 2 147817 34366 1.4 16 11 9 14 47% 309 76206 247 153%
c
c seconds    switched    rate          size/glue  tier1    binary       remaining
c         MB   reductions  conflicts         size   tier2     irredundant
c          level    restarts      redundant     glue    trail       variables
c
c -  5.26 135 17 16 38 4685 2 153899 35280 1.4 16 12 9 14 47% 309 76206 247 153%
c e  5.41 134 16 16 38 4750 2 158151 38537 1.4 16 11 9 14 47% 264 76372 230 143%
c ^  5.49 134 16 16 38 4750 2 158151 38537 1.4 16 11 9 14 47% 264 76372 230 143%
c -  5.60 143 16 16 39 4975 2 160063 31168 1.4 16 12 9 14 47% 264 76372 230 143%
c }  5.65 143 16 17 39 5024 2 160891 31901 1.4 16 12 9 14 47% 264 76372 230 143%
c [  5.65 143 25 17 39 5024 1 160891 31901 1.4 25 18 10 21 62% 264 76372 230 143%
c O  5.65 143 25 17 39 5024 1 160891 31901 1.4 25 18 10 21 62% 264 76372 230 143%
c u  5.85 142 25 17 39 5027 1 165075 34908 1.4 25 18 10 21 61% 264 76372 230 143%
c v  5.89 144 25 17 39 5027 1 165075 34804 1.4 25 18 10 21 61% 264 76372 230 143%
c w  5.90 144 25 17 39 5027 1 165075 34632 1.4 25 18 10 21 61% 264 76372 230 143%
c -  5.96 145 24 17 40 5028 1 166307 32687 1.4 25 18 10 21 61% 264 76372 230 143%
c -  6.14 145 24 17 41 5030 1 172631 34232 1.4 24 18 10 21 59% 264 76372 230 143%
c -  6.30 145 23 17 42 5035 1 179037 35110 1.4 24 17 10 21 58% 264 76372 230 143%
c ]  6.32 145 23 18 42 5036 1 179782 35707 1.4 23 17 10 21 58% 264 76372 230 143%
c {  6.32 145 16 18 42 5036 2 179782 35707 1.4 16 12 9 14 47% 264 76372 230 143%
c o  6.35 145 16 18 42 5086 2 180739 36396 1.4 16 12 9 14 47% 264 76372 230 143%
c -  6.55 145 16 18 43 5303 2 185517 35533 1.4 16 12 9 14 46% 264 76372 230 143%
c -  6.80 145 16 18 44 5493 2 192076 35788 1.4 16 12 9 14 45% 264 76372 230 143%
c -  7.10 145 16 18 45 5680 2 198710 36365 1.4 16 12 9 14 45% 264 76372 230 143%
c u  7.25 144 16 18 45 5861 2 200937 37923 1.4 16 12 9 14 45% 264 76372 230 143%
c
c seconds    switched    rate          size/glue  tier1    binary       remaining
c         MB   reductions  conflicts         size   tier2     irredundant
c          level    restarts      redundant     glue    trail       variables
c
c v  7.30 145 16 18 45 5861 2 200937 37704 1.4 16 12 9 14 45% 264 76372 230 143%
c w  7.32 145 16 18 45 5861 2 200937 37678 1.4 16 12 9 14 45% 264 76372 230 143%
c }  7.52 148 16 19 45 5897 2 202127 38486 1.4 16 12 9 14 45% 264 76372 230 143%
c [  7.52 148 23 19 45 5897 1 202127 38486 1.4 23 17 10 21 58% 264 76372 230 143%
c B  7.52 148 23 19 45 5897 1 202127 38486 1.4 23 17 10 21 58% 264 76372 230 143%
c -  7.59 148 23 19 46 5899 1 205419 36491 1.4 24 17 10 21 58% 264 76372 230 143%
c -  7.74 149 23 19 47 5903 1 212201 37288 1.4 24 17 10 21 58% 264 76372 230 143%
c -  7.90 149 23 19 48 5907 1 219059 38599 1.4 24 17 10 21 58% 264 76372 230 143%
c -  8.10 149 23 19 49 5910 1 225989 40258 1.4 24 17 10 21 57% 264 76372 230 143%
c -  8.30 149 23 19 50 5911 1 232989 41033 1.4 24 17 10 21 57% 264 76372 230 143%
c W  8.33 149 23 19 50 5911 1 233579 41533 1.4 24 17 10 21 57% 264 76372 230 143%
c -  8.50 150 23 19 51 5915 1 240061 40610 1.4 24 17 10 21 57% 264 76372 230 143%
c s  8.64 150 23 19 51 5916 1 240448 40938 1.4 24 17 10 21 57% 264 76367 230 143%
c e  8.65 150 23 19 51 5916 1 240448 40938 1.4 24 17 10 21 57% 222 76634 212 132%
c !  8.78 150 23 19 51 5916 1 240448 40938 1.4 24 17 10 21 57% 222 76634 212 132%
c u  8.82 156 23 19 51 5916 1 240687 35868 1.4 24 17 10 21 58% 222 76634 212 132%
c v  8.84 157 23 19 51 5916 1 240687 35847 1.4 24 17 10 21 58% 222 76634 212 132%
c w  8.86 157 23 19 51 5916 1 240687 35847 1.4 24 17 10 21 58% 222 76634 212 132%
c x  8.88 158 23 19 51 5916 1 240687 35845 1.4 24 17 10 21 58% 222 76620 212 132%
c f  8.89 158 23 19 51 5916 1 240687 35845 1.4 24 17 10 21 58% 234 76467 219 136%
c
c seconds    switched    rate          size/glue  tier1     binary       remaining
c         MB   reductions  conflicts         size    tier2     irredundant
c          level    restarts      redundant     glue     trail       variables
c
c u  8.92 165 23 19 51 5916 1 240687 35761 1.4 24 17 10 21 58% 234 76467 219 136%
c v  8.96 166 23 19 51 5916 1 240687 35732 1.4 24 17 10 21 58% 234 76467 219 136%
c w  8.97 166 23 19 51 5916 1 240687 35726 1.4 24 17 10 21 58% 234 76467 219 136%
c -  9.10 167 23 19 52 5918 1 247202 35308 1.4 24 17 10 21 58% 234 76467 219 136%
c ]  9.17 167 23 20 52 5921 1 250705 38207 1.4 24 17 10 21 58% 234 76467 219 136%
c {  9.17 167 16 20 52 5921 2 250705 38207 1.4 16 12 9 14 45% 234 76467 219 136%
c o  9.17 167 16 20 52 5929 2 250739 38240 1.4 16 12 9 14 45% 234 76467 219 136%
c -  9.33 167 16 20 53 6227 2 254415 36328 1.4 16 12 9 14 45% 234 76467 219 136%
c -  9.51 167 16 20 54 6244 2 261697 37702 1.4 16 11 9 13 46% 234 76467 219 136%
c -  9.71 167 15 20 55 6297 2 269046 38459 1.4 16 11 9 13 47% 234 76467 219 136%
c - 10.05 167 15 20 56 7101 2 276462 41351 1.4 16 11 9 13 47% 234 76467 219 136%
c } 10.11 167 16 21 56 7311 2 277447 42211 1.4 16 11 9 13 47% 234 76467 219 136%
c [ 10.11 167 23 21 56 7311 1 277447 42211 1.4 24 17 10 21 58% 234 76467 219 136%
c I 10.11 167 23 21 56 7311 1 277447 42211 1.4 24 17 10 21 58% 234 76467 219 136%
c - 10.32 167 22 21 57 7316 1 283945 44856 1.4 24 17 10 20 58% 234 76467 219 136%
c u 10.39 169 22 21 57 7316 1 284418 45114 1.4 24 17 10 20 58% 234 76467 219 136%
c v 10.43 170 22 21 57 7316 1 284418 45023 1.4 24 17 10 20 58% 234 76467 219 136%
c w 10.45 170 22 21 57 7316 1 284418 45019 1.4 24 17 10 20 58% 234 76467 219 136%
c - 10.69 170 22 21 58 7319 1 291496 46996 1.4 23 17 10 20 57% 234 76467 219 136%
c - 10.93 170 22 21 59 7324 1 299112 47527 1.4 23 17 10 20 56% 234 76467 219 136%
c
c seconds    switched    rate          size/glue  tier1     binary       remaining
c         MB   reductions  conflicts         size    tier2     irredundant
c          level    restarts      redundant     glue     trail       variables
c
c ] 11.10 170 21 22 59 7325 1 304846 52101 1.4 23 16 10 20 55% 234 76467 219 136%
c { 11.10 170 16 22 59 7325 2 304846 52101 1.4 16 11 9 13 47% 234 76467 219 136%
c - 11.16 170 15 22 60 7329 2 306794 48219 1.4 16 11 9 13 47% 234 76467 219 136%
c - 11.36 170 15 22 61 7355 2 314539 50280 1.4 16 11 9 13 48% 234 76467 219 136%
c - 11.56 170 15 22 62 7359 2 322349 52623 1.5 16 11 9 13 48% 234 76467 219 136%
c - 11.75 169 15 22 63 7359 2 330223 47928 1.5 16 11 8 13 49% 234 76467 219 136%
c u 11.86 170 15 22 63 7359 2 332182 49596 1.5 16 11 8 13 49% 234 76467 219 136%
c v 11.91 170 15 22 63 7359 2 332182 49517 1.5 16 11 8 13 49% 234 76467 219 136%
c w 11.93 170 15 22 63 7359 2 332182 49501 1.5 16 11 8 13 49% 234 76467 219 136%
c o 11.93 170 15 22 63 7359 2 332182 49501 1.5 16 11 8 13 49% 234 76467 219 136%
c } 12.07 170 15 23 63 7381 2 336364 53268 1.5 16 11 8 13 50% 234 76467 219 136%
c [ 12.07 170 21 23 63 7381 1 336364 53268 1.4 23 16 10 20 55% 234 76467 219 136%
c B 12.07 170 21 23 63 7381 1 336364 53268 1.4 23 16 10 20 55% 234 76467 219 136%
c - 12.11 170 22 23 64 7382 1 338162 47482 1.4 23 16 10 20 56% 234 76467 219 136%
c s 12.41 170 22 23 64 7386 1 344418 52916 1.4 23 17 10 20 56% 234 76463 219 136%
c e 12.41 169 22 23 64 7386 1 344418 52916 1.4 23 17 10 20 56% 228 76520 215 134%
c - 12.61 176 22 23 65 7387 1 346163 43262 1.4 23 17 10 20 57% 228 76520 215 134%
c - 12.77 176 22 23 66 7392 1 354225 44357 1.4 24 17 10 20 57% 228 76520 215 134%
c - 12.93 177 22 23 67 7395 1 362349 45335 1.4 24 17 10 20 58% 228 76520 215 134%
c - 13.09 178 22 23 68 7397 1 370535 46100 1.4 24 17 10 20 58% 228 76520 215 134%
c
c seconds    switched    rate          size/glue  tier1     binary       remaining
c         MB   reductions  conflicts         size    tier2     irredundant
c          level    restarts      redundant     glue     trail       variables
c
c - 13.27 178 22 23 69 7402 1 378781 46926 1.4 24 17 10 20 59% 228 76520 215 134%
c W 13.31 178 22 23 69 7402 1 380077 47873 1.4 24 17 10 20 59% 228 76520 215 134%
c ] 13.37 178 23 24 69 7403 1 382408 49829 1.4 24 17 10 20 59% 228 76520 215 134%
c { 13.37 178 15 24 69 7403 2 382408 49829 1.5 16 11 8 13 50% 228 76520 215 134%
c u 13.51 177 15 24 69 7551 2 384056 51121 1.5 16 11 8 13 49% 228 76520 215 134%
c v 13.55 177 15 24 69 7551 2 384056 51027 1.5 16 11 8 13 49% 228 76520 215 134%
c w 13.56 178 15 24 69 7551 2 384056 51023 1.5 16 11 8 13 49% 228 76520 215 134%
c f 13.57 178 15 24 69 7551 2 384056 51023 1.5 16 11 8 13 49% 230 76500 216 134%
c u 13.62 178 15 24 69 7551 2 384056 50922 1.5 16 11 8 13 49% 230 76500 216 134%
c v 13.65 179 15 24 69 7551 2 384056 50809 1.5 16 11 8 13 49% 230 76500 216 134%
c w 13.67 179 15 24 69 7551 2 384056 50795 1.5 16 11 8 13 49% 230 76500 216 134%
c - 13.99 182 15 24 70 7631 2 387087 47492 1.5 16 11 8 13 49% 230 76500 216 134%
c - 14.21 182 14 24 71 7634 2 395453 48491 1.5 16 11 8 13 49% 230 76500 216 134%
c - 14.52 194 14 24 72 7884 2 403880 49884 1.5 16 10 8 12 49% 230 76500 216 134%
c o 14.79 205 14 24 72 8322 2 412235 56421 1.5 15 10 8 12 49% 230 76500 216 134%
c - 14.81 205 14 24 73 8355 2 412366 52659 1.5 15 10 8 12 49% 230 76500 216 134%
c } 15.40 213 14 25 73 9881 2 419085 58577 1.5 16 11 8 12 49% 230 76500 216 134%
c [ 15.40 213 23 25 73 9881 1 419085 58577 1.4 24 17 10 20 59% 230 76500 216 134%
c - 15.46 213 22 25 74 9882 1 420912 56210 1.4 24 17 10 20 58% 230 76500 216 134%
c O 15.71 213 22 25 74 9887 1 428239 61427 1.4 24 17 10 20 57% 230 76500 216 134%
c
c seconds    switched    rate          size/glue  tier1     binary       remaining
c         MB   reductions  conflicts         size    tier2     irredundant
c          level    restarts      redundant     glue     trail       variables
c
c - 15.79 213 22 25 75 9887 1 429516 58859 1.4 23 17 10 20 57% 230 76500 216 134%
c - 16.24 213 21 25 76 9893 1 438177 59437 1.4 23 16 10 20 56% 230 76500 216 134%
c u 16.37 213 21 25 76 9894 1 440090 60750 1.4 23 16 10 20 56% 230 76500 216 134%
c v 16.43 214 21 25 76 9894 1 440090 60661 1.4 23 16 10 20 56% 230 76500 216 134%
c w 16.45 215 21 25 76 9894 1 440090 60619 1.4 23 16 10 20 56% 230 76500 216 134%
c x 16.50 215 21 25 76 9894 1 440090 60613 1.4 23 16 10 20 56% 230 76115 216 134%
c - 16.81 219 21 25 77 9895 1 446895 59707 1.4 23 16 10 20 55% 230 76115 216 134%
c ] 16.98 218 21 26 77 9895 1 450592 62313 1.4 22 16 10 20 54% 230 76115 216 134%
c { 16.98 218 14 26 77 9895 2 450592 62313 1.5 16 11 8 12 49% 230 76115 216 134%
c - 17.36 219 15 26 78 10713 2 455669 60946 1.5 16 11 8 13 49% 230 76115 216 134%
c - 17.89 219 15 26 79 11322 2 464500 62127 1.5 16 11 8 13 48% 230 76115 216 134%
c s 18.39 219 15 26 79 11415 2 471570 67490 1.5 15 11 8 13 48% 230 76104 216 134%
c e 18.40 218 15 26 79 11415 2 471570 67490 1.5 15 11 8 13 48% 229 76119 215 134%
c - 18.76 219 15 26 80 11606 2 473389 60264 1.5 15 11 8 12 48% 229 76119 215 134%
c - 19.15 219 14 26 81 11879 2 482334 61459 1.4 15 11 8 12 48% 229 76119 215 134%
c - 19.77 219 14 26 82 12802 2 491334 64172 1.4 15 11 8 12 48% 230 76119 215 134%
c } 19.91 219 15 27 82 13056 2 492812 65473 1.4 15 11 8 12 48% 230 76119 215 134%
c [ 19.91 219 21 27 82 13056 1 492812 65473 1.4 22 16 10 20 54% 230 76119 215 134%
c B 19.91 219 21 27 82 13056 1 492812 65473 1.4 22 16 10 20 54% 230 76119 215 134%
c u 20.20 220 21 27 82 13061 1 500365 71664 1.4 23 16 10 20 55% 230 76119 215 134%
c
c seconds    switched     rate          size/glue  tier1     binary       remaining
c         MB   reductions   conflicts         size    tier2     irredundant
c          level    restarts       redundant     glue     trail       variables
c
c v 20.29 221 21 27 82 13061 1 500365 71324 1.4 23 16 10 20 55% 230 76119 215 134%
c w 20.33 221 21 27 82 13061 1 500365 71300 1.4 23 16 10 20 55% 230 76119 215 134%
c - 20.35 222 21 27 83 13061 1 500390 65666 1.4 23 16 10 20 55% 230 76119 215 134%
c - 20.56 222 21 27 84 13066 1 509500 66325 1.4 23 17 10 20 56% 230 76119 215 134%
c - 20.77 220 22 27 85 13070 1 518666 66233 1.4 23 17 10 20 57% 230 76119 215 134%
c - 21.00 221 22 27 86 13073 1 527886 64412 1.4 24 17 10 20 57% 230 76119 215 134%
c - 21.23 220 22 27 87 13077 1 537159 63427 1.4 24 17 10 20 58% 230 76119 215 134%
c o 21.40 220 22 27 87 13082 1 543181 68756 1.4 24 17 10 20 58% 230 76119 215 134%
c - 21.47 220 22 27 88 13084 1 546487 64851 1.4 24 17 10 20 58% 230 76119 215 134%
c W 21.54 221 22 27 88 13085 1 550398 68340 1.4 24 17 10 20 59% 230 76119 215 134%
c - 21.66 221 22 27 89 13085 1 555867 65283 1.4 24 17 10 20 59% 230 76119 215 134%
c u 21.92 221 22 27 89 13086 1 564926 73027 1.4 24 17 10 20 60% 230 76119 215 134%
c v 21.97 221 22 27 89 13086 1 564926 72989 1.4 24 17 10 20 60% 230 76119 215 134%
c w 21.99 221 22 27 89 13086 1 564926 72988 1.4 24 17 10 20 60% 230 76119 215 134%
c - 22.01 222 22 27 90 13086 1 565300 65804 1.4 24 17 10 20 60% 230 76119 215 134%
c - 22.25 228 22 27 91 13086 1 574786 67082 1.4 25 17 10 20 61% 230 76119 215 134%
c - 22.51 228 22 27 92 13093 1 584326 66922 1.4 24 17 10 20 61% 230 76119 215 134%
c - 22.77 229 22 27 93 13099 1 593918 66291 1.4 24 17 10 20 61% 230 76119 215 134%
c - 23.03 229 21 27 94 13101 1 603561 65410 1.5 24 17 10 20 61% 230 76119 215 134%
c ] 23.14 227 21 28 94 13102 1 608217 69180 1.5 24 17 10 20 61% 230 76119 215 134%
c
c seconds    switched     rate          size/glue  tier1    binary       remaining
c         MB   reductions   conflicts         size   tier2     irredundant
c          level    restarts       redundant     glue    trail       variables
c
c { 23.14 227 15 28 94 13102 2 608217 69180 1.4 15 11 8 12 48% 230 76119 215 134%
c - 23.58 228 15 28 95 14014 2 613256 64635 1.4 15 11 8 13 48% 230 76119 215 134%
c - 24.17 229 15 28 96 14781 2 623003 64437 1.4 15 11 8 13 48% 230 76119 215 134%
c - 25.27 231 15 28 97 15672 2 632800 65054 1.4 15 11 8 13 48% 230 76119 215 134%
c u 25.42 230 15 28 97 15805 2 633821 65309 1.4 15 11 8 13 48% 230 76119 215 134%
c v 25.47 230 15 28 97 15805 2 633821 64647 1.4 15 11 8 13 48% 230 76119 215 134%
c w 25.49 230 15 28 97 15805 2 633821 64625 1.4 15 11 8 13 48% 230 76119 215 134%
c x 25.54 230 15 28 97 15805 2 633821 64624 1.4 15 11 8 13 48% 230 76119 215 134%
c - 26.01 231 15 28 98 16305 2 642648 65849 1.4 15 11 8 13 48% 230 76119 215 134%
c - 26.28 230 15 28 99 16306 2 652548 67501 1.4 15 11 8 12 48% 230 76119 215 134%
c } 26.40 229 14 29 99 16306 2 656355 70061 1.4 15 11 8 12 48% 230 76119 215 134%
c [ 26.40 229 21 29 99 16306 1 656355 70061 1.5 24 17 10 20 61% 230 76119 215 134%
c I 26.40 229 21 29 99 16306 1 656355 70061 1.5 24 17 10 20 61% 230 76119 215 134%
c o 26.40 230 21 29 99 16306 1 656355 70061 1.5 24 17 10 20 61% 230 76119 215 134%
c - 26.54 231 21 29 100 16310 1 662497 69643 1.5 24 16 10 20 62% 230 76119 215 134%
c - 26.74 230 21 29 101 16315 1 672498 72065 1.5 24 17 10 20 62% 230 76119 215 134%
c - 26.95 230 21 29 102 16320 1 682550 71985 1.5 24 17 10 20 63% 230 76119 215 134%
c - 27.19 231 22 29 103 16323 1 692653 70915 1.5 25 17 10 20 63% 230 76119 215 134%
c - 27.46 230 22 29 104 16329 1 702803 69264 1.5 25 17 10 20 63% 230 76119 215 134%
c u 27.65 230 22 29 104 16332 1 707106 72738 1.5 25 17 10 20 63% 230 76119 215 134%
c
c seconds    switched      rate          size/glue  tier1     binary       remaining
c         MB   reductions    conflicts         size    tier2     irredundant
c          level     restarts       redundant     glue     trail       variables
c
c v 27.72 231 22 29 104 16332 1 707106 72696 1.5 25 17 10 20 63% 230 76119 215 134%
c w 27.75 231 22 29 104 16332 1 707106 72673 1.5 25 17 10 20 63% 230 76119 215 134%
c - 27.88 231 22 29 105 16334 1 713001 67940 1.5 25 17 10 20 64% 230 76119 215 134%
c - 28.10 229 22 29 106 16336 1 723247 67535 1.5 25 17 10 20 64% 230 76119 215 134%
c B 28.12 229 22 29 106 16336 1 724040 68178 1.5 25 17 10 20 64% 230 76119 215 134%
c - 28.34 230 23 29 107 16336 1 733542 65622 1.5 26 18 10 20 64% 230 76119 215 134%
c - 28.61 231 23 29 108 16341 1 743888 63156 1.4 26 18 10 20 64% 230 76119 215 134%
c - 28.86 230 24 29 109 16346 1 754282 61585 1.4 26 19 10 20 64% 230 76119 215 134%
c - 29.11 230 25 29 110 16351 1 764722 60108 1.4 27 19 10 20 64% 230 76119 215 134%
c - 29.38 231 25 29 111 16354 1 775210 57982 1.4 27 19 10 20 64% 230 76119 215 134%
c u 29.67 230 25 29 111 16360 1 784825 65221 1.4 27 20 10 20 64% 230 76119 215 134%
c v 29.71 230 25 29 111 16360 1 784825 65142 1.4 27 20 10 20 64% 230 76119 215 134%
c w 29.74 230 25 29 111 16360 1 784825 65136 1.4 27 20 10 20 64% 230 76119 215 134%
c o 29.75 230 25 29 111 16360 1 784825 65136 1.4 27 20 10 20 64% 230 76119 215 134%
c ] 29.77 231 25 30 111 16360 1 785736 65950 1.4 27 20 10 20 64% 230 76119 215 134%
c { 29.77 231 14 30 111 16360 2 785736 65950 1.4 15 11 8 12 48% 230 76119 215 134%
c - 29.77 231 14 30 112 16360 2 785746 55524 1.4 15 11 8 12 48% 230 76119 215 134%
c - 30.58 230 15 30 113 17647 2 796329 56349 1.4 15 11 8 12 48% 230 76119 215 134%
c s 31.22 230 15 30 113 18267 2 801033 60420 1.4 15 11 8 12 48% 230 76112 215 134%
c - 31.96 230 15 30 114 18943 2 806961 59675 1.4 15 11 8 13 48% 230 76112 215 134%
c
c seconds    switched      rate          size/glue  tier1    binary       remaining
c         MB   reductions    conflicts         size   tier2     irredundant
c          level     restarts       redundant     glue    trail       variables
c
c - 32.45 231 15 30 115 19268 2 817639 61573 1.4 15 11 8 12 48% 230 76112 215 134%
c - 33.09 230 15 30 116 20132 2 828362 63495 1.4 15 11 8 12 48% 230 76112 215 134%
c - 33.58 230 15 30 117 20624 2 839132 66877 1.4 15 11 8 12 48% 230 76112 215 134%
c } 33.61 231 15 31 117 20624 2 840171 67582 1.4 15 11 8 12 48% 230 76112 215 134%
c [ 33.61 231 25 31 117 20624 1 840171 67582 1.4 27 20 10 20 64% 230 76112 215 134%
c W 33.62 229 25 31 117 20624 1 840171 67582 1.4 27 20 10 20 64% 230 76112 215 134%
c - 33.83 229 25 31 118 20630 1 849949 68482 1.4 27 19 10 20 64% 230 76112 215 134%
c - 34.10 230 25 31 119 20637 1 860811 70201 1.4 27 19 10 20 65% 230 76112 215 134%
c u 34.40 230 24 31 119 20638 1 867029 74691 1.4 27 19 10 20 65% 230 76112 215 134%
c v 34.53 230 24 31 119 20638 1 867029 74612 1.4 27 19 10 20 65% 230 76112 215 134%
c w 34.59 230 24 31 119 20638 1 867029 74603 1.4 27 19 10 20 65% 230 76112 215 134%
c - 35.18 234 24 31 120 20638 1 871719 72458 1.4 27 19 9 20 65% 230 76112 215 134%
c - 35.45 233 24 31 121 20645 1 882674 72610 1.4 26 19 9 20 65% 230 76112 215 134%
c - 35.77 233 24 31 122 20652 1 893676 71375 1.4 26 19 9 20 65% 230 76112 215 134%
c - 36.05 234 24 31 123 20653 1 904724 70926 1.4 26 19 9 20 65% 230 76112 215 134%
c - 36.35 233 24 31 124 20654 1 915815 70751 1.4 26 19 9 20 65% 230 76112 215 134%
c O 36.43 233 24 31 124 20654 1 918601 72584 1.4 26 19 9 20 65% 230 76112 215 134%
c o 36.43 233 24 31 124 20654 1 918601 72584 1.4 26 19 9 20 65% 230 76112 215 134%
c - 36.78 234 23 31 125 20658 1 926951 72859 1.4 25 18 9 20 63% 230 76112 215 134%
c - 37.16 234 23 31 126 20664 1 938132 74966 1.4 25 18 9 20 61% 230 76112 215 134%
c
c seconds    switched      rate          size/glue  tier1    binary       remaining
c         MB   reductions    conflicts         size   tier2     irredundant
c          level     restarts       redundant     glue    trail       variables
c
c - 37.62 235 22 31 127 20669 1 949356 74695 1.4 24 17 9 20 59% 230 76112 215 134%
c ] 37.72 234 22 32 127 20669 1 951512 76234 1.4 24 17 9 20 59% 230 76112 215 134%
c { 37.72 234 15 32 127 20669 2 951512 76234 1.4 15 11 8 12 48% 230 76112 215 134%
c u 37.94 234 15 32 127 20822 2 953768 77881 1.4 15 11 8 12 48% 230 76112 215 134%
c v 38.00 234 15 32 127 20822 2 953768 75218 1.4 15 11 8 12 48% 230 76112 215 134%
c w 38.03 234 15 32 127 20822 2 953768 69906 1.4 15 11 8 12 48% 230 76112 215 134%
c x 38.08 234 15 32 127 20822 2 953768 69905 1.4 15 11 8 12 48% 230 76106 215 134%
c - 38.59 234 15 32 128 21537 2 960625 68584 1.4 15 11 8 12 48% 230 76106 215 134%
c - 39.06 234 15 32 129 22003 2 971938 71053 1.4 15 11 8 12 47% 230 76106 215 134%
c - 39.77 234 15 32 130 22800 2 983297 70903 1.4 15 11 8 12 47% 230 76106 215 134%
c - 40.52 234 15 32 131 23618 2 994698 71004 1.4 15 11 8 12 47% 230 76106 215 134%
c s 41.51 234 15 32 131 23968 2 1005938 79447 1.4 15 11 8 12 47% 230 76082 215 134%
c s 41.73 234 15 32 131 23968 2 1005938 79447 1.4 15 11 8 12 47% 230 76006 215 134%
c - 41.76 234 15 32 132 23998 2 1006143 72536 1.4 15 11 8 12 47% 230 76006 215 134%
c } 41.97 232 15 33 132 23999 2 1012616 77901 1.4 15 11 8 12 47% 230 76006 215 134%
c [ 41.97 232 22 33 132 23999 1 1012616 77901 1.4 24 17 9 20 59% 230 76006 215 134%
c B 41.97 232 22 33 132 23999 1 1012616 77901 1.4 24 17 9 20 59% 230 76006 215 134%
c - 42.13 234 22 33 133 24002 1 1017632 74888 1.4 24 17 9 20 59% 230 76006 215 134%
c - 42.51 234 22 33 134 24009 1 1029164 77072 1.4 24 17 9 20 59% 230 76006 215 134%
c - 42.89 234 22 33 135 24013 1 1040739 79172 1.4 24 17 9 20 60% 230 76006 215 134%
c
c seconds    switched      rate           size/glue  tier1    binary       remaining
c         MB   reductions     conflicts         size   tier2     irredundant
c          level     restarts        redundant     glue    trail       variables
c
c u 43.18 235 22 33 135 24013 1 1045094 82568 1.4 24 17 9 20 60% 230 76006 215 134%
c v 43.32 235 22 33 135 24013 1 1045094 82401 1.4 24 17 9 20 60% 230 76006 215 134%
c w 43.38 235 22 33 135 24013 1 1045094 82284 1.4 24 17 9 20 60% 230 76006 215 134%
c - 43.64 234 22 33 136 24019 1 1052357 79732 1.4 24 17 9 20 60% 230 76006 215 134%
c - 44.09 234 22 33 137 24025 1 1064020 80247 1.4 24 17 9 20 60% 230 76006 215 134%
c - 44.55 235 22 33 138 24028 1 1075724 81636 1.4 24 17 9 20 59% 230 76006 215 134%
c - 44.98 235 22 33 139 24029 1 1087472 83789 1.4 24 17 9 20 59% 230 76006 215 134%
c - 45.41 235 22 33 140 24033 1 1099261 85635 1.4 24 17 9 20 59% 230 76006 215 134%
c W 45.53 234 22 33 140 24035 1 1102417 88232 1.4 24 17 9 20 59% 230 76006 215 134%
c o 45.53 234 22 33 140 24035 1 1102417 88232 1.4 24 17 9 20 59% 230 76006 215 134%
c - 45.75 234 22 33 141 24039 1 1111095 86447 1.4 24 17 9 20 60% 230 76006 215 134%
c - 46.08 234 22 33 142 24044 1 1122969 86740 1.4 24 17 9 20 61% 230 76006 215 134%
c ] 46.09 235 22 34 142 24044 1 1123214 86946 1.4 24 17 9 20 61% 230 76006 215 134%
c { 46.09 235 15 34 142 24044 2 1123214 86946 1.4 15 11 8 12 47% 230 76006 215 134%
c - 46.98 235 15 34 143 24938 2 1134885 87256 1.4 15 11 8 12 47% 230 76006 215 134%
c u 47.58 235 15 34 143 25558 2 1141037 91896 1.4 15 11 8 12 46% 230 76006 215 134%
c v 47.70 236 15 34 143 25558 2 1141037 91470 1.4 15 11 8 12 46% 230 76006 215 134%
c w 47.75 237 15 34 143 25558 2 1141037 91392 1.4 15 11 8 12 46% 230 76006 215 134%
c - 48.37 245 15 34 144 26296 2 1146843 85468 1.4 15 11 8 13 46% 230 76006 215 134%
c - 49.36 246 15 34 145 26930 2 1158843 84601 1.4 15 11 8 13 46% 230 76006 215 134%
c
c seconds    switched      rate           size/glue  tier1    binary       remaining
c         MB   reductions     conflicts         size   tier2     irredundant
c          level     restarts        redundant     glue    trail       variables
c
c - 50.30 247 15 34 146 27665 2 1170885 81877 1.4 15 11 8 13 45% 230 76006 215 134%
c - 51.16 246 15 34 147 28337 2 1182968 79956 1.4 15 11 8 13 44% 230 76006 215 134%
c } 51.87 246 15 35 147 28858 2 1191360 86234 1.3 15 11 8 13 44% 230 76006 215 134%
c [ 51.87 246 22 35 147 28858 1 1191360 86234 1.4 24 17 9 20 61% 230 76006 215 134%
c - 52.12 246 21 35 148 28860 1 1195093 78581 1.4 24 17 9 20 60% 230 76006 215 134%
c I 52.27 245 21 35 148 28863 1 1198131 80827 1.4 24 16 9 20 60% 230 76006 215 134%
c - 52.53 246 21 35 149 28867 1 1207259 79723 1.4 23 16 9 20 60% 230 76006 215 134%
c - 52.92 246 21 35 150 28872 1 1219467 80576 1.4 23 16 9 20 59% 230 76006 215 134%
c - 53.32 246 21 35 151 28878 1 1231714 81365 1.4 23 16 9 20 58% 230 76006 215 134%
c s 53.97 246 21 35 151 28882 1 1239244 87678 1.4 24 16 9 20 58% 230 75876 215 134%
c u 54.28 246 21 35 151 28883 1 1241639 89414 1.4 24 17 9 20 58% 230 75876 215 134%
c v 54.49 248 21 35 151 28883 1 1241639 89337 1.4 24 17 9 20 58% 230 75876 215 134%
c w 54.58 249 21 35 151 28883 1 1241639 89262 1.4 24 17 9 20 58% 230 75876 215 134%
c - 54.69 235 21 35 152 28885 1 1244003 80302 1.4 24 17 9 20 58% 230 75876 215 134%
c - 55.22 236 21 35 153 28887 1 1256332 78470 1.4 24 17 9 20 58% 230 75876 215 134%
c - 55.73 235 21 35 154 28888 1 1268702 79527 1.4 23 17 9 20 58% 230 75876 215 134%
c - 56.27 235 21 35 155 28894 1 1281112 81512 1.4 23 16 9 20 57% 230 75876 215 134%
c o 56.72 235 21 35 155 28901 1 1292074 90085 1.4 23 16 9 20 57% 230 75876 215 134%
c - 56.77 236 21 35 156 28901 1 1293561 82353 1.4 23 16 9 20 57% 230 75876 215 134%
c B 56.93 234 21 35 156 28903 1 1299910 87962 1.4 23 16 9 20 58% 230 75876 215 134%
c
c seconds    switched      rate           size/glue  tier1    binary       remaining
c         MB   reductions     conflicts         size   tier2     irredundant
c          level     restarts        redundant     glue    trail       variables
c
c - 57.11 235 22 35 157 28903 1 1306051 81707 1.4 23 17 9 20 58% 230 75876 215 134%
c - 57.49 235 22 35 158 28910 1 1318581 81052 1.4 24 17 9 20 59% 230 75876 215 134%
c - 57.89 235 22 35 159 28918 1 1331150 81981 1.4 24 17 9 20 60% 230 75876 215 134%
c - 58.31 235 22 35 160 28919 1 1343761 81794 1.4 24 17 9 20 60% 230 75876 215 134%
c u 58.56 236 22 35 160 28919 1 1346956 84208 1.5 24 17 9 20 60% 230 75876 215 134%
c v 58.69 236 22 35 160 28919 1 1346956 84109 1.5 24 17 9 20 60% 230 75876 215 134%
c w 58.75 245 22 35 160 28919 1 1346956 84096 1.5 24 17 9 20 60% 230 75876 215 134%
c - 59.04 235 22 35 161 28920 1 1356411 77809 1.4 25 17 9 20 61% 230 75876 215 134%
c ] 59.40 236 22 36 161 28920 1 1368966 87513 1.4 25 17 9 20 61% 230 75876 215 134%
c { 59.41 236 15 36 161 28920 2 1368966 87513 1.3 15 11 8 13 44% 230 75876 215 134%
c - 59.42 235 15 36 162 28947 2 1369099 72665 1.3 15 11 8 13 44% 230 75876 215 134%
c - 60.24 236 15 36 163 29782 2 1381826 71955 1.3 15 11 8 13 44% 230 75876 215 134%
c - 61.18 236 15 36 164 30926 2 1394593 72712 1.3 15 11 8 13 45% 230 75876 215 134%
c - 61.89 236 15 36 165 31468 2 1407401 74857 1.4 15 11 8 13 45% 230 75876 215 134%
c - 62.72 235 15 36 166 32132 2 1420246 76518 1.4 16 11 8 13 45% 230 75876 215 134%
c - 63.39 235 15 36 167 32389 2 1433130 77577 1.4 15 11 8 13 46% 231 75876 215 134%
c o 63.92 235 15 36 167 32900 2 1442106 85073 1.4 15 11 8 13 46% 231 75876 215 134%
c } 64.12 236 15 37 167 33063 2 1444522 87036 1.4 15 11 8 13 46% 231 75876 215 134%
c [ 64.12 236 22 37 167 33063 1 1444522 87036 1.4 25 17 9 20 61% 231 75876 215 134%
c W 64.15 236 22 37 167 33063 1 1444522 87036 1.4 25 17 9 20 61% 231 75876 215 134%
c
c seconds    switched      rate           size/glue  tier1    binary       remaining
c         MB   reductions     conflicts         size   tier2     irredundant
c          level     restarts        redundant     glue    trail       variables
c
c - 64.21 235 22 37 168 33064 1 1446056 79793 1.4 25 17 9 20 61% 231 75876 215 134%
c u 64.72 236 22 37 168 33070 1 1456984 88514 1.4 25 17 9 20 61% 231 75876 215 134%
c v 64.85 236 22 37 168 33070 1 1456984 88295 1.4 25 17 9 20 61% 231 75876 215 134%
c w 64.90 236 22 37 168 33070 1 1456984 88271 1.4 25 17 9 20 61% 231 75876 215 134%
c x 64.99 243 22 37 168 33070 1 1456984 88255 1.4 25 17 9 20 61% 231 75441 215 134%
c - 65.08 235 22 37 169 33072 1 1459018 81536 1.4 25 17 9 20 61% 231 75441 215 134%
c - 65.52 236 22 37 170 33077 1 1472018 82576 1.4 25 17 9 20 61% 231 75441 215 134%
c - 66.04 235 22 37 171 33083 1 1485058 83875 1.4 25 17 9 20 61% 231 75441 215 134%
c - 66.51 235 22 37 172 33091 1 1498134 85072 1.4 25 17 9 20 61% 231 75441 215 134%
c s 66.75 236 22 37 172 33092 1 1502133 88474 1.4 25 17 9 20 61% 231 75357 215 134%
c - 67.12 236 22 37 173 33093 1 1511251 86064 1.4 25 17 9 20 61% 231 75357 215 134%
c - 67.51 236 23 37 174 33093 1 1524404 84908 1.4 25 18 9 20 62% 231 75357 215 134%
c - 68.00 236 23 37 175 33100 1 1537594 82792 1.4 25 18 9 20 62% 231 75357 215 134%
c - 68.46 236 23 37 176 33107 1 1550822 83118 1.4 25 18 9 20 62% 231 75357 215 134%
c O 68.74 235 22 37 176 33108 1 1558861 89204 1.4 25 18 9 20 62% 231 75357 215 134%
c - 68.94 235 22 37 177 33112 1 1564089 83178 1.4 25 17 9 19 62% 231 75357 215 134%
c u 69.33 236 22 37 177 33115 1 1571812 88907 1.4 25 17 9 19 62% 231 75357 215 134%
c v 69.46 245 22 37 177 33115 1 1571812 88673 1.4 25 17 9 19 62% 231 75357 215 134%
c w 69.52 247 22 37 177 33115 1 1571812 88272 1.4 25 17 9 19 62% 231 75357 215 134%
c - 69.71 235 22 37 178 33120 1 1577395 82508 1.4 25 17 9 20 62% 231 75357 215 134%
c
c seconds    switched      rate           size/glue  tier1    binary       remaining
c         MB   reductions     conflicts         size   tier2     irredundant
c          level     restarts        redundant     glue    trail       variables
c
c - 70.16 236 23 37 179 33123 1 1590737 82000 1.4 25 18 9 20 62% 231 75357 215 134%
c ] 70.26 236 23 38 179 33124 1 1593611 84278 1.4 25 18 9 20 62% 231 75357 215 134%
c { 70.26 236 15 38 179 33124 2 1593611 84278 1.4 15 11 8 13 46% 231 75357 215 134%
c - 70.63 236 15 38 180 33140 2 1604116 84715 1.4 16 11 8 13 47% 231 75357 215 134%
c o 70.69 236 15 38 180 33144 2 1605981 86446 1.4 16 11 8 13 47% 231 75357 215 134%
c - 71.23 235 15 38 181 33144 2 1617532 88638 1.4 16 11 8 13 48% 231 75357 215 134%
c - 71.83 236 14 38 182 33168 2 1630985 91361 1.5 16 11 8 12 49% 231 75357 215 134%
c - 72.46 235 14 38 183 33173 2 1644476 94934 1.5 16 11 8 12 50% 231 75357 215 134%
c - 73.15 235 14 38 184 33182 1 1658004 98584 1.5 16 10 8 12 51% 231 75357 215 134%
c - 73.76 236 13 38 185 33201 1 1671568 90196 1.6 16 10 7 12 51% 231 75357 215 134%
c } 74.00 235 13 39 185 33203 1 1676944 94449 1.6 16 10 7 12 51% 231 75357 215 134%
c [ 74.00 235 23 39 185 33203 1 1676944 94449 1.4 25 18 9 20 62% 231 75357 215 134%
c B 74.11 235 22 39 185 33205 1 1679696 96500 1.4 25 17 9 20 61% 231 75357 215 134%
c - 74.29 235 23 39 186 33209 1 1685172 88737 1.4 25 18 9 20 62% 231 75357 215 134%
c u 74.68 236 23 39 186 33212 1 1691458 93823 1.4 25 18 9 20 62% 231 75357 215 134%
c v 74.86 236 23 39 186 33212 1 1691458 93747 1.4 25 18 9 20 62% 231 75357 215 134%
c w 74.93 236 23 39 186 33212 1 1691458 93695 1.4 25 18 9 20 62% 231 75357 215 134%
c - 76.08 237 24 39 187 33216 1 1698811 85264 1.4 25 18 9 20 62% 231 75357 215 134%
c - 76.50 237 24 39 188 33220 1 1712486 83584 1.4 26 19 9 20 63% 231 75357 215 134%
c - 76.92 237 25 39 189 33227 1 1726199 84187 1.4 26 19 9 20 63% 231 75357 215 134%
c
c seconds    switched      rate           size/glue  tier1    binary       remaining
c         MB   reductions     conflicts         size   tier2     irredundant
c          level     restarts        redundant     glue    trail       variables
c
c - 77.36 237 25 39 190 33232 1 1739947 85724 1.4 26 19 9 20 63% 231 75357 215 134%
c - 77.74 237 25 39 191 33233 1 1753732 87248 1.4 26 19 9 20 63% 231 75357 215 134%
c - 78.14 237 25 39 192 33240 1 1767552 88599 1.4 26 19 9 20 63% 231 75357 215 134%
c - 78.54 238 25 39 193 33247 1 1781408 88803 1.4 26 19 9 20 63% 231 75357 215 134%
c - 79.00 237 25 39 194 33251 1 1795300 87300 1.4 26 19 9 20 63% 231 75357 215 134%
c W 79.37 233 24 39 194 33258 1 1807165 96347 1.4 26 19 9 20 63% 231 75357 215 134%
c o 79.37 236 24 39 194 33258 1 1807165 96347 1.4 26 19 9 20 63% 231 75357 215 134%
c - 79.44 237 24 39 195 33259 1 1809228 88608 1.4 26 19 9 20 63% 231 75357 215 134%
c u 79.70 238 24 39 195 33262 1 1815939 93724 1.4 26 19 9 20 64% 231 75357 215 134%
c v 79.78 238 24 39 195 33262 1 1815939 93602 1.4 26 19 9 20 64% 231 75357 215 134%
c w 79.83 238 24 39 195 33262 1 1815939 93594 1.4 26 19 9 20 64% 231 75357 215 134%
c ] 79.99 238 24 40 195 33263 1 1819422 96363 1.4 26 19 9 20 64% 231 75357 215 134%
c { 79.99 238 13 40 195 33263 1 1819422 96363 1.6 16 10 7 12 51% 231 75357 215 134%
c - 80.34 237 13 40 196 33770 1 1823193 89627 1.5 16 10 7 12 51% 231 75357 215 134%
c - 81.24 238 13 40 197 34656 2 1837196 89068 1.5 15 10 7 12 50% 231 75357 215 134%
c - 82.32 238 14 40 198 36284 2 1851232 87876 1.5 15 10 7 12 50% 232 75357 215 134%
c - 83.42 237 14 40 199 37853 2 1865303 89192 1.5 16 11 7 12 50% 233 75357 215 134%
c - 84.43 238 15 40 200 39104 2 1879409 90909 1.5 16 11 7 12 50% 233 75357 215 134%
c - 85.32 237 15 40 201 39905 2 1893552 92079 1.4 15 11 7 12 49% 233 75357 215 134%
c - 86.31 237 15 40 202 41000 2 1907730 94640 1.4 16 11 7 12 49% 233 75357 215 134%
c
c seconds    switched      rate           size/glue  tier1    binary       remaining
c         MB   reductions     conflicts         size   tier2     irredundant
c          level     restarts        redundant     glue    trail       variables
c
c } 86.61 236 15 41 202 41459 2 1910894 97368 1.4 16 11 7 12 49% 233 75357 215 134%
c [ 86.61 236 24 41 202 41459 1 1910894 97368 1.4 26 19 9 20 64% 233 75357 215 134%
c - 87.08 237 24 41 203 41465 1 1921944 96391 1.4 25 18 9 20 63% 233 75357 215 134%
c - 87.70 237 23 41 204 41473 1 1936191 96548 1.4 25 18 9 20 61% 233 75357 215 134%
c I 87.90 238 23 41 204 41473 1 1941404 100870 1.4 25 18 9 20 61% 233 75357 215 134%
c u 88.27 250 23 41 204 41475 1 1945283 103952 1.4 25 18 9 20 61% 233 75357 215 134%
c v 88.53 251 23 41 204 41475 1 1945283 103580 1.4 25 18 9 20 61% 233 75357 215 134%
c w 88.64 251 23 41 204 41475 1 1945283 103459 1.4 25 18 9 20 61% 233 75357 215 134%
c t 88.64 251 23 41 204 41475 1 1945283 103459 1.4 25 18 9 20 61% 232 75357 215 134%
c - 88.82 237 22 41 205 41479 1 1950473 98209 1.4 24 17 9 20 61% 232 75357 215 134%
c - 89.36 238 22 41 206 41487 1 1964791 99637 1.4 24 17 9 20 60% 232 75357 215 134%
c - 90.01 238 22 41 207 41489 1 1979143 99482 1.4 24 17 9 20 59% 232 75357 215 134%
c - 90.56 238 21 41 208 41490 1 1993531 99491 1.4 23 17 9 20 59% 232 75357 215 134%
c - 91.15 238 21 41 209 41499 1 2007955 99499 1.4 23 16 9 19 59% 232 75357 215 134%
c - 91.80 239 21 41 210 41504 1 2022412 100596 1.4 23 16 9 19 58% 232 75357 215 134%
c - 92.46 238 20 41 211 41511 1 2036903 100822 1.4 23 16 9 19 58% 232 75357 215 134%
c - 93.10 239 20 41 212 41519 1 2051429 99232 1.5 23 16 9 19 58% 232 75357 215 134%
c - 93.73 239 20 41 213 41520 1 2065990 98006 1.5 23 16 9 19 58% 232 75357 215 134%
c ] 93.89 239 20 42 213 41520 1 2070122 101209 1.5 23 16 9 19 58% 232 75357 215 134%
c { 93.89 239 15 42 213 41520 2 2070122 101209 1.4 16 11 7 12 49% 232 75357 215 134%
c
c seconds    switched      rate            size/glue  tier1    binary       remaining
c         MB   reductions     conflicts          size   tier2     irredundant
c          level     restarts        redundant      glue    trail       variables
c
c o 93.91 239 15 42 213 41559 2 2070418 101469 1.4 16 11 7 12 49% 232 75357 215 134%
c u 94.91 238 15 42 213 42646 2 2079541 109115 1.4 16 11 7 12 49% 234 75357 215 134%
c v 95.12 239 15 42 213 42646 2 2079541 109050 1.4 16 11 7 12 49% 234 75357 215 134%
c w 95.20 248 15 42 213 42646 2 2079541 108990 1.4 16 11 7 12 49% 234 75357 215 134%
c t 95.21 248 15 42 213 42646 2 2079541 108990 1.4 16 11 7 12 49% 232 75357 215 134%
c - 95.27 238 15 42 214 42665 2 2080585 96196 1.4 16 11 7 12 49% 232 75357 215 134%
c - 96.51 237 15 42 215 43950 2 2095213 93121 1.4 16 11 7 12 49% 232 75357 215 134%
c - 97.69 238 15 42 216 45120 2 2109875 89547 1.4 16 11 7 12 48% 232 75357 215 134%
c - 98.49 238 15 42 217 45325 2 2124572 87191 1.4 15 11 7 12 48% 232 75357 215 134%
c - 99.05 238 14 42 218 45347 2 2139302 87930 1.4 15 11 7 12 48% 233 75357 215 134%
c - 100.04 238 15 42 219 46464 2 2154068 90953 1.4 15 11 7 12 48% 233 75357 215 134%
c - 101.43 238 15 42 220 48576 2 2168867 96110 1.4 15 11 7 12 48% 233 75357 215 134%
c } 101.51 237 15 43 220 48649 2 2170096 96997 1.4 15 11 7 12 48% 233 75357 215 134%
c [ 101.51 237 20 43 220 48649 1 2170096 96997 1.5 23 16 9 19 58% 233 75357 215 134%
c B 101.51 237 20 43 220 48649 1 2170096 96997 1.5 23 16 9 19 58% 233 75357 215 134%
c s 101.56 239 20 43 220 48649 1 2170825 97562 1.5 23 16 9 19 58% 233 75056 215 134%
c - 101.95 238 21 43 221 48657 1 2183700 96026 1.5 23 16 9 19 59% 233 75056 215 134%
c - 102.41 238 21 43 222 48663 1 2198567 94070 1.5 24 16 9 19 61% 233 75056 215 134%
c - 102.89 238 21 43 223 48670 1 2213466 96562 1.5 24 16 9 19 62% 233 75056 215 134%
c u 103.29 238 21 43 223 48673 1 2218735 100198 1.5 24 16 9 19 62% 234 75056 215 134%
c
c seconds     switched      rate           size/glue  tier1    binary       remaining
c          MB   reductions     conflicts         size   tier2     irredundant
c           level     restarts        redundant     glue    trail       variables
c
c v 103.57 239 21 43 223 48673 1 2218735 99815 1.5 24 16 9 19 62% 234 75056 215 134%
c w 103.68 239 21 43 223 48673 1 2218735 99766 1.5 24 16 9 19 62% 234 75056 215 134%
c t 103.69 239 21 43 223 48673 1 2218735 99766 1.5 24 16 9 19 62% 233 75056 215 134%
c - 104.01 238 21 43 224 48678 1 2228400 97910 1.5 24 16 9 19 62% 233 75056 215 134%
c - 104.52 239 21 43 225 48679 1 2243367 97952 1.5 24 17 9 19 62% 233 75056 215 134%
c - 105.03 239 21 43 226 48684 1 2258368 97414 1.5 25 17 9 19 62% 233 75056 215 134%
c - 105.56 238 21 43 227 48693 1 2273401 97198 1.5 24 17 9 19 63% 233 75056 215 134%
c - 106.07 238 21 43 228 48697 1 2288468 96292 1.5 24 17 9 19 63% 233 75056 215 134%
c - 106.59 238 21 43 229 48707 1 2303567 95859 1.5 24 17 9 19 63% 233 75056 215 134%
c W 107.08 235 21 43 229 48710 1 2318285 106930 1.5 24 17 9 19 63% 233 75056 215 134%
c o 107.08 237 21 43 229 48710 1 2318285 106930 1.5 24 17 9 19 63% 233 75056 215 134%
c - 107.11 238 21 43 230 48710 1 2318700 93974 1.5 24 17 9 19 63% 233 75056 215 134%
c - 107.58 238 21 43 231 48710 1 2333867 93857 1.5 24 16 9 19 63% 233 75056 215 134%
c - 108.03 238 21 43 232 48711 1 2349067 94430 1.5 24 16 9 19 64% 233 75056 215 134%
c u 108.58 239 21 43 232 48711 1 2362928 105943 1.5 24 16 9 19 63% 234 75056 215 134%
c v 108.69 239 21 43 232 48711 1 2362928 105873 1.5 24 16 9 19 63% 234 75056 215 134%
c w 108.74 249 21 43 232 48711 1 2362928 105870 1.5 24 16 9 19 63% 234 75056 215 134%
c x 108.81 251 21 43 232 48711 1 2362928 105866 1.5 24 16 9 19 63% 234 74942 215 134%
c t 108.82 251 21 43 232 48711 1 2362928 105866 1.5 24 16 9 19 63% 233 74942 215 134%
c - 108.90 238 21 43 233 48711 1 2364300 93188 1.5 24 16 8 19 63% 233 74942 215 134%
c
c seconds     switched      rate           size/glue  tier1    binary       remaining
c          MB   reductions     conflicts         size   tier2     irredundant
c           level     restarts        redundant     glue    trail       variables
c
c - 109.52 238 21 43 234 48718 1 2379566 92369 1.5 24 16 8 19 63% 233 74942 215 134%
c - 110.09 238 20 43 235 48726 1 2394863 94953 1.5 24 16 8 19 63% 233 74942 215 134%
c - 110.68 238 20 43 236 48733 1 2410193 96018 1.5 24 16 8 19 63% 233 74942 215 134%
c ] 110.77 238 20 44 236 48734 1 2412823 98082 1.5 24 16 8 19 63% 233 74942 215 134%
c { 110.77 238 15 44 236 48734 2 2412823 98082 1.4 15 11 7 12 48% 233 74942 215 134%
c - 111.50 238 15 44 237 49200 2 2425555 96719 1.4 15 11 7 12 48% 233 74942 215 134%
c - 112.15 239 15 44 238 49513 2 2440949 95886 1.4 15 11 7 12 48% 233 74942 215 134%
c - 113.21 238 15 44 239 50554 2 2456377 97029 1.4 15 11 7 12 48% 233 74942 215 134%
c - 114.05 238 14 44 240 50787 2 2471836 98826 1.4 15 11 7 12 48% 233 74942 215 134%
c - 115.20 239 15 44 241 51976 2 2487328 101397 1.4 15 11 7 12 48% 234 74942 215 134%
c - 116.20 238 15 44 242 53207 2 2502853 104318 1.4 15 11 7 12 48% 234 74942 215 134%
c u 116.82 239 14 44 242 53223 2 2512115 110621 1.4 15 11 7 12 48% 238 74942 215 134%
c v 117.04 250 14 44 242 53223 2 2512115 110317 1.4 15 11 7 12 48% 238 74942 215 134%
c w 117.13 251 14 44 242 53223 2 2512115 110301 1.4 15 11 7 12 48% 238 74942 215 134%
c t 117.13 251 14 44 242 53223 2 2512115 110301 1.4 15 11 7 12 48% 234 74942 215 134%
c - 117.47 238 14 44 243 53533 2 2518409 105278 1.4 15 10 7 12 48% 234 74942 215 134%
c o 117.55 239 14 44 243 53553 2 2521129 107741 1.4 15 10 7 12 49% 234 74942 215 134%
c } 117.63 237 14 45 243 53661 2 2521655 108230 1.4 15 10 7 12 49% 234 74942 215 134%
c [ 117.63 237 20 45 243 53661 1 2521655 108230 1.5 24 16 8 19 63% 234 74942 215 134%
c O 117.63 237 20 45 243 53661 1 2521655 108230 1.5 24 16 8 19 63% 234 74942 215 134%
c
c seconds     switched      rate            size/glue  tier1    binary       remaining
c          MB   reductions     conflicts          size   tier2     irredundant
c           level     restarts        redundant      glue    trail       variables
c
c s 117.90 239 20 45 243 53666 1 2528976 114237 1.5 24 16 8 19 63% 234 74855 215 134%
c - 118.09 238 21 45 244 53668 1 2533997 105367 1.5 24 16 8 19 63% 234 74855 215 134%
c - 118.65 238 21 45 245 53675 1 2549617 103016 1.5 25 17 8 19 62% 234 74855 215 134%
c - 119.28 238 22 45 246 53682 1 2565272 101726 1.4 25 17 8 19 62% 234 74855 215 134%
c - 119.93 239 22 45 247 53690 1 2580957 101396 1.4 25 17 8 19 62% 234 74855 215 134%
c - 120.55 238 22 45 248 53691 1 2596673 101010 1.4 25 18 9 19 61% 234 74855 215 134%
c - 121.16 239 23 45 249 53698 1 2612422 97450 1.4 25 18 9 19 60% 234 74855 215 134%
c - 121.79 239 23 45 250 53705 1 2628203 95268 1.4 25 18 9 19 59% 234 74855 215 134%
c - 122.46 238 22 45 251 53712 1 2644014 95754 1.4 24 18 9 19 58% 234 74855 215 134%
c - 123.06 238 23 45 252 53720 1 2659856 95147 1.4 25 18 9 19 58% 234 74855 215 134%
c u 123.42 239 23 45 252 53721 1 2666341 100074 1.4 25 18 9 19 58% 236 74855 215 134%
c v 123.56 239 23 45 252 53721 1 2666341 99766 1.4 25 18 9 19 58% 236 74855 215 134%
c w 123.62 239 23 45 252 53721 1 2666341 99203 1.4 25 18 9 19 58% 236 74855 215 134%
c x 123.72 249 23 45 252 53721 1 2666341 99200 1.4 25 18 9 19 58% 236 74845 215 134%
c t 123.73 250 23 45 252 53721 1 2666341 99200 1.4 25 18 9 19 58% 234 74845 215 134%
c - 124.12 238 23 45 253 53722 1 2675730 92896 1.4 25 18 9 19 58% 234 74845 215 134%
c ] 124.46 239 23 46 253 53722 1 2683886 99043 1.4 25 18 9 19 58% 234 74845 215 134%
c { 124.46 239 14 46 253 53722 2 2683886 99043 1.4 15 10 7 12 49% 234 74845 215 134%
c - 125.17 238 14 46 254 54615 2 2691636 95842 1.4 15 11 7 12 49% 234 74845 215 134%
c - 126.68 238 15 46 255 56509 2 2707573 100071 1.4 15 11 7 12 48% 234 74845 215 134%
c
c seconds     switched      rate            size/glue  tier1    binary       remaining
c          MB   reductions     conflicts          size   tier2     irredundant
c           level     restarts        redundant      glue    trail       variables
c
c - 128.08 238 15 46 256 58198 2 2723542 101632 1.4 15 11 7 12 49% 234 74845 215 134%
c o 128.64 239 15 46 256 58608 2 2732072 108328 1.4 15 11 7 12 49% 234 74845 215 134%
c - 129.17 238 15 46 257 59126 2 2739542 103333 1.4 15 11 7 12 49% 234 74845 215 134%
c - 130.20 238 15 46 258 59952 2 2755573 105029 1.4 15 11 7 12 50% 234 74845 215 134%
c - 130.98 238 15 46 259 60471 2 2771636 106640 1.4 15 11 7 12 50% 234 74845 215 134%
c - 132.28 238 15 46 260 61949 2 2787730 109828 1.4 15 11 7 12 50% 234 74845 215 134%
c } 133.33 238 15 47 260 62929 2 2801931 121595 1.4 15 11 7 12 50% 234 74845 215 134%
c [ 133.33 238 23 47 260 62929 1 2801931 121595 1.4 25 18 9 19 58% 234 74845 215 134%
c B 133.33 238 23 47 260 62929 1 2801931 121595 1.4 25 18 9 19 58% 234 74845 215 134%
c - 133.41 238 23 47 261 62930 1 2803854 112963 1.4 25 18 9 19 58% 234 74845 215 134%
c - 133.94 239 24 47 262 62940 1 2820010 109456 1.3 25 19 9 19 59% 234 74845 215 134%
c u 134.45 240 24 47 262 62942 1 2825609 113129 1.3 25 19 9 19 59% 236 74845 215 134%
c v 134.76 254 24 47 262 62942 1 2825609 112794 1.3 25 19 9 19 59% 236 74845 215 134%
c w 134.87 255 24 47 262 62942 1 2825609 112762 1.3 25 19 9 19 59% 236 74845 215 134%
c t 134.88 255 24 47 262 62942 1 2825609 112762 1.3 25 19 9 19 59% 234 74845 215 134%
c - 135.33 239 24 47 263 62945 1 2836196 104729 1.3 25 19 9 19 59% 234 74845 215 134%
c - 136.00 239 23 47 264 62955 1 2852413 108756 1.3 25 19 9 19 59% 234 74845 215 134%
c - 136.60 239 23 47 265 62959 1 2868661 111068 1.4 25 19 9 19 60% 234 74845 215 134%
c - 137.12 239 23 47 266 62960 1 2884939 109799 1.4 25 18 9 19 61% 234 74845 215 134%
c - 137.70 239 23 47 267 62970 1 2901248 109921 1.4 25 18 9 19 61% 234 74845 215 134%
c
c seconds     switched      rate            size/glue  tier1    binary       remaining
c          MB   reductions     conflicts          size   tier2     irredundant
c           level     restarts        redundant      glue    trail       variables
c
c - 138.24 239 22 47 268 62975 1 2917588 108810 1.4 25 18 9 19 61% 234 74845 215 134%
c s 138.36 239 22 47 268 62977 1 2920890 111353 1.4 25 18 9 19 61% 234 74830 215 134%
c - 138.83 240 22 47 269 62985 1 2933959 106528 1.4 25 18 8 19 61% 234 74830 215 134%
c - 139.46 240 22 47 270 62990 1 2950360 105718 1.4 25 18 8 19 61% 234 74830 215 134%
c - 140.04 240 22 47 271 62991 1 2966791 102629 1.4 25 18 8 19 62% 234 74830 215 134%
c W 140.26 236 22 47 271 62991 1 2972025 106915 1.4 25 18 8 19 62% 234 74830 215 134%
c o 140.26 238 22 47 271 62991 1 2972025 106915 1.4 25 18 8 19 62% 234 74830 215 134%
c - 140.57 239 22 47 272 62991 1 2983255 100858 1.4 25 18 8 19 62% 234 74830 215 134%
c u 140.96 238 22 47 272 62991 1 2989966 105691 1.4 25 18 8 19 62% 237 74830 215 134%
c v 141.15 240 22 47 272 62991 1 2989966 105591 1.4 25 18 8 19 62% 237 74830 215 134%
c w 141.23 240 22 47 272 62991 1 2989966 105586 1.4 25 18 8 19 62% 237 74830 215 134%
c t 141.29 240 22 47 272 62991 1 2989966 105586 1.4 25 18 8 19 62% 234 74830 215 134%
c - 141.59 239 22 47 273 62992 1 2999747 100396 1.4 25 17 8 19 63% 234 74830 215 134%
c - 142.15 239 22 47 274 63002 1 3016271 97976 1.5 25 17 8 19 63% 234 74830 215 134%
c - 142.71 239 22 47 275 63007 1 3032824 96386 1.5 25 17 8 19 63% 234 74830 215 134%
c - 143.28 239 22 47 276 63018 1 3049407 94902 1.4 25 17 8 19 62% 234 74830 215 134%
c - 143.82 240 22 47 277 63022 1 3066021 96187 1.4 25 17 8 19 61% 234 74830 215 134%
c ] 144.18 238 22 48 277 63022 1 3078389 105986 1.4 24 17 8 19 61% 234 74830 215 134%
c { 144.18 238 15 48 277 63022 2 3078389 105986 1.4 15 11 7 12 50% 234 74830 215 134%
c - 144.66 239 15 48 278 63646 2 3082664 97496 1.4 15 11 7 12 50% 234 74830 215 134%
c
c seconds     switched      rate           size/glue  tier1    binary       remaining
c          MB   reductions     conflicts         size   tier2     irredundant
c           level     restarts        redundant     glue    trail       variables
c
c - 145.53 240 15 48 279 63858 2 3099338 97920 1.4 15 11 7 12 50% 234 74830 215 134%
c - 146.84 239 15 48 280 65234 2 3116041 99040 1.4 15 11 7 12 50% 235 74830 215 134%
c - 147.76 239 15 48 281 65682 2 3132774 102986 1.4 15 11 7 12 49% 235 74830 215 134%
c - 148.77 239 14 48 282 66414 2 3149537 105708 1.4 15 11 7 12 49% 235 74830 215 134%
c u 149.89 240 15 48 282 67820 2 3159439 113497 1.4 15 11 7 12 49% 237 74830 215 134%
c v 150.07 252 15 48 282 67820 2 3159439 113037 1.4 15 11 7 12 49% 237 74830 215 134%
c w 150.14 253 15 48 282 67820 2 3159439 113006 1.4 15 11 7 12 49% 237 74830 215 134%
c x 150.29 253 15 48 282 67820 2 3159439 113000 1.4 15 11 7 12 49% 237 74815 215 134%
c t 150.29 253 15 48 282 67820 2 3159439 113000 1.4 15 11 7 12 49% 235 74815 215 134%
c - 150.91 239 15 48 283 68483 2 3166329 109024 1.4 15 11 7 12 49% 235 74815 215 134%
c - 151.85 239 15 48 284 69040 2 3183152 113078 1.4 15 11 7 12 50% 235 74815 215 134%
c - 153.21 239 15 48 285 70301 2 3200005 114892 1.4 15 11 7 12 50% 235 74815 215 134%
c o 153.40 239 15 48 285 70472 2 3202499 117091 1.4 15 11 7 12 50% 235 74815 215 134%
c } 153.60 239 15 49 285 70543 2 3205999 119853 1.4 15 11 7 12 50% 235 74815 215 134%
c [ 153.60 239 22 49 285 70543 1 3205999 119853 1.4 24 17 8 19 61% 235 74815 215 134%
c I 153.60 239 22 49 285 70543 1 3205999 119853 1.4 24 17 8 19 61% 235 74815 215 134%
c - 153.95 240 21 49 286 70549 1 3216887 116865 1.5 24 17 8 19 61% 235 74815 215 134%
c - 154.54 239 21 49 287 70557 1 3233800 115985 1.5 24 16 8 19 60% 235 74815 215 134%
c - 155.20 240 21 49 288 70564 1 3250742 114806 1.5 24 16 8 19 59% 235 74815 215 134%
c - 155.95 239 21 49 289 70572 1 3267713 112554 1.4 24 16 8 19 59% 235 74815 215 134%
c
c seconds     switched      rate            size/glue  tier1    binary       remaining
c          MB   reductions     conflicts          size   tier2     irredundant
c           level     restarts        redundant      glue    trail       variables
c
c - 156.68 239 21 49 290 70573 1 3284713 109857 1.4 24 16 8 19 59% 235 74815 215 134%
c - 157.47 240 21 49 291 70582 1 3301742 108800 1.4 23 16 8 19 59% 235 74815 215 134%
c - 158.20 240 20 49 292 70588 1 3318800 106471 1.4 23 16 8 19 58% 235 74815 215 134%
c u 159.04 240 20 49 292 70596 1 3334052 117633 1.4 23 16 8 19 58% 238 74815 215 134%
c v 159.33 252 20 49 292 70596 1 3334052 116874 1.4 23 16 8 19 58% 238 74815 215 134%
c w 159.44 254 20 49 292 70596 1 3334052 116598 1.4 23 16 8 19 58% 238 74815 215 134%
c t 159.44 254 20 49 292 70596 1 3334052 116598 1.4 23 16 8 19 58% 235 74815 215 134%
c - 159.52 239 20 49 293 70598 1 3335889 105538 1.4 23 16 8 19 58% 235 74815 215 134%
c s 159.90 239 20 49 293 70603 1 3347527 114623 1.4 23 16 8 19 58% 235 74798 215 134%
c - 160.09 239 20 49 294 70603 1 3353007 105226 1.4 23 16 8 19 58% 235 74798 215 134%
c - 160.63 239 21 49 295 70604 1 3370153 104637 1.4 23 16 8 19 58% 235 74798 215 134%
c - 161.14 240 20 49 296 70605 1 3387328 105332 1.4 23 16 8 19 58% 235 74798 215 134%
c B 161.28 240 20 49 296 70605 1 3391333 108642 1.4 23 16 8 19 58% 235 74798 215 134%
c - 161.67 239 21 49 297 70607 1 3404532 106970 1.4 23 16 8 19 58% 235 74798 215 134%
c - 162.20 240 21 49 298 70618 1 3421767 106588 1.4 23 16 8 19 59% 235 74798 215 134%
c - 162.71 240 20 49 299 70623 1 3439030 106623 1.5 23 16 8 19 59% 235 74798 215 134%
c - 163.25 240 20 49 300 70633 1 3456323 108289 1.5 23 16 8 19 59% 235 74798 215 134%
c ] 163.67 240 20 50 300 70635 1 3468609 118280 1.5 23 16 8 19 59% 235 74798 215 134%
c { 163.67 240 15 50 300 70635 2 3468609 118280 1.4 15 11 7 12 50% 235 74798 215 134%
c o 163.67 240 15 50 300 70650 2 3468695 118345 1.4 15 11 7 12 50% 235 74798 215 134%
c
c seconds     switched      rate            size/glue  tier1    binary       remaining
c          MB   reductions     conflicts          size   tier2     irredundant
c           level     restarts        redundant      glue    trail       variables
c
c - 164.14 241 15 50 301 71175 2 3473643 108583 1.4 15 11 7 12 49% 235 74798 215 134%
c - 165.56 240 15 50 302 72459 2 3490993 107716 1.4 15 11 7 12 49% 235 74798 215 134%
c - 167.10 240 15 50 303 73531 2 3508371 106793 1.4 15 11 7 12 48% 235 74798 215 134%
c u 167.68 240 15 50 303 73774 2 3513828 109879 1.4 15 11 7 12 47% 237 74798 215 134%
c v 167.92 253 15 50 303 73774 2 3513828 109269 1.4 15 11 7 12 47% 237 74798 215 134%
c w 168.01 254 15 50 303 73774 2 3513828 109070 1.4 15 11 7 12 47% 237 74798 215 134%
c t 168.02 254 15 50 303 73774 2 3513828 109070 1.4 15 11 7 12 47% 235 74798 215 134%
c - 169.03 240 15 50 304 74244 2 3525777 105182 1.4 15 11 7 12 47% 235 74798 215 134%
c - 170.59 239 15 50 305 75153 2 3543212 105383 1.3 15 11 7 12 46% 235 74798 215 134%
c - 172.24 239 15 50 306 76144 2 3560677 106485 1.3 15 11 7 12 46% 235 74798 215 134%
c - 173.78 240 15 50 307 77016 2 3578169 106922 1.3 15 11 7 12 46% 235 74798 215 134%
c - 175.11 240 15 50 308 77732 2 3595693 107732 1.3 15 11 7 12 45% 235 74798 215 134%
c } 176.17 239 15 51 308 78272 2 3606136 115182 1.3 15 12 7 12 45% 235 74798 215 134%
c [ 176.17 239 20 51 308 78272 1 3606136 115182 1.5 23 16 8 19 59% 235 74798 215 134%
c W 176.22 237 20 51 308 78272 1 3606136 115182 1.5 23 16 8 19 59% 235 74798 215 134%
c - 176.45 240 20 51 309 78277 1 3613242 107804 1.5 23 16 8 19 59% 235 74798 215 134%
c - 177.08 240 20 51 310 78286 1 3630820 105038 1.5 23 16 8 19 60% 235 74798 215 134%
c - 177.76 240 20 51 311 78293 1 3648427 104951 1.5 23 16 8 19 60% 235 74798 215 134%
c - 178.31 240 20 51 312 78301 1 3666062 104434 1.5 23 16 8 19 60% 235 74798 215 134%
c - 178.84 240 20 51 313 78302 1 3683725 100405 1.5 23 16 8 19 61% 235 74798 215 134%
c
c seconds     switched      rate            size/glue  tier1    binary       remaining
c          MB   reductions     conflicts          size   tier2     irredundant
c           level     restarts        redundant      glue    trail       variables
c
c u 179.75 240 20 51 313 78309 1 3698798 111643 1.5 23 16 8 19 60% 238 74798 215 134%
c v 180.18 252 20 51 313 78309 1 3698798 111340 1.5 23 16 8 19 60% 238 74798 215 134%
c w 180.35 254 20 51 313 78309 1 3698798 111272 1.5 23 16 8 19 60% 238 74798 215 134%
c t 180.36 254 20 51 313 78309 1 3698798 111272 1.5 23 16 8 19 60% 235 74798 215 134%
c - 180.46 239 20 51 314 78310 1 3701417 95934 1.5 24 16 8 19 60% 235 74798 215 134%
c - 181.08 239 21 51 315 78317 1 3719138 89396 1.4 24 17 8 19 60% 235 74798 215 134%
c - 181.78 240 21 51 316 78327 1 3736886 84151 1.4 24 17 8 19 60% 235 74798 215 134%
c - 182.49 240 22 51 317 78333 1 3754662 84615 1.4 24 17 8 19 59% 235 74798 215 134%
c - 183.12 239 22 51 318 78334 1 3772466 86866 1.4 24 17 8 19 59% 235 74798 215 134%
c - 183.78 240 21 51 319 78334 1 3790299 90082 1.4 24 17 8 19 59% 235 74798 215 134%
c O 184.45 239 21 51 319 78337 1 3807204 103125 1.4 24 17 8 19 58% 235 74798 215 134%
c o 184.46 240 21 51 319 78337 1 3807204 103125 1.4 24 17 8 19 58% 235 74798 215 134%
c - 184.52 239 21 51 320 78338 1 3808161 91293 1.4 24 17 8 19 58% 235 74798 215 134%
c s 184.75 240 21 51 320 78340 1 3809792 92454 1.4 23 17 8 19 58% 235 74596 215 134%
c - 185.44 240 20 51 321 78348 1 3826051 92365 1.4 23 16 8 19 57% 235 74596 215 134%
c - 186.12 239 20 51 322 78355 1 3843967 91720 1.4 22 16 8 19 55% 235 74596 215 134%
c - 186.85 239 19 51 323 78364 1 3861913 92098 1.4 21 15 8 19 54% 235 74596 215 134%
c - 187.55 240 19 51 324 78365 1 3879886 93444 1.4 21 15 8 19 55% 235 74596 215 134%
c u 188.03 240 19 51 324 78368 1 3888981 100453 1.4 21 15 8 19 55% 237 74596 215 134%
c v 188.21 240 19 51 324 78368 1 3888981 96803 1.4 21 15 8 19 55% 237 74596 215 134%
c
c seconds     switched      rate           size/glue  tier1    binary       remaining
c          MB   reductions     conflicts         size   tier2     irredundant
c           level     restarts        redundant     glue    trail       variables
c
c w 188.29 240 19 51 324 78368 1 3888981 94484 1.4 21 15 8 19 55% 237 74596 215 134%
c x 188.41 250 19 51 324 78368 1 3888981 94454 1.4 21 15 8 19 55% 237 74396 215 134%
c t 188.41 250 19 51 324 78368 1 3888981 94454 1.4 21 15 8 19 55% 235 74396 215 134%
c - 188.76 240 19 51 325 78372 1 3897886 90754 1.4 21 15 8 19 55% 235 74396 215 134%
c - 189.42 239 19 51 326 78380 1 3915914 92969 1.4 21 15 8 19 55% 235 74396 215 134%
c - 190.14 241 19 51 327 78390 1 3933970 94796 1.4 21 15 8 19 55% 235 74396 215 134%
c - 190.83 239 19 51 328 78396 1 3952057 94110 1.4 22 15 8 19 55% 235 74396 215 134%
c ] 191.54 240 20 52 328 78397 1 3969525 108630 1.4 22 16 8 19 56% 235 74396 215 134%
c { 191.54 240 15 52 328 78397 2 3969525 108630 1.3 15 12 7 12 45% 235 74396 215 134%
c - 191.63 240 15 52 329 78530 2 3970167 91422 1.3 15 12 7 12 45% 235 74396 215 134%
c - 192.55 241 15 52 330 79131 2 3988305 93164 1.3 15 11 7 12 46% 235 74396 215 134%
c - 193.29 240 15 52 331 79242 2 4006472 93567 1.4 15 11 7 12 47% 235 74396 215 134%
c - 194.45 241 14 52 332 80208 2 4024665 95064 1.4 15 11 7 12 48% 235 74396 215 134%
c - 195.18 239 14 52 333 80232 2 4042887 97839 1.4 15 11 7 12 48% 235 74396 215 134%
c - 195.90 237 14 52 334 80434 1 4061135 100482 1.4 14 10 7 12 49% 236 74396 215 134%
c o 196.57 240 14 52 334 81136 2 4070550 107910 1.4 15 10 7 12 49% 236 74396 215 134%
c - 197.18 240 14 52 335 81717 2 4079410 104107 1.4 14 10 7 12 49% 237 74396 215 134%
c u 197.88 240 14 52 335 82322 2 4084424 107215 1.4 14 10 7 12 49% 248 74396 215 134%
c v 198.16 240 14 52 335 82322 2 4084424 106673 1.4 14 10 7 12 49% 248 74396 215 134%
c w 198.25 240 14 52 335 82322 2 4084424 106621 1.4 14 10 7 12 49% 248 74396 215 134%
c
c seconds     switched      rate            size/glue  tier1    binary       remaining
c          MB   reductions     conflicts          size   tier2     irredundant
c           level     restarts        redundant      glue    trail       variables
c
c t 198.26 240 14 52 335 82322 2 4084424 106621 1.4 14 10 7 12 49% 236 74396 215 134%
c - 199.20 239 14 52 336 83565 2 4097715 108068 1.4 15 11 7 12 49% 236 74396 215 134%
c - 200.37 240 14 52 337 84564 2 4116046 112190 1.4 15 11 7 12 49% 236 74396 215 134%
c } 200.42 241 14 53 337 84564 2 4117315 113148 1.4 15 11 7 12 49% 236 74396 215 134%
c [ 200.42 241 20 53 337 84564 1 4117315 113148 1.4 22 16 8 19 56% 236 74396 215 134%
c B 200.42 241 20 53 337 84564 1 4117315 113148 1.4 22 16 8 19 56% 236 74396 215 134%
c - 201.09 239 20 53 338 84574 1 4134403 111833 1.4 22 16 8 19 56% 236 74396 215 134%
c - 201.73 240 21 53 339 84581 1 4152788 110439 1.4 23 16 8 19 57% 236 74396 215 134%
c - 202.45 240 21 53 340 84592 1 4171199 110426 1.4 23 17 8 19 58% 236 74396 215 134%
c - 203.20 239 22 53 341 84594 1 4189638 111602 1.4 24 17 8 19 58% 236 74396 215 134%
c - 203.89 240 22 53 342 84601 1 4208105 113469 1.4 24 17 8 19 59% 236 74396 215 134%
c - 204.63 240 22 53 343 84609 1 4226599 114971 1.4 24 17 8 19 59% 236 74396 215 134%
c - 205.38 240 21 53 344 84617 1 4245120 116237 1.4 24 17 8 19 59% 236 74396 215 134%
c - 206.18 240 22 53 345 84624 1 4263667 114834 1.4 24 17 8 19 59% 236 74396 215 134%
c - 207.06 240 22 53 346 84626 1 4282242 114352 1.4 24 17 8 19 59% 236 74396 215 134%
c u 207.40 241 21 53 346 84626 1 4285132 116202 1.4 24 17 8 19 59% 237 74396 215 134%
c v 207.59 252 21 53 346 84626 1 4285132 116098 1.4 24 17 8 19 59% 237 74396 215 134%
c w 207.68 254 21 53 346 84626 1 4285132 116023 1.4 24 17 8 19 59% 237 74396 215 134%
c x 207.82 254 21 53 346 84626 1 4285132 116003 1.4 24 17 8 19 59% 237 74178 215 134%
c t 207.83 254 21 53 346 84626 1 4285132 116003 1.4 24 17 8 19 59% 236 74178 215 134%
c
c seconds     switched      rate            size/glue  tier1    binary       remaining
c          MB   reductions     conflicts          size   tier2     irredundant
c           level     restarts        redundant      glue    trail       variables
c
c - 208.62 249 21 53 347 84626 1 4300847 116221 1.4 24 17 8 19 59% 236 74178 215 134%
c s 209.24 249 21 53 347 84626 1 4308585 122258 1.4 24 17 8 19 59% 236 73737 215 134%
c - 209.65 248 21 53 348 84630 1 4319474 118727 1.4 24 17 8 19 59% 236 73737 215 134%
c W 210.15 245 21 53 348 84639 1 4334597 131454 1.4 24 17 8 19 60% 236 73737 215 134%
c ] 210.17 247 21 54 348 84640 1 4335050 131819 1.4 24 17 8 19 60% 236 73737 215 134%
c { 210.17 247 14 54 348 84640 2 4335050 131819 1.4 15 11 7 12 49% 236 73737 215 134%
c - 210.34 249 14 54 349 84653 2 4338129 120039 1.4 15 11 7 12 49% 236 73737 215 134%
c o 210.47 248 14 54 349 84677 2 4340746 122441 1.4 15 11 7 12 50% 236 73737 215 134%
c - 211.21 248 14 54 350 84760 2 4356811 123467 1.5 15 10 7 12 51% 236 73737 215 134%
c - 212.28 249 13 54 351 84818 2 4375522 126759 1.5 15 10 7 12 51% 236 73737 215 134%
c - 213.19 249 13 54 352 84818 1 4394256 130718 1.6 15 10 7 12 51% 236 73737 215 134%
c - 214.10 249 13 54 353 84818 1 4413018 118387 1.6 15 9 6 12 51% 236 73737 215 134%
c - 215.09 249 13 54 354 84981 1 4431808 117479 1.6 15 9 6 12 51% 236 73737 215 134%
c - 215.96 248 12 54 355 85127 1 4450623 120869 1.7 15 9 6 12 52% 236 73737 215 134%
c - 216.82 249 12 54 356 85156 1 4469464 123543 1.7 15 9 6 12 52% 236 73737 215 134%
c - 217.72 249 12 54 357 85451 1 4488331 125887 1.7 15 9 6 12 53% 237 73737 215 134%
c u 218.11 247 12 54 357 85464 1 4491141 127370 1.7 15 9 6 12 53% 242 73737 215 134%
c v 218.34 248 12 54 357 85464 1 4491141 126987 1.7 15 9 6 12 53% 243 73737 215 134%
c w 218.42 249 12 54 357 85464 1 4491141 126947 1.7 15 9 6 12 53% 243 73737 215 134%
c x 218.60 257 12 54 357 85464 1 4491141 126900 1.7 15 9 6 12 53% 243 73227 215 134%
c
c seconds     switched      rate            size/glue tier1    binary       remaining
c          MB   reductions     conflicts          size  tier2     irredundant
c           level     restarts        redundant     glue    trail       variables
c
c t 218.60 258 12 54 357 85464 1 4491141 126900 1.7 15 9 6 12 53% 237 73227 215 134%
c } 218.73 248 12 55 357 85468 1 4493445 129012 1.7 15 9 6 12 53% 237 73227 215 134%
c [ 218.73 248 21 55 357 85468 1 4493445 129012 1.4 24 17 8 19 60% 237 73227 215 134%
c - 219.28 257 20 55 358 85476 1 4507226 129119 1.5 23 16 8 19 60% 237 73227 215 134%
c - 220.25 257 19 55 359 85482 1 4526151 132131 1.5 22 15 8 19 58% 237 73227 215 134%
c - 221.17 257 18 55 360 85495 1 4545099 134124 1.5 21 14 8 19 57% 237 73227 215 134%
c I 221.88 256 17 55 360 85498 1 4560163 146204 1.5 20 14 8 19 56% 237 73227 215 134%
c - 222.03 257 17 55 361 85498 1 4564073 136782 1.5 20 14 8 19 57% 237 73227 215 134%
c - 222.81 257 17 55 362 85504 1 4583073 138366 1.5 21 14 8 19 57% 237 73227 215 134%
c - 223.60 258 18 55 363 85513 1 4602100 136551 1.5 21 14 8 19 57% 237 73227 215 134%
c - 224.28 274 19 55 364 85521 1 4621153 133250 1.5 22 14 8 19 57% 237 73227 215 134%
c - 225.05 274 19 55 365 85528 1 4640232 127481 1.5 22 15 8 19 58% 237 73227 215 134%
c - 225.75 274 19 55 366 85530 1 4659338 124955 1.5 22 15 8 19 58% 237 73227 215 134%
c - 226.41 274 20 55 367 85530 1 4678470 123939 1.5 23 16 8 19 58% 237 73227 215 134%
c ] 226.91 273 20 56 367 85531 1 4691432 134071 1.5 23 16 8 19 58% 237 73227 215 134%
c { 226.91 273 12 56 367 85531 1 4691432 134071 1.7 15 9 6 12 53% 237 73227 215 134%
c o 226.91 274 12 56 367 85536 1 4691459 134095 1.7 15 9 6 12 53% 237 73227 215 134%
c - 227.55 274 12 56 368 86540 1 4697628 123684 1.6 15 9 6 12 53% 237 73227 215 134%
c u 228.13 274 12 56 368 87106 1 4702521 126821 1.6 15 9 6 12 53% 246 73227 215 134%
c v 228.37 285 12 56 368 87106 1 4702521 126753 1.6 15 9 6 12 53% 246 73227 215 134%
c
c seconds     switched      rate            size/glue tier1    binary       remaining
c          MB   reductions     conflicts          size  tier2     irredundant
c           level     restarts        redundant     glue    trail       variables
c
c w 228.45 286 12 56 368 87106 1 4702521 126631 1.6 15 9 6 12 53% 246 73227 215 134%
c x 228.61 288 12 56 368 87106 1 4702521 126613 1.6 15 9 6 12 53% 246 73073 215 134%
c t 228.61 288 12 56 368 87106 1 4702521 126613 1.6 15 9 6 12 53% 237 73073 215 134%
c - 229.63 274 13 56 369 88270 1 4716811 125462 1.6 15 9 6 12 52% 237 73073 215 134%
c - 231.04 274 13 56 370 90174 2 4736021 125203 1.6 15 9 6 12 52% 238 73073 215 134%
c - 232.49 274 13 56 371 92167 2 4755256 127777 1.5 15 10 6 12 52% 238 73073 215 134%
c - 234.11 274 14 56 372 93962 2 4774518 130873 1.5 15 10 6 12 52% 239 73073 215 134%
c - 235.75 274 14 56 373 95843 2 4793805 133584 1.5 15 10 6 12 51% 239 73073 215 134%
c - 237.34 274 14 56 374 97594 2 4813118 136091 1.4 15 10 6 12 51% 239 73073 215 134%
c - 239.00 274 14 56 375 99200 2 4832457 138164 1.4 15 10 6 12 50% 239 73073 215 134%
c s 240.28 274 14 56 375 99952 2 4844884 148106 1.4 15 10 6 12 50% 239 73036 215 134%
c - 240.73 274 14 56 376 100191 2 4851822 140291 1.4 15 10 6 12 51% 239 73036 215 134%
c } 241.13 274 14 57 376 100274 2 4860774 147117 1.4 15 10 6 12 51% 239 73036 215 134%
c [ 241.13 274 20 57 376 100274 1 4860774 147117 1.5 23 16 8 19 58% 239 73036 215 134%
c B 241.13 274 20 57 376 100274 1 4860774 147117 1.5 23 16 8 19 58% 239 73036 215 134%
c - 241.48 274 20 57 377 100280 1 4871212 139036 1.5 23 16 8 19 59% 239 73036 215 134%
c - 242.19 274 21 57 378 100288 1 4890629 135022 1.4 24 17 8 19 59% 239 73036 215 134%
c - 242.85 274 22 57 379 100299 1 4910072 133794 1.4 24 17 8 19 60% 239 73036 215 134%
c u 243.50 284 22 57 379 100303 1 4919228 140096 1.4 24 17 8 19 61% 241 73036 215 134%
c v 243.81 288 22 57 379 100303 1 4919228 139694 1.4 24 17 8 19 61% 241 73036 215 134%
c
c seconds     switched       rate            size/glue  tier1    binary       remaining
c          MB   reductions      conflicts          size   tier2     irredundant
c           level      restarts        redundant      glue    trail       variables
c
c w 243.95 289 22 57 379 100303 1 4919228 139568 1.4 24 17 8 19 61% 241 73036 215 134%
c x 244.18 290 22 57 379 100303 1 4919228 139557 1.4 24 17 8 19 61% 241 72948 215 134%
c t 245.19 295 22 57 379 100303 1 4919228 139557 1.4 24 17 8 19 61% 238 72948 215 134%
c - 245.56 280 22 57 380 100304 1 4929539 131415 1.4 25 18 8 19 61% 238 72948 215 134%
c - 246.25 280 22 57 381 100309 1 4949034 132534 1.4 25 18 8 19 61% 238 72948 215 134%
c - 247.04 280 22 57 382 100319 1 4968553 133685 1.4 25 18 8 19 60% 238 72948 215 134%
c - 247.76 280 22 57 383 100327 1 4988097 133758 1.4 24 17 8 19 60% 238 72948 215 134%
c - 248.48 280 22 57 384 100334 1 5007667 130350 1.4 24 17 8 19 60% 238 72948 215 134%
c - 249.14 280 22 57 385 100336 1 5027263 124168 1.4 25 18 8 19 60% 238 72948 215 134%
c - 249.74 280 22 57 386 100336 1 5046884 119227 1.4 25 18 8 19 60% 238 72948 215 134%
c - 250.45 280 22 57 387 100343 1 5066531 116951 1.4 24 18 8 19 59% 238 72948 215 134%
c - 251.24 280 22 57 388 100351 1 5086206 116911 1.4 24 17 8 19 59% 238 72948 215 134%
c W 251.88 277 22 57 388 100359 1 5103255 130485 1.4 24 17 8 19 59% 238 72948 215 134%
c o 251.88 279 22 57 388 100359 1 5103255 130485 1.4 24 17 8 19 59% 238 72948 215 134%
c - 252.00 280 22 57 389 100361 1 5105905 113735 1.4 24 17 8 19 59% 238 72948 215 134%
c - 252.85 280 22 57 390 100367 1 5125628 111828 1.4 24 17 8 19 59% 238 72948 215 134%
c u 253.75 293 22 57 390 100369 1 5141310 124338 1.4 24 17 8 19 58% 238 72948 215 134%
c v 254.01 295 22 57 390 100369 1 5141310 124196 1.4 24 17 8 19 58% 238 72948 215 134%
c w 254.12 296 22 57 390 100369 1 5141310 124107 1.4 24 17 8 19 58% 238 72948 215 134%
c - 254.32 280 22 57 391 100372 1 5145376 109842 1.4 24 17 8 19 58% 238 72948 215 134%
c
c seconds     switched       rate            size/glue  tier1    binary       remaining
c          MB   reductions      conflicts          size   tier2     irredundant
c           level      restarts        redundant      glue    trail       variables
c
c - 255.19 280 22 57 392 100382 1 5165149 109353 1.4 24 17 8 19 58% 238 72948 215 134%
c - 255.97 280 22 57 393 100389 1 5184947 109238 1.4 24 17 8 19 57% 238 72948 215 134%
c - 256.74 280 21 57 394 100397 1 5204771 109863 1.4 24 17 8 19 57% 238 72948 215 134%
c ] 257.38 279 21 58 394 100398 1 5221840 123347 1.4 23 17 8 19 57% 238 72948 215 134%
c { 257.38 279 14 58 394 100398 2 5221840 123347 1.4 15 10 6 12 51% 238 72948 215 134%
c - 257.70 286 14 58 395 100825 2 5224621 111934 1.4 15 10 6 12 51% 238 72948 215 134%
c - 259.33 287 15 58 396 102424 2 5244495 114165 1.4 15 11 6 12 51% 238 72948 215 134%
c - 260.89 286 15 58 397 103647 2 5264395 113713 1.4 15 11 6 12 51% 238 72948 215 134%
c - 262.06 286 15 58 398 104290 2 5284320 114820 1.4 15 11 6 12 51% 238 72948 215 134%
c - 263.25 285 15 58 399 105134 2 5304269 116210 1.5 15 11 6 12 51% 239 72948 215 134%
c - 264.80 286 15 58 400 106715 2 5324246 117588 1.4 16 11 6 12 51% 239 72948 215 134%
c - 265.86 286 15 58 401 107219 2 5344246 117907 1.5 16 11 6 12 52% 239 72948 215 134%
c - 267.10 286 15 58 402 107770 2 5364271 116941 1.5 16 11 6 12 51% 239 72948 215 134%
c u 267.78 298 15 58 402 108182 2 5368763 120210 1.5 16 11 6 12 51% 239 72948 215 134%
c v 268.07 299 15 58 402 108182 2 5368763 119321 1.5 16 11 6 12 51% 239 72948 215 134%
c w 268.18 300 15 58 402 108182 2 5368763 119253 1.5 16 11 6 12 51% 239 72948 215 134%
c x 268.39 300 15 58 402 108182 2 5368763 119250 1.5 16 11 6 12 51% 239 72556 215 134%
c - 269.37 286 15 58 403 108914 2 5384321 115747 1.5 15 11 6 12 51% 239 72556 215 134%
c } 270.51 286 15 59 403 109757 2 5402470 130866 1.5 16 11 6 12 51% 239 72556 215 134%
c [ 270.51 286 21 59 403 109757 1 5402470 130866 1.4 23 17 8 19 57% 239 72556 215 134%
c
c seconds     switched       rate            size/glue  tier1    binary       remaining
c          MB   reductions      conflicts          size   tier2     irredundant
c           level      restarts        redundant      glue    trail       variables
c
c O 270.51 286 21 59 403 109757 1 5402470 130866 1.4 23 17 8 19 57% 239 72556 215 134%
c - 270.64 286 21 59 404 109758 1 5404395 117618 1.4 23 17 8 19 57% 239 72556 215 134%
c o 270.77 285 21 59 404 109760 1 5406599 119305 1.4 23 17 8 19 56% 239 72556 215 134%
c s 271.28 286 21 59 404 109767 1 5419488 129766 1.4 23 17 8 19 57% 239 72507 215 134%
c - 271.48 286 21 59 405 109770 1 5424495 117223 1.4 23 17 8 19 57% 239 72507 215 134%
c - 272.27 285 21 59 406 109778 1 5444619 116141 1.4 23 17 8 19 57% 239 72507 215 134%
c - 273.12 285 21 59 407 109786 1 5464768 114985 1.4 23 16 8 19 56% 239 72507 215 134%
c - 274.00 285 20 59 408 109788 1 5484946 114526 1.4 22 16 8 18 55% 239 72507 215 134%
c - 274.86 285 20 59 409 109800 1 5505145 115271 1.4 22 16 8 18 55% 239 72507 215 134%
c - 275.79 285 20 59 410 109808 1 5525369 115837 1.4 22 16 8 18 54% 239 72507 215 134%
c - 276.92 286 19 59 411 109817 1 5545617 118083 1.4 21 15 8 18 53% 239 72507 215 134%
c - 277.75 286 19 59 412 109818 1 5565892 118396 1.4 22 15 8 18 53% 239 72507 215 134%
c - 278.59 286 19 59 413 109819 1 5586190 116028 1.4 22 15 8 18 54% 239 72507 215 134%
c u 279.44 299 19 59 413 109821 1 5601633 127215 1.4 22 15 8 18 54% 239 72507 215 134%
c v 279.71 302 19 59 413 109821 1 5601633 126819 1.4 22 15 8 18 54% 239 72507 215 134%
c w 279.82 302 19 59 413 109821 1 5601633 126725 1.4 22 15 8 18 54% 239 72507 215 134%
c x 280.00 302 19 59 413 109821 1 5601633 126724 1.4 22 15 8 18 54% 239 72507 215 134%
c - 280.25 285 19 59 414 109825 1 5606512 115046 1.4 22 15 8 18 54% 239 72507 215 134%
c - 281.16 285 19 59 415 109834 1 5626858 116762 1.4 21 15 8 18 54% 239 72507 215 134%
c - 282.09 285 19 59 416 109844 1 5647232 117596 1.4 21 15 8 18 53% 239 72507 215 134%
c
c seconds     switched       rate            size/glue  tier1    binary       remaining
c          MB   reductions      conflicts          size   tier2     irredundant
c           level      restarts        redundant      glue    trail       variables
c
c B 282.74 286 18 59 416 109849 1 5662320 129495 1.4 21 15 8 18 53% 239 72507 215 134%
c - 282.92 285 19 59 417 109850 1 5667629 117945 1.4 21 15 8 18 54% 239 72507 215 134%
c ] 283.48 285 20 60 417 109853 1 5684341 131399 1.4 22 16 8 18 55% 239 72507 215 134%
c { 283.48 285 15 60 417 109853 2 5684341 131399 1.5 16 11 6 12 51% 239 72507 215 134%
c - 283.81 285 15 60 418 110152 2 5688051 113716 1.5 16 11 6 12 51% 239 72507 215 134%
c - 285.46 285 15 60 419 111467 2 5708497 114126 1.5 16 11 6 12 51% 239 72507 215 134%
c o 286.06 286 15 60 419 111846 2 5717541 121322 1.5 16 11 6 12 51% 239 72507 215 134%
c - 286.78 286 15 60 420 112268 2 5728966 117660 1.5 16 11 6 12 51% 239 72507 215 134%
c - 287.65 286 14 60 421 112406 2 5749459 118719 1.5 15 10 6 12 52% 241 72507 215 134%
c - 288.55 286 14 60 422 112507 2 5769978 120249 1.5 15 10 6 12 53% 243 72507 215 134%
c i 288.69 286 13 60 422 112507 2 5773280 122224 1.5 15 10 6 12 53% 254 72507 209 130%
c - 289.72 287 13 60 423 113196 2 5790521 91719 1.5 14 10 6 12 52% 221 72507 209 130%
c - 291.37 285 14 60 424 115234 2 5811087 105183 1.4 15 10 6 12 52% 221 72507 209 130%
c - 292.91 286 14 60 425 116709 2 5831680 112243 1.4 15 10 6 12 51% 221 72507 209 130%
c u 293.83 298 14 60 425 116974 2 5839924 117334 1.4 15 10 6 12 51% 221 72507 209 130%
c v 294.22 300 14 60 425 116974 2 5839924 116276 1.4 15 10 6 12 51% 221 72507 209 130%
c w 294.37 300 14 60 425 116974 2 5839924 116215 1.4 15 10 6 12 51% 221 72507 209 130%
c - 295.52 285 14 60 426 118137 2 5852295 113299 1.4 15 11 6 12 51% 221 72507 209 130%
c - 297.26 285 15 60 427 119790 2 5872934 114779 1.4 15 11 6 12 50% 221 72507 209 130%
c } 297.43 285 15 61 427 119808 2 5876594 117325 1.4 15 11 6 12 50% 221 72507 209 130%
c
c seconds     switched       rate            size/glue  tier1    binary       remaining
c          MB   reductions      conflicts          size   tier2     irredundant
c           level      restarts        redundant      glue    trail       variables
c
c [ 297.43 285 20 61 427 119808 1 5876594 117325 1.4 22 16 8 18 55% 221 72507 209 130%
c - 298.10 285 19 61 428 119818 1 5893597 115411 1.4 21 15 8 18 54% 221 72507 209 130%
c - 298.99 285 18 61 429 119826 1 5914285 114683 1.4 20 14 8 18 53% 221 72507 209 130%
c W 299.81 282 18 61 429 119836 1 5931021 127941 1.4 20 14 8 18 54% 221 72507 209 130%
c - 299.96 286 18 61 430 119837 1 5934997 116358 1.4 20 14 8 18 54% 221 72507 209 130%
c - 300.66 286 20 61 431 119838 1 5955733 110306 1.4 22 16 8 18 56% 221 72507 209 130%
c - 301.37 286 21 61 432 119850 1 5976496 101752 1.4 23 17 8 18 57% 221 72507 209 130%
c - 302.15 287 22 61 433 119858 1 5997281 102085 1.4 24 17 8 18 58% 221 72507 209 130%
c - 302.89 286 22 61 434 119868 1 6018090 104082 1.4 25 17 8 18 58% 221 72507 209 130%
c s 303.47 286 22 61 434 119869 1 6033213 115738 1.4 25 17 8 18 58% 221 72502 209 130%
c - 303.72 286 22 61 435 119869 1 6038924 103610 1.4 25 18 8 18 59% 221 72502 209 130%
c - 304.60 285 22 61 436 119870 1 6059780 104931 1.4 25 18 8 18 59% 221 72502 209 130%
c - 305.48 286 22 61 437 119876 1 6080660 106602 1.4 25 18 8 18 59% 221 72502 209 130%
c u 305.81 298 22 61 437 119877 1 6083660 108364 1.4 25 18 8 18 59% 221 72502 209 130%
c v 306.07 299 22 61 437 119877 1 6083660 108130 1.4 25 18 8 18 59% 221 72502 209 130%
c w 306.18 300 22 61 437 119877 1 6083660 108083 1.4 25 18 8 18 59% 221 72502 209 130%
c x 306.35 300 22 61 437 119877 1 6083660 108071 1.4 25 18 8 18 59% 221 72314 209 130%
c o 306.36 300 22 61 437 119877 1 6083660 108071 1.4 25 18 8 18 59% 221 72314 209 130%
c - 306.94 286 23 61 438 119885 1 6101564 105538 1.4 25 18 8 18 60% 221 72314 209 130%
c - 307.67 286 23 61 439 119895 1 6122493 102583 1.4 25 18 8 18 60% 221 72314 209 130%
c
c seconds     switched       rate            size/glue  tier1    binary       remaining
c          MB   reductions      conflicts          size   tier2     irredundant
c           level      restarts        redundant      glue    trail       variables
c
c - 308.57 286 23 61 440 119901 1 6143446 103684 1.4 25 18 8 18 59% 221 72314 209 130%
c - 309.42 286 23 61 441 119908 1 6164423 108062 1.4 25 18 8 18 59% 221 72314 209 130%
c - 310.28 286 23 61 442 119916 1 6185423 108286 1.4 25 18 8 18 58% 221 72314 209 130%
c - 311.18 285 23 61 443 119928 1 6206446 106758 1.4 25 18 8 18 58% 221 72314 209 130%
c ] 311.21 286 23 62 443 119928 1 6206991 107215 1.4 25 18 8 18 58% 221 72314 209 130%
c { 311.21 286 15 62 443 119928 2 6206991 107215 1.4 15 11 6 12 50% 221 72314 209 130%
c - 312.74 286 15 62 444 121093 2 6227495 111412 1.4 15 11 6 12 50% 221 72314 209 130%
c - 314.27 286 15 62 445 122156 2 6248566 115584 1.4 15 11 6 12 50% 221 72314 209 130%
c - 315.80 285 15 62 446 123232 2 6269662 118631 1.4 15 11 6 12 50% 221 72314 209 130%
c - 317.30 286 15 62 447 124379 2 6290780 120418 1.4 15 11 6 12 50% 221 72314 209 130%
c - 318.55 285 15 62 448 125161 2 6311923 123079 1.4 15 11 6 12 50% 221 72314 209 130%
c u 319.75 300 14 62 448 125371 2 6332856 137234 1.4 15 10 6 12 50% 221 72314 209 130%
c v 320.01 301 14 62 448 125371 2 6332856 130975 1.4 15 10 6 12 50% 221 72314 209 130%
c w 320.11 302 14 62 448 125371 2 6332856 130900 1.4 15 10 6 12 50% 221 72314 209 130%
c x 320.33 302 14 62 448 125371 2 6332856 130898 1.4 15 10 6 12 50% 221 71913 209 130%
c - 320.39 286 14 62 449 125409 2 6333089 116692 1.4 15 10 6 12 50% 221 71913 209 130%
c - 322.29 286 15 62 450 127527 2 6354278 107904 1.4 15 11 5 12 50% 222 71913 209 130%
c - 323.48 286 14 62 451 128110 2 6375492 110089 1.4 15 11 5 12 50% 222 71913 209 130%
c - 324.68 286 14 62 452 128549 2 6396728 110773 1.4 15 10 5 12 50% 222 71913 209 130%
c } 325.73 287 14 63 452 129519 2 6411202 122465 1.4 15 10 5 12 50% 222 71913 209 130%
c
c seconds     switched       rate            size/glue  tier1    binary       remaining
c          MB   reductions      conflicts          size   tier2     irredundant
c           level      restarts        redundant      glue    trail       variables
c
c [ 325.73 287 23 63 452 129519 1 6411202 122465 1.4 25 18 8 18 58% 222 71913 209 130%
c I 325.73 287 23 63 452 129519 1 6411202 122465 1.4 25 18 8 18 58% 222 71913 209 130%
c - 326.07 286 22 63 453 129524 1 6417990 111995 1.4 24 18 8 18 57% 222 71913 209 130%
c - 327.10 286 21 63 454 129533 1 6439277 112851 1.4 23 17 8 18 56% 222 71913 209 130%
c o 327.28 286 21 63 454 129534 1 6444148 116935 1.4 23 17 8 18 56% 222 71913 209 130%
c - 327.83 286 21 63 455 129543 1 6460584 113278 1.4 23 16 8 18 56% 222 71913 209 130%
c - 328.56 286 21 63 456 129549 1 6481914 112706 1.4 23 16 8 18 56% 222 71913 209 130%
c - 329.30 286 20 63 457 129556 1 6503271 113066 1.5 23 16 8 18 57% 222 71913 209 130%
c - 330.10 285 20 63 458 129564 1 6524649 114356 1.5 23 15 8 18 57% 222 71913 209 130%
c - 330.83 286 20 63 459 129577 1 6546049 112830 1.5 23 15 8 18 58% 222 71913 209 130%
c - 331.60 286 20 63 460 129580 1 6567474 110668 1.5 23 15 8 18 58% 222 71913 209 130%
c u 332.55 286 20 63 460 129581 1 6587576 125986 1.5 23 15 8 18 58% 223 71913 209 130%
c v 332.85 297 20 63 460 129581 1 6587576 125551 1.5 23 15 8 18 58% 223 71913 209 130%
c w 332.97 300 20 63 460 129581 1 6587576 125543 1.5 23 15 8 18 58% 223 71913 209 130%
c x 333.16 300 20 63 460 129581 1 6587576 125537 1.5 23 15 8 18 58% 223 71748 209 130%
c t 333.16 300 20 63 460 129581 1 6587576 125537 1.5 23 15 8 18 58% 221 71748 209 130%
c - 333.23 285 20 63 461 129581 1 6588921 111855 1.5 23 15 8 18 58% 221 71748 209 130%
c - 333.98 286 19 63 462 129583 1 6610393 114764 1.5 23 15 8 18 58% 221 71748 209 130%
c - 334.83 286 19 63 463 129595 1 6631890 114907 1.5 22 15 8 18 58% 221 71748 209 130%
c - 335.71 286 19 63 464 129603 1 6653407 115696 1.5 22 14 8 18 58% 221 71748 209 130%
c
c seconds     switched       rate            size/glue  tier1    binary       remaining
c          MB   reductions      conflicts          size   tier2     irredundant
c           level      restarts        redundant      glue    trail       variables
c
c - 336.44 286 19 63 465 129612 1 6674947 114836 1.5 22 14 8 18 59% 221 71748 209 130%
c s 337.23 286 18 63 465 129612 1 6686755 123665 1.5 22 14 8 18 59% 221 71213 209 130%
c - 337.57 285 18 63 466 129617 1 6696510 115207 1.5 22 14 8 18 60% 221 71213 209 130%
c B 337.62 285 18 63 466 129618 1 6697935 116375 1.5 22 14 8 18 60% 221 71213 209 130%
c - 338.32 286 19 63 467 129627 1 6718097 112208 1.5 22 15 8 18 59% 221 71213 209 130%
c - 339.10 286 20 63 468 129637 1 6739707 105253 1.4 23 16 8 18 58% 221 71213 209 130%
c - 339.89 286 20 63 469 129643 1 6761340 104845 1.4 23 16 8 18 58% 221 71213 209 130%
c - 340.63 286 21 63 470 129644 1 6782998 105206 1.4 23 17 8 18 58% 221 71213 209 130%
c ] 341.39 285 21 64 470 129644 1 6803354 119903 1.4 24 17 8 18 58% 221 71213 209 130%
c { 341.39 285 14 64 470 129644 2 6803354 119903 1.4 15 10 5 12 50% 221 71213 209 130%
c o 341.40 287 14 64 470 129656 2 6803432 119972 1.4 15 10 5 12 50% 221 71213 209 130%
c - 341.53 287 14 64 471 129785 2 6804677 104161 1.4 15 11 5 12 50% 221 71213 209 130%
c - 342.65 286 14 64 472 130246 2 6826379 110197 1.4 15 10 5 12 50% 221 71213 209 130%
c u 344.06 286 14 64 472 131061 2 6847804 125740 1.4 15 10 5 12 50% 229 71213 209 130%
c v 344.29 296 14 64 472 131061 2 6847804 125535 1.4 15 10 5 12 50% 229 71213 209 130%
c w 344.38 297 14 64 472 131061 2 6847804 125253 1.4 15 10 5 12 50% 229 71213 209 130%
c x 344.55 298 14 64 472 131061 2 6847804 125252 1.4 15 10 5 12 50% 229 71177 209 130%
c t 344.55 298 14 64 472 131061 2 6847804 125252 1.4 15 10 5 12 50% 222 71177 209 130%
c - 344.60 285 14 64 473 131092 2 6848104 112160 1.4 15 10 5 12 50% 222 71177 209 130%
c - 346.04 286 14 64 474 132204 2 6869853 114276 1.4 14 10 5 12 50% 223 71177 209 130%
c
c seconds     switched       rate            size/glue  tier1    binary       remaining
c          MB   reductions      conflicts          size   tier2     irredundant
c           level      restarts        redundant      glue    trail       variables
c
c - 347.62 286 14 64 475 133688 2 6891625 115964 1.4 15 10 5 12 50% 223 71177 209 130%
c - 349.27 286 15 64 476 135258 2 6913419 117460 1.4 15 11 5 12 50% 223 71177 209 130%
c - 350.63 285 14 64 477 135969 2 6935240 117464 1.4 15 10 5 12 51% 223 71177 209 130%
c - 351.72 285 14 64 478 136536 2 6957081 116986 1.4 15 10 5 11 50% 223 71177 209 130%
c - 353.40 285 14 64 479 138169 2 6978944 117944 1.4 15 11 5 11 50% 224 71177 209 130%
c - 354.92 286 14 64 480 139494 2 7000830 117650 1.4 15 11 5 11 50% 224 71177 209 130%
c } 356.04 285 14 65 480 140171 2 7019853 132121 1.4 15 10 5 11 50% 224 71177 209 130%
c [ 356.04 285 21 65 480 140171 1 7019853 132121 1.4 24 17 8 18 58% 224 71177 209 130%
c W 356.09 283 21 65 480 140171 1 7019853 132121 1.4 24 17 8 18 58% 224 71177 209 130%
c - 356.19 286 21 65 481 140173 1 7022738 116726 1.4 24 17 8 18 58% 224 71177 209 130%
c - 357.03 286 22 65 482 140185 1 7044671 110774 1.4 24 17 8 18 58% 224 71177 209 130%
c - 357.82 286 22 65 483 140194 1 7066627 105747 1.4 24 18 8 18 57% 224 71177 209 130%
c - 358.73 286 22 65 484 140201 1 7088604 108523 1.4 24 17 8 18 56% 224 71177 209 130%
c - 359.56 286 22 65 485 140208 1 7110607 109728 1.4 24 17 8 18 57% 224 71177 209 130%
c u 360.07 286 22 65 485 140208 1 7113601 110855 1.4 24 17 8 18 57% 231 71177 209 130%
c v 360.54 286 22 65 485 140208 1 7113601 110379 1.4 24 17 8 18 57% 231 71177 209 130%
c w 360.72 297 22 65 485 140208 1 7113601 109379 1.4 24 17 8 18 57% 231 71177 209 130%
c t 360.73 297 22 65 485 140208 1 7113601 109379 1.4 24 17 8 18 57% 223 71177 209 130%
c - 361.41 286 23 65 486 140216 1 7132631 105376 1.4 24 18 8 18 58% 223 71177 209 130%
c - 362.26 286 23 65 487 140229 1 7154676 105037 1.4 24 18 8 18 58% 223 71177 209 130%
c
c seconds     switched       rate            size/glue  tier1    binary       remaining
c          MB   reductions      conflicts          size   tier2     irredundant
c           level      restarts        redundant      glue    trail       variables
c
c - 363.14 286 22 65 488 140232 1 7176744 107032 1.4 24 18 8 18 58% 223 71177 209 130%
c - 364.06 286 22 65 489 140233 1 7198836 108029 1.4 24 18 8 18 57% 223 71177 209 130%
c - 364.98 286 22 65 490 140236 1 7220950 107863 1.4 24 18 8 18 57% 223 71177 209 130%
c - 365.88 286 22 65 491 140248 1 7243086 108298 1.4 24 17 8 18 57% 223 71177 209 130%
c - 366.78 286 22 65 492 140258 1 7265244 111269 1.4 23 17 8 18 57% 223 71177 209 130%
c - 367.66 286 22 65 493 140264 1 7287425 111913 1.4 23 17 8 18 57% 223 71177 209 130%
c - 368.59 286 21 65 494 140271 1 7309628 111909 1.4 23 17 8 18 57% 223 71177 209 130%
c O 369.30 286 21 65 494 140279 1 7325047 124015 1.4 23 17 8 18 56% 223 71177 209 130%
c o 369.30 286 21 65 494 140279 1 7325047 124015 1.4 23 17 8 18 56% 223 71177 209 130%
c - 369.65 286 21 65 495 140279 1 7331856 114416 1.4 23 16 8 18 56% 223 71177 209 130%
c - 370.68 286 20 65 496 140293 1 7354105 114180 1.4 21 15 8 18 54% 223 71177 209 130%
c ] 371.02 285 19 66 496 140294 1 7362185 120068 1.4 21 15 8 18 53% 223 71177 209 130%
c { 371.02 285 14 66 496 140294 2 7362185 120068 1.4 15 10 5 11 50% 223 71177 209 130%
c - 371.78 285 14 66 497 140726 2 7376376 112592 1.4 14 10 5 11 49% 223 71177 209 130%
c s 372.30 285 14 66 497 141219 2 7381162 115914 1.4 15 10 5 11 49% 223 70729 209 130%
c u 372.83 286 14 66 497 141603 2 7384918 117437 1.4 15 11 5 11 48% 227 70729 209 130%
c v 373.09 295 14 66 497 141603 2 7384918 99849 1.4 15 11 5 11 48% 227 70729 209 130%
c w 373.19 296 14 66 497 141603 2 7384918 89620 1.4 15 11 5 11 48% 227 70729 209 130%
c x 373.40 297 14 66 497 141603 2 7384918 89610 1.4 15 11 5 11 48% 227 69225 209 130%
c t 373.40 297 14 66 497 141603 2 7384918 89610 1.4 15 11 5 11 48% 223 69225 209 130%
c
c seconds     switched       rate           size/glue  tier1    binary       remaining
c          MB   reductions      conflicts         size   tier2     irredundant
c           level      restarts        redundant     glue    trail       variables
c
c - 374.40 286 14 66 498 142881 2 7398672 94008 1.4 15 11 5 11 48% 223 69225 209 130%
c - 375.77 286 14 66 499 144109 2 7420987 106901 1.4 15 11 5 11 47% 223 69225 209 130%
c - 377.50 285 14 66 500 145524 2 7443325 111340 1.3 15 11 5 12 46% 224 69225 209 130%
c - 379.01 286 14 66 501 146737 2 7465685 112912 1.3 15 11 5 12 46% 224 69225 209 130%
c - 380.70 286 15 66 502 147928 2 7488069 113587 1.3 15 11 5 12 45% 224 69225 209 130%
c - 382.18 286 15 66 503 148945 2 7510474 113009 1.3 15 11 5 12 45% 224 69225 209 130%
c - 383.79 286 15 66 504 149923 2 7532905 111564 1.3 15 11 5 12 45% 224 69225 209 130%
c - 385.61 285 15 66 505 151004 1 7555354 111296 1.3 15 12 5 12 45% 224 69225 209 130%
c - 387.32 285 15 66 506 151902 1 7577826 110115 1.3 15 12 5 12 45% 224 69225 209 130%
c } 388.45 285 15 67 506 152753 1 7591302 119931 1.3 16 12 5 12 45% 225 69225 209 130%
c [ 388.45 285 19 67 506 152753 1 7591302 119931 1.4 21 15 8 18 53% 225 69225 209 130%
c - 388.93 285 19 67 507 152759 1 7600322 108619 1.4 20 15 8 18 53% 225 69225 209 130%
c - 389.99 286 18 67 508 152767 1 7622839 107932 1.4 20 14 7 18 52% 225 69225 209 130%
c B 390.70 285 18 67 508 152777 1 7639629 120933 1.4 20 14 7 18 51% 225 69225 209 130%
c - 390.92 286 18 67 509 152781 1 7645380 105999 1.4 20 14 7 18 52% 225 69225 209 130%
c u 391.92 286 19 67 509 152783 1 7661987 119059 1.4 21 15 7 18 53% 232 69225 209 130%
c v 392.38 296 19 67 509 152783 1 7661987 110704 1.4 21 15 7 18 53% 232 69225 209 130%
c w 392.55 298 19 67 509 152783 1 7661987 104768 1.4 21 15 7 18 53% 232 69225 209 130%
c x 392.88 300 19 67 509 152783 1 7661987 104722 1.4 21 15 7 18 53% 232 65206 209 130%
c t 393.86 301 19 67 509 152783 1 7661987 104722 1.4 21 15 7 18 53% 225 65206 209 130%
c
c seconds     switched       rate           size/glue  tier1    binary       remaining
c          MB   reductions      conflicts         size   tier2     irredundant
c           level      restarts        redundant     glue    trail       variables
c
c - 394.06 287 19 67 510 152783 1 7667941 95353 1.4 21 15 7 18 53% 225 65206 209 130%
c - 394.72 287 20 67 511 152794 1 7690526 92466 1.4 22 16 7 18 55% 225 65206 209 130%
c - 395.44 288 21 67 512 152804 1 7713133 88709 1.4 23 16 7 18 56% 225 65206 209 130%
c - 396.25 287 22 67 513 152813 1 7735760 87923 1.4 23 17 7 18 57% 225 65206 209 130%
c - 397.05 287 22 67 514 152815 1 7758409 87933 1.4 23 17 7 18 58% 225 65206 209 130%
c - 397.91 287 22 67 515 152815 1 7781080 88385 1.4 24 17 7 18 57% 225 65206 209 130%
c - 398.72 287 22 67 516 152825 1 7803774 91808 1.4 24 17 7 18 58% 225 65206 209 130%
c - 399.52 287 22 67 517 152834 1 7826489 94901 1.4 24 17 7 18 57% 225 65206 209 130%
c - 400.34 287 22 67 518 152845 1 7849226 92562 1.4 24 18 7 18 58% 225 65206 209 130%
c - 401.17 287 22 67 519 152848 1 7871986 89718 1.4 24 18 7 18 58% 225 65206 209 130%
c - 401.95 287 22 67 520 152860 1 7894768 91579 1.4 24 18 7 18 58% 225 65206 209 130%
c - 402.83 287 22 67 521 152870 1 7917571 93416 1.4 24 18 7 18 58% 225 65206 209 130%
c - 403.69 287 22 67 522 152877 1 7940396 95497 1.4 24 17 7 18 57% 225 65206 209 130%
c u 404.06 287 22 67 522 152877 1 7945080 98828 1.4 24 17 7 18 57% 228 65206 209 130%
c v 404.28 287 22 67 522 152877 1 7945080 98480 1.4 24 17 7 18 57% 228 65206 209 130%
c w 404.37 287 22 67 522 152877 1 7945080 97617 1.4 24 17 7 18 57% 228 65206 209 130%
c x 404.52 288 22 67 522 152877 1 7945080 97611 1.4 24 17 7 18 57% 228 64753 209 130%
c t 404.52 288 22 67 522 152877 1 7945080 97611 1.4 24 17 7 18 57% 225 64753 209 130%
c o 404.53 288 22 67 522 152877 1 7945080 97611 1.4 24 17 7 18 57% 225 64753 209 130%
c - 405.16 287 21 67 523 152878 1 7963243 97714 1.4 24 17 7 18 58% 225 64753 209 130%
c
c seconds     switched       rate           size/glue  tier1    binary       remaining
c          MB   reductions      conflicts         size   tier2     irredundant
c           level      restarts        redundant     glue    trail       variables
c
c W 405.26 288 21 67 523 152878 1 7963705 98094 1.4 24 17 7 18 58% 225 64753 209 130%
c - 406.07 287 21 67 524 152879 1 7986116 97499 1.4 23 17 7 18 58% 225 64753 209 130%
c - 406.87 287 21 67 525 152879 1 8009009 96701 1.4 23 17 7 18 58% 225 64753 209 130%
c - 407.75 287 21 67 526 152879 1 8031921 94018 1.4 24 17 7 18 58% 225 64753 209 130%
c - 408.63 288 21 67 527 152882 1 8054857 93811 1.4 23 17 7 18 58% 225 64753 209 130%
c - 409.46 287 20 67 528 152894 1 8077816 96996 1.4 23 16 7 18 58% 225 64753 209 130%
c - 410.27 287 20 67 529 152904 1 8100795 97291 1.4 23 16 7 18 58% 225 64753 209 130%
c ] 410.47 285 20 68 529 152908 1 8105940 100980 1.4 23 16 7 18 58% 225 64753 209 130%
c { 410.47 285 15 68 529 152908 1 8105940 100980 1.3 16 12 5 12 45% 225 64753 209 130%
c s 411.34 287 15 68 529 153211 1 8117014 109780 1.4 15 11 5 12 46% 225 62249 209 130%
c - 411.59 287 15 68 530 153224 1 8123795 98383 1.4 15 11 5 12 47% 225 62249 209 130%
c - 412.40 287 14 68 531 153252 1 8146817 99562 1.4 15 11 5 12 48% 228 62249 209 130%
c i 412.57 286 14 68 531 153252 1 8151548 102666 1.4 15 10 5 12 49% 239 62249 204 127%
c - 413.70 287 14 68 532 154641 2 8169860 80325 1.4 15 11 5 12 49% 210 62249 204 127%
c - 414.98 284 14 68 533 155924 2 8192925 94147 1.4 15 11 5 12 49% 210 62249 204 127%
c - 416.20 287 14 68 534 156667 2 8216012 100762 1.4 15 11 5 12 50% 210 62249 204 127%
c u 417.10 287 14 68 534 156759 2 8233815 112339 1.4 15 10 5 12 50% 217 62249 204 127%
c v 417.36 288 14 68 534 156759 2 8233815 107064 1.4 15 10 5 12 50% 217 62249 204 127%
c w 417.45 288 14 68 534 156759 2 8233815 106333 1.4 15 10 5 12 50% 217 62249 204 127%
c x 417.65 288 14 68 534 156759 2 8233815 106289 1.4 15 10 5 12 50% 217 59965 204 127%
c
c seconds     switched       rate            size/glue  tier1    binary       remaining
c          MB   reductions      conflicts          size   tier2     irredundant
c           level      restarts        redundant      glue    trail       variables
c
c t 417.65 288 14 68 534 156759 2 8233815 106289 1.4 15 10 5 12 50% 210 59965 204 127%
c - 417.95 287 14 68 535 156947 2 8239120 95719 1.4 15 10 5 11 50% 210 59965 204 127%
c - 419.52 288 14 68 536 158799 2 8262251 98068 1.4 15 11 5 11 50% 210 59965 204 127%
c - 421.01 287 14 68 537 160191 2 8285402 102441 1.4 15 11 5 11 49% 210 59965 204 127%
c - 422.36 287 14 68 538 161158 2 8308577 105005 1.4 15 11 5 11 50% 210 59965 204 127%
c o 422.94 287 14 68 538 161435 2 8320412 114077 1.4 15 10 5 11 50% 211 59965 204 127%
c - 423.66 287 14 68 539 162154 2 8331771 106266 1.4 15 10 5 11 50% 211 59965 204 127%
c } 424.88 285 15 69 539 163595 2 8348000 119684 1.4 15 11 5 11 50% 211 59965 204 127%
c [ 424.88 285 20 69 539 163595 1 8348000 119684 1.4 23 16 7 18 58% 211 59965 204 127%
c I 424.88 285 20 69 539 163595 1 8348000 119684 1.4 23 16 7 18 58% 211 59965 204 127%
c - 425.10 287 20 69 540 163600 1 8354987 106252 1.4 23 16 7 18 57% 211 59965 204 127%
c - 425.85 287 21 69 541 163609 1 8378224 104773 1.4 23 16 7 18 57% 211 59965 204 127%
c - 426.77 287 21 69 542 163623 1 8401484 103160 1.4 23 16 7 18 57% 211 59965 204 127%
c - 427.74 287 21 69 543 163625 1 8424764 103257 1.4 23 16 7 18 56% 211 59965 204 127%
c - 428.69 287 21 69 544 163637 1 8448066 105146 1.4 23 16 7 18 57% 211 59965 204 127%
c - 429.71 288 21 69 545 163647 1 8471390 107666 1.4 23 16 7 18 56% 211 59965 204 127%
c - 430.50 287 21 69 546 163655 1 8494736 107152 1.4 23 16 7 18 57% 211 59965 204 127%
c - 431.27 287 21 69 547 163657 1 8518104 106537 1.4 23 16 7 18 57% 211 59965 204 127%
c u 431.92 288 21 69 547 163657 1 8528901 114275 1.4 23 16 7 18 57% 213 59965 204 127%
c v 432.24 288 21 69 547 163657 1 8528901 113996 1.4 23 16 7 18 57% 213 59965 204 127%
c
c seconds     switched       rate            size/glue  tier1    binary       remaining
c          MB   reductions      conflicts          size   tier2     irredundant
c           level      restarts        redundant      glue    trail       variables
c
c w 432.38 299 21 69 547 163657 1 8528901 113964 1.4 23 16 7 18 57% 213 59965 204 127%
c x 432.60 301 21 69 547 163657 1 8528901 113958 1.4 23 16 7 18 57% 213 59862 204 127%
c t 432.60 301 21 69 547 163657 1 8528901 113958 1.4 23 16 7 18 57% 211 59862 204 127%
c - 433.09 287 22 69 548 163657 1 8541493 104635 1.4 24 17 7 18 57% 211 59862 204 127%
c - 434.07 287 22 69 549 163670 1 8564902 101624 1.4 24 17 7 18 56% 211 59862 204 127%
c - 434.95 287 22 69 550 163679 1 8588332 104020 1.4 24 17 7 18 57% 211 59862 204 127%
c - 435.88 287 22 69 551 163688 1 8611784 104667 1.4 24 17 7 18 57% 211 59862 204 127%
c - 437.03 287 22 69 552 163694 1 8635262 103855 1.4 24 17 7 18 56% 211 59862 204 127%
c - 438.04 288 21 69 553 163703 1 8658756 109004 1.4 23 17 7 18 55% 211 59862 204 127%
c ] 439.03 286 21 70 553 163717 1 8681578 126624 1.4 23 16 7 18 54% 211 59862 204 127%
c { 439.03 286 15 70 553 163717 2 8681578 126624 1.4 15 11 5 11 50% 211 59862 204 127%
c - 439.08 287 15 70 554 163717 2 8682271 112947 1.4 15 11 5 11 50% 211 59862 204 127%
c - 440.07 287 14 70 555 163886 2 8705811 117232 1.5 16 11 5 11 52% 211 59862 204 127%
c o 440.08 288 14 70 555 163888 2 8705974 117376 1.5 16 11 5 11 52% 211 59862 204 127%
c - 441.04 287 14 70 556 163922 2 8729370 121077 1.5 16 10 5 11 53% 211 59862 204 127%
c - 441.88 287 14 70 557 163978 1 8752949 123601 1.6 16 10 5 11 54% 211 59862 204 127%
c - 442.85 287 13 70 558 163989 1 8776550 124921 1.6 16 10 5 11 55% 211 59862 204 127%
c - 443.98 288 13 70 559 164086 1 8800174 125284 1.6 16 10 5 11 55% 211 59862 204 127%
c - 444.91 287 13 70 560 164113 1 8823817 125111 1.6 15 9 5 11 55% 211 59862 204 127%
c u 445.47 288 12 70 560 164113 1 8829654 128629 1.7 15 9 5 11 56% 212 59862 204 127%
c
c seconds     switched       rate            size/glue tier1    binary       remaining
c          MB   reductions      conflicts          size  tier2     irredundant
c           level      restarts        redundant     glue    trail       variables
c
c v 445.90 297 12 70 560 164113 1 8829654 127008 1.7 15 9 5 11 56% 212 59862 204 127%
c w 446.05 299 12 70 560 164113 1 8829654 126513 1.7 15 9 5 11 56% 212 59862 204 127%
c t 446.06 299 12 70 560 164113 1 8829654 126513 1.7 15 9 5 11 56% 211 59862 204 127%
c - 446.92 287 12 70 561 164257 1 8847481 123083 1.7 15 9 5 11 55% 211 59862 204 127%
c - 447.99 287 12 70 562 164385 1 8871166 126992 1.7 15 9 5 11 55% 211 59862 204 127%
c - 449.18 288 12 70 563 164581 1 8894872 129418 1.7 15 9 5 11 55% 211 59862 204 127%
c s 449.43 287 12 70 563 164587 1 8897657 131932 1.7 15 9 5 11 55% 211 59605 204 127%
c - 450.47 287 11 70 564 164675 1 8918599 131100 1.7 15 9 5 11 55% 212 59605 204 127%
c } 451.41 287 11 71 564 164865 1 8936905 146741 1.7 15 9 5 11 54% 212 59605 204 127%
c [ 451.41 287 21 71 564 164865 1 8936905 146741 1.4 23 16 7 18 54% 212 59605 204 127%
c B 451.41 287 21 71 564 164865 1 8936905 146741 1.4 23 16 7 18 54% 212 59605 204 127%
c - 451.65 287 21 71 565 164869 1 8942350 130106 1.4 23 17 7 18 55% 212 59605 204 127%
c - 452.57 288 22 71 566 164879 1 8966119 122884 1.4 24 17 7 18 55% 212 59605 204 127%
c - 453.58 287 22 71 567 164892 1 8989910 118453 1.4 24 17 7 18 55% 212 59605 204 127%
c - 454.54 287 22 71 568 164895 1 9013721 120969 1.4 24 17 7 18 54% 212 59605 204 127%
c - 455.57 287 21 71 569 164907 1 9037554 122361 1.4 23 17 7 18 54% 212 59605 204 127%
c - 456.54 287 21 71 570 164917 1 9061407 121544 1.4 23 17 7 18 53% 212 59605 204 127%
c - 457.56 287 21 71 571 164926 1 9085281 121506 1.4 23 17 7 18 53% 212 59605 204 127%
c - 458.59 287 21 71 572 164927 1 9109176 123179 1.4 23 16 7 18 53% 212 59605 204 127%
c - 459.67 288 20 71 573 164927 1 9133093 124261 1.4 22 16 7 18 53% 212 59605 204 127%
c
c seconds     switched       rate            size/glue  tier1    binary       remaining
c          MB   reductions      conflicts          size   tier2     irredundant
c           level      restarts        redundant      glue    trail       variables
c
c u 460.07 287 20 71 573 164929 1 9136081 125821 1.4 22 16 7 18 53% 214 59605 204 127%
c v 460.39 299 20 71 573 164929 1 9136081 125228 1.4 22 16 7 18 53% 214 59605 204 127%
c w 460.52 300 20 71 573 164929 1 9136081 125052 1.4 22 16 7 18 53% 214 59605 204 127%
c x 460.74 302 20 71 573 164929 1 9136081 125049 1.4 22 16 7 18 53% 214 59601 204 127%
c t 460.75 302 20 71 573 164929 1 9136081 125049 1.4 22 16 7 18 53% 212 59601 204 127%
c o 460.75 302 20 71 573 164929 1 9136081 125049 1.4 22 16 7 18 53% 212 59601 204 127%
c - 461.45 287 21 71 574 164941 1 9157031 123161 1.4 23 16 7 18 55% 212 59601 204 127%
c - 462.32 287 21 71 575 164951 1 9180989 122342 1.4 23 16 7 18 55% 212 59601 204 127%
c - 463.18 287 21 71 576 164958 1 9204969 123965 1.4 23 16 7 18 55% 212 59601 204 127%
c - 464.14 287 21 71 577 164966 1 9228969 127529 1.5 23 16 7 18 54% 212 59601 204 127%
c ] 464.16 288 21 72 577 164966 1 9229273 127764 1.5 23 16 7 18 54% 212 59601 204 127%
c { 464.16 288 11 72 577 164966 1 9229273 127764 1.7 15 9 5 11 54% 212 59601 204 127%
c - 466.21 287 12 72 578 167703 1 9252989 130826 1.7 15 9 5 11 54% 212 59601 204 127%
c - 468.38 287 13 72 579 170486 2 9277031 129682 1.6 15 10 5 11 53% 213 59601 204 127%
c - 470.26 287 14 72 580 172664 2 9301093 130530 1.5 15 10 5 11 52% 213 59601 204 127%
c - 472.19 287 14 72 581 174763 2 9325176 132376 1.5 16 10 5 11 51% 214 59601 204 127%
c - 473.88 288 15 72 582 176450 2 9349281 133579 1.5 16 11 5 11 51% 214 59601 204 127%
c - 475.40 287 14 72 583 177494 2 9373405 135001 1.5 16 11 5 11 51% 214 59601 204 127%
c - 477.00 287 15 72 584 178904 2 9397551 136046 1.5 16 11 5 11 50% 214 59601 204 127%
c - 478.76 287 15 72 585 180291 2 9421720 137940 1.5 16 11 5 11 50% 214 59601 204 127%
c
c seconds     switched       rate            size/glue  tier1    binary       remaining
c          MB   reductions      conflicts          size   tier2     irredundant
c           level      restarts        redundant      glue    trail       variables
c
c - 480.48 287 15 72 586 181565 2 9445907 139592 1.5 16 11 5 11 50% 214 59601 204 127%
c u 481.22 287 15 72 586 181885 2 9448229 139686 1.5 16 11 5 11 50% 221 59601 204 127%
c v 481.82 299 15 72 586 181885 2 9448229 139010 1.5 16 11 5 11 50% 221 59601 204 127%
c w 482.04 300 15 72 586 181885 2 9448229 138890 1.5 16 11 5 11 50% 221 59601 204 127%
c t 482.05 300 15 72 586 181885 2 9448229 138890 1.5 16 11 5 11 50% 213 59601 204 127%
c - 483.32 287 15 72 587 182781 2 9470116 138320 1.5 16 11 5 11 50% 213 59601 204 127%
c - 484.77 287 15 72 588 183462 2 9494344 138934 1.5 16 11 5 11 50% 213 59601 204 127%
c } 485.03 288 15 73 588 183716 2 9498189 142164 1.5 16 11 5 11 50% 213 59601 204 127%
c [ 485.03 288 21 73 588 183716 1 9498189 142164 1.5 23 16 7 18 54% 213 59601 204 127%
c W 485.12 284 21 73 588 183716 1 9498189 142164 1.5 23 16 7 18 54% 213 59601 204 127%
c - 485.80 287 20 73 589 183728 1 9518592 138823 1.5 23 15 7 18 54% 213 59601 204 127%
c - 486.73 288 20 73 590 183737 1 9542861 137464 1.5 23 15 7 18 55% 213 59601 204 127%
c - 487.74 287 20 73 591 183746 1 9567150 136557 1.5 23 15 7 18 55% 213 59601 204 127%
c - 488.74 287 19 73 592 183753 1 9591461 138119 1.5 22 15 7 18 55% 213 59601 204 127%
c - 489.81 287 19 73 593 183764 1 9615794 135796 1.5 22 15 7 18 55% 213 59601 204 127%
c - 490.76 287 19 73 594 183776 1 9640148 131537 1.5 22 15 7 18 56% 213 59601 204 127%
c - 491.76 287 20 73 595 183778 1 9664523 125370 1.5 23 15 7 18 57% 213 59601 204 127%
c - 492.83 287 20 73 596 183778 1 9688915 123875 1.5 23 15 7 18 57% 213 59601 204 127%
c - 494.00 287 20 73 597 183790 1 9713329 121163 1.5 23 16 7 18 57% 213 59601 204 127%
c s 494.46 287 20 73 597 183793 1 9722432 127866 1.5 23 16 7 18 57% 213 59564 204 127%
c
c seconds     switched       rate            size/glue  tier1    binary       remaining
c          MB   reductions      conflicts          size   tier2     irredundant
c           level      restarts        redundant      glue    trail       variables
c
c o 494.47 287 20 73 597 183793 1 9722432 127866 1.5 23 16 7 18 57% 213 59564 204 127%
c - 495.07 287 21 73 598 183800 1 9737764 121921 1.5 23 16 7 18 57% 213 59564 204 127%
c - 496.02 288 20 73 599 183809 1 9762222 127755 1.5 23 16 7 18 57% 213 59564 204 127%
c u 496.57 287 20 73 599 183809 1 9766079 130191 1.5 23 16 7 18 57% 214 59564 204 127%
c v 497.07 288 20 73 599 183809 1 9766079 129877 1.5 23 16 7 18 57% 214 59564 204 127%
c w 497.27 299 20 73 599 183809 1 9766079 129602 1.5 23 16 7 18 57% 214 59564 204 127%
c t 497.27 299 20 73 599 183809 1 9766079 129602 1.5 23 16 7 18 57% 213 59564 204 127%
c - 498.12 287 20 73 600 183816 1 9786696 131582 1.5 23 15 7 18 56% 213 59564 204 127%
c - 499.05 287 19 73 601 183825 1 9811192 132682 1.5 23 15 7 18 55% 213 59564 204 127%
c - 500.11 287 19 73 602 183839 1 9835707 132319 1.5 22 15 7 18 54% 213 59564 204 127%
c - 501.14 287 18 73 603 183841 1 9860242 132594 1.5 22 14 7 18 54% 213 59564 204 127%
c O 501.18 286 18 73 603 183841 1 9861259 133299 1.5 22 14 7 18 54% 213 59564 204 127%
c - 502.11 287 18 73 604 183841 1 9884798 130165 1.5 21 14 7 18 53% 213 59564 204 127%
c - 503.08 288 19 73 605 183842 1 9909374 125942 1.4 21 15 7 18 53% 213 59564 204 127%
c - 504.17 287 18 73 606 183842 1 9933970 125279 1.4 21 15 7 18 52% 213 59564 204 127%
c ] 505.04 287 18 74 606 183842 1 9955199 141068 1.4 20 14 7 18 52% 213 59564 204 127%
c { 505.05 287 15 74 606 183842 2 9955199 141068 1.5 16 11 5 11 50% 213 59564 204 127%
c - 505.31 287 15 74 607 184176 2 9958587 129469 1.5 16 11 5 11 50% 213 59564 204 127%
c - 506.94 287 15 74 608 185452 2 9983224 131926 1.4 16 11 5 11 50% 213 59564 204 127%
c - 508.58 287 15 74 609 186581 2 10007881 130627 1.4 16 11 5 11 50% 214 59564 204 127%
c
c seconds     switched       rate             size/glue  tier1    binary       remaining
c          MB   reductions      conflicts           size   tier2     irredundant
c           level      restarts         redundant      glue    trail       variables
c
c - 510.23 287 15 74 610 187857 2 10032560 130514 1.4 16 11 5 11 50% 214 59564 204 127%
c - 511.81 287 15 74 611 189069 2 10057259 131089 1.4 16 11 5 11 50% 214 59564 204 127%
c - 513.13 287 15 74 612 189762 2 10081979 131027 1.4 16 11 5 11 50% 214 59564 204 127%
c u 513.97 288 15 74 612 190072 2 10089661 136592 1.5 16 11 5 11 50% 215 59564 204 127%
c v 514.34 299 15 74 612 190072 2 10089661 135711 1.5 16 11 5 11 50% 215 59564 204 127%
c w 514.47 299 15 74 612 190072 2 10089661 135559 1.5 16 11 5 11 50% 215 59564 204 127%
c x 514.74 301 15 74 612 190072 2 10089661 135532 1.5 16 11 5 11 50% 215 58856 204 127%
c t 514.74 301 15 74 612 190072 2 10089661 135532 1.5 16 11 5 11 50% 214 58856 204 127%
c f 514.75 288 15 74 612 190072 2 10089661 135532 1.5 16 11 5 11 50% 216 58825 205 127%
c u 515.23 298 15 74 612 190072 2 10089661 134534 1.5 16 11 5 11 50% 216 58825 205 127%
c v 515.74 300 15 74 612 190072 2 10089661 132289 1.5 16 11 5 11 50% 216 58825 205 127%
c w 515.92 300 15 74 612 190072 2 10089661 131776 1.5 16 11 5 11 50% 216 58825 205 127%
c - 516.78 287 14 74 613 190435 2 10106717 116650 1.5 16 11 4 11 51% 216 58825 205 127%
c - 518.14 287 14 74 614 191234 2 10131475 115630 1.5 15 10 4 11 51% 216 58825 205 127%
c o 518.28 287 14 74 614 191515 2 10133157 117092 1.5 15 11 4 11 51% 216 58825 205 127%
c - 519.63 287 14 74 615 192649 2 10156254 115404 1.5 16 11 4 11 51% 218 58825 205 127%
c - 520.91 287 14 74 616 193414 2 10181053 114813 1.5 15 10 4 11 50% 218 58825 205 127%
c - 522.61 287 14 74 617 194955 2 10205872 115416 1.5 15 11 4 11 50% 218 58825 205 127%
c - 524.13 287 14 74 618 196093 2 10230714 115640 1.5 15 11 4 11 50% 219 58825 205 127%
c } 524.55 287 14 75 618 196420 2 10238023 121098 1.5 15 11 4 11 50% 219 58825 205 127%
c
c seconds     switched       rate             size/glue  tier1    binary       remaining
c          MB   reductions      conflicts           size   tier2     irredundant
c           level      restarts         redundant      glue    trail       variables
c
c [ 524.55 287 18 75 618 196420 1 10238023 121098 1.4 20 14 7 18 52% 219 58825 205 127%
c B 524.55 287 18 75 618 196420 1 10238023 121098 1.4 20 14 7 18 52% 219 58825 205 127%
c - 525.29 288 18 75 619 196431 1 10255573 113249 1.4 21 15 7 18 53% 219 58825 205 127%
c - 526.36 288 19 75 620 196441 1 10280452 110375 1.4 21 15 7 18 53% 219 58825 205 127%
c - 527.33 287 19 75 621 196450 1 10305354 109713 1.4 21 15 7 18 54% 219 58825 205 127%
c - 528.42 287 19 75 622 196457 1 10330273 107595 1.4 22 16 7 18 55% 219 58825 205 127%
c - 529.45 288 19 75 623 196468 1 10355213 109933 1.4 22 15 7 18 55% 219 58825 205 127%
c - 530.47 287 19 75 624 196480 1 10380173 114619 1.4 21 15 7 18 55% 219 58825 205 127%
c - 531.51 287 18 75 625 196482 1 10405154 116378 1.4 21 15 7 18 55% 219 58825 205 127%
c u 532.52 288 18 75 625 196482 1 10419111 126480 1.4 21 15 7 18 55% 220 58825 205 127%
c v 532.90 299 18 75 625 196482 1 10419111 125890 1.4 21 15 7 18 55% 220 58825 205 127%
c w 533.06 301 18 75 625 196482 1 10419111 124750 1.4 21 15 7 18 55% 220 58825 205 127%
c x 533.32 302 18 75 625 196482 1 10419111 124748 1.4 21 15 7 18 55% 220 58688 205 127%
c t 533.33 302 18 75 625 196482 1 10419111 124748 1.4 21 15 7 18 55% 219 58688 205 127%
c - 533.84 287 19 75 626 196482 1 10430155 114495 1.4 21 15 7 18 55% 219 58688 205 127%
c - 534.80 287 19 75 627 196495 1 10455174 111219 1.4 22 15 7 18 56% 219 58688 205 127%
c - 535.82 287 20 75 628 196504 1 10480218 107751 1.4 22 16 7 18 56% 219 58688 205 127%
c - 536.90 287 20 75 629 196513 1 10505277 111554 1.4 22 16 7 18 55% 219 58688 205 127%
c - 537.91 284 19 75 630 196521 1 10530359 114134 1.4 22 15 7 18 55% 219 58688 205 127%
c - 538.85 287 19 75 631 196533 1 10555458 114134 1.4 22 16 7 18 55% 219 58688 205 127%
c
c seconds     switched       rate             size/glue  tier1    binary       remaining
c          MB   reductions      conflicts           size   tier2     irredundant
c           level      restarts         redundant      glue    trail       variables
c
c - 539.87 287 20 75 632 196543 1 10580579 112529 1.4 22 16 7 18 55% 219 58688 205 127%
c s 540.43 288 20 75 632 196544 1 10590890 120218 1.4 22 16 7 18 55% 219 58398 205 127%
c o 540.44 287 20 75 632 196544 1 10590890 120218 1.4 22 16 7 18 55% 219 58398 205 127%
c - 541.03 288 21 75 633 196545 1 10605719 109328 1.4 23 16 7 18 55% 219 58398 205 127%
c W 541.60 287 21 75 633 196545 1 10621191 122396 1.4 23 16 7 18 55% 219 58398 205 127%
c - 541.94 287 21 75 634 196545 1 10630879 109014 1.4 23 16 7 18 56% 219 58398 205 127%
c - 542.89 287 22 75 635 196546 1 10656059 106877 1.4 24 17 7 18 56% 219 58398 205 127%
c ] 543.03 288 22 76 635 196546 1 10659870 109968 1.4 24 17 7 18 56% 219 58398 205 127%
c { 543.03 288 14 76 635 196546 2 10659870 109968 1.5 15 11 4 11 50% 219 58398 205 127%
c - 544.54 286 15 76 636 197804 2 10681259 109712 1.4 15 11 4 11 49% 220 58398 205 127%
c - 545.95 287 14 76 637 198718 2 10706484 114928 1.4 15 11 4 11 49% 221 58398 205 127%
c - 547.54 287 14 76 638 199791 2 10731732 116930 1.5 15 11 4 11 49% 221 58398 205 127%
c u 549.31 287 14 76 638 201054 2 10754342 132058 1.4 15 11 4 11 49% 228 58398 205 127%
c v 549.77 287 14 76 638 201054 2 10754342 128186 1.4 15 11 4 11 49% 228 58398 205 127%
c w 549.95 297 14 76 638 201054 2 10754342 127823 1.4 15 11 4 11 49% 228 58398 205 127%
c t 549.95 297 14 76 638 201054 2 10754342 127823 1.4 15 11 4 11 49% 221 58398 205 127%
c - 550.14 287 14 76 639 201169 2 10756993 112082 1.5 16 11 4 11 49% 221 58398 205 127%
c - 551.76 287 15 76 640 202498 2 10782271 112897 1.5 16 11 4 11 49% 221 58398 205 127%
c - 553.02 287 14 76 641 203327 2 10807571 116151 1.5 15 11 4 11 50% 221 58398 205 127%
c - 554.26 287 14 76 642 203885 2 10832888 116546 1.5 15 10 4 11 50% 221 58398 205 127%
c
c seconds     switched       rate             size/glue  tier1    binary       remaining
c          MB   reductions      conflicts           size   tier2     irredundant
c           level      restarts         redundant      glue    trail       variables
c
c - 555.99 287 14 76 643 205645 2 10858225 116921 1.4 15 11 4 11 49% 221 58398 205 127%
c - 557.16 287 14 76 644 206197 2 10883584 116830 1.5 15 10 4 11 50% 221 58398 205 127%
c - 558.30 288 14 76 645 206936 2 10908961 116778 1.4 15 10 4 11 50% 221 58398 205 127%
c - 559.66 287 14 76 646 208059 2 10934359 117422 1.5 15 10 4 11 50% 221 58398 205 127%
c } 560.98 287 14 77 646 209435 2 10956923 135302 1.4 15 10 4 11 50% 221 58398 205 127%
c [ 560.98 287 22 77 646 209435 1 10956923 135302 1.4 24 17 7 18 56% 221 58398 205 127%
c - 561.11 287 22 77 647 209437 1 10959776 118307 1.4 24 17 7 18 56% 221 58398 205 127%
c - 562.05 287 21 77 648 209449 1 10985212 115082 1.4 23 17 7 18 55% 221 58398 205 127%
c - 562.98 287 21 77 649 209463 1 11010667 112216 1.4 22 16 7 18 54% 221 58398 205 127%
c I 563.12 288 21 77 649 209464 1 11014554 115141 1.4 22 16 7 18 54% 221 58398 205 127%
c - 563.94 288 20 77 650 209465 1 11036143 114805 1.4 22 16 7 18 54% 221 58398 205 127%
c - 564.91 287 20 77 651 209479 1 11061640 115012 1.4 22 16 7 18 54% 221 58398 205 127%
c - 565.92 287 20 77 652 209490 1 11087155 115524 1.4 22 16 7 18 55% 221 58398 205 127%
c u 566.66 288 20 77 652 209494 1 11095387 121430 1.4 23 16 7 18 55% 224 58398 205 127%
c v 567.22 288 20 77 652 209494 1 11095387 120836 1.4 23 16 7 18 55% 224 58398 205 127%
c w 567.44 301 20 77 652 209494 1 11095387 120610 1.4 23 16 7 18 55% 224 58398 205 127%
c t 568.39 302 20 77 652 209494 1 11095387 120610 1.4 23 16 7 18 55% 222 58398 205 127%
c o 568.39 302 20 77 652 209494 1 11095387 120610 1.4 23 16 7 18 55% 222 58398 205 127%
c - 568.98 288 20 77 653 209496 1 11112689 113915 1.5 23 16 7 18 56% 222 58398 205 127%
c - 569.93 289 20 77 654 209497 1 11138242 114354 1.5 23 15 7 18 56% 222 58398 205 127%
c
c seconds     switched       rate             size/glue  tier1    binary       remaining
c          MB   reductions      conflicts           size   tier2     irredundant
c           level      restarts         redundant      glue    trail       variables
c
c - 570.92 288 19 77 655 209504 1 11163816 116858 1.5 23 15 7 18 57% 222 58398 205 127%
c - 571.79 288 20 77 656 209515 1 11189408 114448 1.5 23 16 7 18 57% 222 58398 205 127%
c - 572.73 288 20 77 657 209527 1 11215023 111169 1.5 23 16 7 18 57% 222 58398 205 127%
c - 573.63 288 20 77 658 209532 1 11240655 113489 1.4 23 16 7 18 56% 222 58398 205 127%
c - 574.63 288 20 77 659 209543 1 11266306 116826 1.4 22 16 7 18 56% 222 58398 205 127%
c - 575.62 288 19 77 660 209557 1 11291976 117222 1.4 22 15 7 18 55% 222 58398 205 127%
c - 576.57 288 19 77 661 209559 1 11317667 117889 1.5 22 15 7 18 56% 222 58398 205 127%
c - 577.48 288 18 77 662 209560 1 11343377 120343 1.5 22 15 7 18 56% 222 58398 205 127%
c - 578.48 288 18 77 663 209561 1 11369107 117901 1.5 22 15 7 18 57% 222 58398 205 127%
c - 579.40 288 18 77 664 209561 1 11394855 116627 1.5 22 15 7 18 58% 222 58398 205 127%
c B 580.21 288 19 77 664 209562 1 11418214 135529 1.5 22 15 7 18 58% 222 58398 205 127%
c - 580.30 288 19 77 665 209564 1 11420624 115723 1.5 22 15 7 18 58% 222 58398 205 127%
c ] 580.51 288 19 78 665 209568 1 11427124 120665 1.5 22 15 7 18 58% 222 58398 205 127%
c { 580.51 288 14 78 665 209568 2 11427124 120665 1.4 15 10 4 11 50% 222 58398 205 127%
c u 581.52 289 14 78 665 210010 2 11442237 131447 1.5 15 10 4 11 50% 226 58398 205 127%
c v 581.82 299 14 78 665 210010 2 11442237 131203 1.5 15 10 4 11 50% 226 58398 205 127%
c w 581.94 303 14 78 665 210010 2 11442237 130958 1.5 15 10 4 11 50% 226 58398 205 127%
c x 582.15 304 14 78 665 210010 2 11442237 130949 1.5 15 10 4 11 50% 226 58152 205 127%
c t 582.15 304 14 78 665 210010 2 11442237 130949 1.5 15 10 4 11 50% 222 58152 205 127%
c - 582.53 288 14 78 666 210480 2 11446411 113981 1.5 15 10 4 11 50% 222 58152 205 127%
c
c seconds     switched       rate             size/glue  tier1    binary       remaining
c          MB   reductions      conflicts           size   tier2     irredundant
c           level      restarts         redundant      glue    trail       variables
c
c - 584.27 289 14 78 667 212248 2 11472218 117266 1.5 15 11 4 11 50% 222 58152 205 127%
c - 585.78 288 14 78 668 213340 2 11498044 118156 1.5 15 10 4 11 50% 222 58152 205 127%
c s 586.21 288 14 78 668 213589 2 11504322 123124 1.5 15 11 4 11 50% 222 58044 205 127%
c - 587.64 288 14 78 669 214712 2 11523889 118745 1.5 15 11 4 11 50% 222 58044 205 127%
c o 588.79 288 14 78 669 215619 2 11546000 135840 1.5 15 11 4 11 50% 222 58044 205 127%
c - 589.08 286 14 78 670 215830 2 11549755 119228 1.5 15 11 4 11 50% 222 58044 205 127%
c - 590.54 285 14 78 671 216800 2 11575640 118654 1.4 15 11 4 11 50% 222 58044 205 127%
c - 592.07 288 14 78 672 217756 2 11601544 117822 1.4 15 10 4 11 49% 222 58044 205 127%
c - 593.88 288 14 78 673 219699 2 11627468 118922 1.4 15 11 4 11 49% 222 58044 205 127%
c - 595.24 288 14 78 674 220537 2 11653411 119052 1.4 15 10 4 11 50% 222 58044 205 127%
c - 596.50 288 14 78 675 221331 2 11679374 119054 1.5 15 10 4 11 50% 222 58044 205 127%
c - 597.56 288 13 78 676 221764 2 11705355 118808 1.5 15 10 4 11 50% 222 58044 205 127%
c - 599.00 288 14 78 677 223049 2 11731356 119958 1.5 15 10 4 11 51% 222 58044 205 127%
c } 599.46 287 14 79 677 223516 2 11738716 125430 1.5 15 10 4 11 51% 222 58044 205 127%
c [ 599.46 287 19 79 677 223516 1 11738716 125430 1.5 22 15 7 18 58% 222 58044 205 127%
c - 600.23 288 19 79 678 223528 1 11757375 119772 1.5 22 15 7 18 57% 222 58044 205 127%
c - 601.40 289 20 79 679 223537 1 11783413 113829 1.4 23 16 7 18 56% 222 58044 205 127%
c u 602.44 289 20 79 679 223544 1 11794923 121124 1.4 23 16 7 18 56% 229 58044 205 127%
c v 603.05 301 20 79 679 223544 1 11794923 120656 1.4 23 16 7 18 56% 229 58044 205 127%
c w 603.29 303 20 79 679 223544 1 11794923 118267 1.4 23 16 7 18 56% 229 58044 205 127%
c
c seconds     switched       rate             size/glue  tier1    binary       remaining
c          MB   reductions      conflicts           size   tier2     irredundant
c           level      restarts         redundant      glue    trail       variables
c
c t 603.29 303 20 79 679 223544 1 11794923 118267 1.4 23 16 7 18 56% 223 58044 205 127%
c - 603.91 288 20 79 680 223546 1 11809471 106630 1.4 22 16 7 18 56% 223 58044 205 127%
c W 604.90 288 20 79 680 223553 1 11832257 124288 1.4 22 16 7 18 55% 223 58044 205 127%
c - 605.02 288 21 79 681 223556 1 11835547 111574 1.4 23 16 7 18 56% 223 58044 205 127%
c - 606.08 288 21 79 682 223567 1 11861642 111454 1.4 23 17 7 18 56% 223 58044 205 127%
c - 607.10 288 22 79 683 223577 1 11887760 107116 1.4 24 17 7 18 56% 223 58044 205 127%
c - 608.20 288 23 79 684 223578 1 11913895 107390 1.4 24 18 7 18 57% 223 58044 205 127%
c - 609.30 288 23 79 685 223581 1 11940049 108132 1.4 24 18 7 18 57% 223 58044 205 127%
c - 610.40 288 23 79 686 223593 1 11966221 110674 1.4 25 18 7 18 57% 223 58044 205 127%
c - 611.57 288 23 79 687 223607 1 11992412 111786 1.4 25 18 7 18 57% 223 58044 205 127%
c - 612.70 288 22 79 688 223610 1 12018622 115172 1.4 24 17 7 18 57% 223 58044 205 127%
c - 613.77 288 22 79 689 223624 1 12044852 116690 1.4 24 17 7 18 58% 223 58044 205 127%
c - 614.87 289 22 79 690 223637 1 12071100 115283 1.4 24 17 7 18 57% 223 58044 205 127%
c - 616.05 288 21 79 691 223640 1 12097367 117774 1.4 24 17 6 18 57% 223 58044 205 127%
c - 616.99 288 21 79 692 223641 1 12123653 121157 1.4 24 17 6 18 58% 223 58044 205 127%
c - 618.10 288 21 79 693 223642 1 12149959 120347 1.5 24 16 6 18 57% 223 58044 205 127%
c u 618.53 288 21 79 693 223642 1 12153463 122033 1.5 23 16 6 18 57% 226 58044 205 127%
c v 618.90 298 21 79 693 223642 1 12153463 121792 1.5 23 16 6 18 57% 226 58044 205 127%
c w 619.04 301 21 79 693 223642 1 12153463 119782 1.5 23 16 6 18 57% 226 58044 205 127%
c x 619.28 303 21 79 693 223642 1 12153463 119776 1.5 23 16 6 18 57% 226 57384 205 127%
c
c seconds     switched       rate             size/glue  tier1    binary       remaining
c          MB   reductions      conflicts           size   tier2     irredundant
c           level      restarts         redundant      glue    trail       variables
c
c t 619.29 303 21 79 693 223642 1 12153463 119776 1.5 23 16 6 18 57% 223 57384 205 127%
c o 619.29 303 21 79 693 223642 1 12153463 119776 1.5 23 16 6 18 57% 223 57384 205 127%
c ] 619.40 287 21 80 693 223642 1 12156396 122310 1.5 23 16 6 18 57% 223 57384 205 127%
c { 619.40 287 14 80 693 223642 2 12156396 122310 1.5 15 10 4 11 51% 223 57384 205 127%
c - 620.76 288 14 80 694 225073 2 12176285 120393 1.5 15 10 4 11 50% 223 57384 205 127%
c - 622.07 288 14 80 695 225913 2 12202633 121209 1.5 15 10 4 11 50% 223 57384 205 127%
c - 623.80 288 14 80 696 227624 2 12228995 121948 1.5 15 10 4 11 50% 223 57384 205 127%
c - 625.09 288 14 80 697 228348 2 12255376 122175 1.5 15 10 4 11 50% 224 57384 205 127%
c - 626.54 288 14 80 698 229496 2 12281777 122540 1.5 15 10 4 11 50% 224 57384 205 127%
c - 628.03 289 14 80 699 230690 2 12308197 122987 1.5 15 10 4 11 51% 224 57384 205 127%
c - 629.55 288 14 80 700 231844 2 12334637 123008 1.5 15 10 4 11 50% 224 57384 205 127%
c - 630.78 288 13 80 701 232697 2 12361094 122978 1.5 15 10 4 11 51% 225 57384 205 127%
c - 632.39 288 14 80 702 234295 2 12387571 123763 1.5 15 10 4 11 51% 225 57384 205 127%
c - 633.99 288 14 80 703 235794 2 12414067 125474 1.5 15 10 4 11 50% 225 57384 205 127%
c - 635.30 288 14 80 704 236546 2 12440581 126385 1.5 15 10 4 11 51% 225 57384 205 127%
c s 636.30 288 13 80 704 236840 1 12463019 141975 1.5 15 10 4 11 51% 226 57166 205 127%
c - 636.51 288 13 80 705 236938 1 12467113 124946 1.5 15 10 4 11 51% 226 57166 205 127%
c } 637.18 288 13 81 705 237478 1 12482839 136578 1.5 14 10 4 11 51% 226 57166 205 127%
c [ 637.18 288 21 81 705 237478 1 12482839 136578 1.5 23 16 6 18 57% 226 57166 205 127%
c O 637.18 288 21 81 705 237478 1 12482839 136578 1.5 23 16 6 18 57% 226 57166 205 127%
c
c seconds     switched       rate             size/glue  tier1    binary       remaining
c          MB   reductions      conflicts           size   tier2     irredundant
c           level      restarts         redundant      glue    trail       variables
c
c - 637.57 288 21 81 706 237484 1 12493664 124988 1.4 23 16 6 18 57% 226 57166 205 127%
c u 638.82 288 20 81 706 237495 1 12517987 140917 1.4 22 16 6 18 56% 233 57166 205 127%
c v 639.26 300 20 81 706 237495 1 12517987 138873 1.4 22 16 6 18 56% 233 57166 205 127%
c w 639.44 301 20 81 706 237495 1 12517987 129587 1.4 22 16 6 18 56% 233 57166 205 127%
c x 639.75 303 20 81 706 237495 1 12517987 129582 1.4 22 16 6 18 56% 233 55617 205 127%
c t 639.75 303 20 81 706 237495 1 12517987 129582 1.4 22 16 6 18 56% 226 55617 205 127%
c - 639.86 288 20 81 707 237496 1 12520235 112284 1.4 22 16 6 18 56% 226 55617 205 127%
c - 640.87 288 21 81 708 237507 1 12546824 111302 1.4 23 16 6 18 56% 226 55617 205 127%
c - 641.98 288 21 81 709 237515 1 12573432 112723 1.4 23 17 6 18 57% 226 55617 205 127%
c - 643.09 288 22 81 710 237526 1 12600061 113346 1.4 24 17 6 18 57% 226 55617 205 127%
c - 644.22 288 21 81 711 237538 1 12626706 116154 1.4 23 17 6 18 57% 226 55617 205 127%
c - 645.37 288 21 81 712 237540 1 12653371 117716 1.4 23 17 6 18 57% 226 55617 205 127%
c - 646.52 288 21 81 713 237540 1 12680054 118906 1.4 23 17 6 18 57% 226 55617 205 127%
c - 647.69 289 20 81 714 237555 1 12706757 120049 1.4 22 16 6 17 56% 226 55617 205 127%
c - 648.77 288 20 81 715 237568 1 12733478 121019 1.4 22 16 6 17 56% 226 55617 205 127%
c - 649.88 288 20 81 716 237571 1 12760218 121369 1.4 22 16 6 17 56% 226 55617 205 127%
c - 651.08 289 19 81 717 237586 1 12786977 125198 1.4 21 15 6 17 55% 226 55617 205 127%
c - 652.36 288 19 81 718 237599 1 12813755 123481 1.4 21 15 6 17 54% 226 55617 205 127%
c - 653.53 289 20 81 719 237602 1 12840550 121199 1.4 21 16 6 17 55% 226 55617 205 127%
c - 654.63 288 20 81 720 237603 1 12867365 116403 1.4 22 16 6 17 55% 226 55617 205 127%
c
c seconds     switched       rate             size/glue  tier1    binary       remaining
c          MB   reductions      conflicts           size   tier2     irredundant
c           level      restarts         redundant      glue    trail       variables
c
c ] 655.48 288 20 82 720 237604 1 12888154 132275 1.4 22 16 6 17 55% 226 55617 205 127%
c { 655.48 288 13 82 720 237604 1 12888154 132275 1.5 14 10 4 11 51% 226 55617 205 127%
c u 655.84 288 13 82 720 237690 1 12888784 131752 1.5 14 10 4 11 51% 232 55617 205 127%
c v 656.22 300 13 82 720 237690 1 12888784 131375 1.5 14 10 4 11 51% 232 55617 205 127%
c w 656.37 303 13 82 720 237690 1 12888784 127157 1.5 14 10 4 11 51% 232 55617 205 127%
c x 656.66 305 13 82 720 237690 1 12888784 127155 1.5 14 10 4 11 51% 232 55586 205 127%
c t 656.66 305 13 82 720 237690 1 12888784 127155 1.5 14 10 4 11 51% 226 55586 205 127%
c o 656.67 305 13 82 720 237690 1 12888784 127155 1.5 14 10 4 11 51% 226 55586 205 127%
c - 657.05 288 13 82 721 238302 1 12894198 116901 1.5 14 10 4 11 51% 226 55586 205 127%
c - 658.98 288 14 82 722 241251 2 12921050 121767 1.4 15 10 4 11 49% 226 55586 205 127%
c - 660.94 288 14 82 723 244240 2 12947920 123374 1.4 15 11 4 11 49% 226 55586 205 127%
c - 662.95 288 14 82 724 246094 2 12974808 125467 1.4 15 11 4 11 48% 226 55586 205 127%
c - 664.97 288 15 82 725 247999 2 13001717 126674 1.4 15 11 4 11 47% 226 55586 205 127%
c - 666.79 288 15 82 726 249447 2 13028642 127561 1.4 16 11 4 11 47% 226 55586 205 127%
c - 668.57 288 15 82 727 251048 1 13055587 127820 1.4 16 12 4 11 47% 226 55586 205 127%
c - 670.41 289 15 82 728 252350 1 13082549 127343 1.3 16 12 4 11 46% 226 55586 205 127%
c - 672.00 288 15 82 729 253111 1 13109532 126897 1.3 16 12 4 11 46% 227 55586 205 127%
c - 673.50 289 15 82 730 254344 1 13136535 125965 1.3 16 12 4 11 47% 227 55586 205 127%
c - 675.14 289 15 82 731 255726 1 13163554 125673 1.3 16 12 4 11 47% 227 55586 205 127%
c - 676.81 288 15 82 732 257319 1 13190592 125227 1.3 16 12 4 11 47% 227 55586 205 127%
c
c seconds     switched       rate             size/glue  tier1    binary       remaining
c          MB   reductions      conflicts           size   tier2     irredundant
c           level      restarts         redundant      glue    trail       variables
c
c - 678.42 288 15 82 733 258743 1 13217648 124670 1.3 16 12 4 11 48% 227 55586 205 127%
c } 679.07 287 15 83 733 259145 1 13229762 133573 1.3 16 12 4 11 48% 227 55586 205 127%
c [ 679.07 287 20 83 733 259145 1 13229762 133573 1.4 22 16 6 17 55% 227 55586 205 127%
c B 679.07 287 20 83 733 259145 1 13229762 133573 1.4 22 16 6 17 55% 227 55586 205 127%
c - 679.65 288 20 83 734 259154 1 13244722 122987 1.4 22 16 6 17 55% 227 55586 205 127%
c u 681.12 288 20 83 734 259162 1 13265457 136649 1.4 22 16 6 17 55% 236 55586 205 127%
c v 681.95 302 20 83 734 259162 1 13265457 134079 1.4 22 16 6 17 55% 236 55586 205 127%
c w 682.26 303 20 83 734 259162 1 13265457 131587 1.4 22 16 6 17 55% 236 55586 205 127%
c t 682.27 303 20 83 734 259162 1 13265457 131587 1.4 22 16 6 17 55% 227 55586 205 127%
c - 682.55 288 19 83 735 259166 1 13271815 115789 1.4 22 15 6 17 55% 227 55586 205 127%
c - 683.58 288 19 83 736 259175 1 13298927 115994 1.4 22 15 6 17 56% 227 55586 205 127%
c - 684.61 288 19 83 737 259184 1 13326056 114447 1.4 21 15 6 17 55% 227 55586 205 127%
c - 685.73 289 18 83 738 259197 1 13353203 113786 1.4 21 15 6 17 55% 227 55586 205 127%
c - 686.77 288 18 83 739 259206 1 13380372 114404 1.4 21 15 6 17 55% 227 55586 205 127%
c - 687.85 288 18 83 740 259207 1 13407557 115231 1.4 21 14 6 17 55% 227 55586 205 127%
c o 688.64 288 18 83 740 259211 1 13431133 134583 1.5 21 14 6 17 55% 227 55586 205 127%
c - 688.78 288 18 83 741 259213 1 13434759 117416 1.5 21 14 6 17 55% 227 55586 205 127%
c - 689.80 288 18 83 742 259225 1 13461981 117553 1.5 21 14 6 17 55% 227 55586 205 127%
c s 690.21 288 18 83 742 259228 1 13467972 121934 1.5 21 14 6 17 55% 227 53066 205 127%
c - 690.96 288 18 83 743 259237 1 13489221 117123 1.5 21 14 6 17 56% 227 53066 205 127%
c
c seconds     switched       rate             size/glue  tier1    binary       remaining
c          MB   reductions      conflicts           size   tier2     irredundant
c           level      restarts         redundant      glue    trail       variables
c
c - 691.93 288 17 83 744 259244 1 13516480 118510 1.5 21 14 6 17 56% 227 53066 205 127%
c - 692.96 288 17 83 745 259255 1 13543758 119734 1.5 21 13 6 17 57% 227 53066 205 127%
c - 693.96 288 17 83 746 259268 1 13571052 118453 1.5 21 14 6 17 56% 227 53066 205 127%
c - 695.03 289 17 83 747 259270 1 13598365 114632 1.5 21 14 6 17 56% 227 53066 205 127%
c - 695.99 288 18 83 748 259271 1 13625697 115763 1.5 21 14 6 17 55% 227 53066 205 127%
c u 697.02 288 17 83 748 259271 1 13648021 130865 1.5 20 14 6 17 55% 231 53066 205 127%
c v 697.37 299 17 83 748 259271 1 13648021 128025 1.5 20 14 6 17 55% 231 53066 205 127%
c w 697.51 302 17 83 748 259271 1 13648021 125664 1.5 20 14 6 17 55% 231 53066 205 127%
c x 697.75 303 17 83 748 259271 1 13648021 125604 1.5 20 14 6 17 55% 231 51843 205 127%
c t 697.76 303 17 83 748 259271 1 13648021 125604 1.5 20 14 6 17 55% 227 51843 205 127%
c - 697.94 288 17 83 749 259271 1 13653046 111719 1.5 20 14 6 17 55% 227 51843 205 127%
c W 698.73 288 17 83 749 259271 1 13675536 128325 1.5 20 14 6 17 54% 227 51843 205 127%
c - 698.92 288 17 83 750 259271 1 13680413 114180 1.5 20 14 6 17 54% 227 51843 205 127%
c - 699.93 288 18 83 751 259283 1 13707799 115610 1.5 21 14 6 17 54% 227 51843 205 127%
c - 700.95 288 18 83 752 259294 1 13735203 115761 1.5 20 14 6 17 55% 227 51843 205 127%
c - 701.97 288 18 83 753 259302 1 13762625 116125 1.5 21 14 6 17 55% 227 51843 205 127%
c - 702.99 289 17 83 754 259314 1 13790065 117273 1.5 21 14 6 17 56% 227 51843 205 127%
c - 703.96 288 17 83 755 259325 1 13817524 121087 1.5 20 13 6 17 56% 227 51843 205 127%
c - 704.93 288 17 83 756 259333 1 13845001 119592 1.5 20 13 6 17 57% 227 51843 205 127%
c - 705.86 285 17 83 757 259334 1 13872496 117621 1.5 20 13 6 17 57% 227 51843 205 127%
c
c seconds     switched       rate             size/glue  tier1    binary       remaining
c          MB   reductions      conflicts           size   tier2     irredundant
c           level      restarts         redundant      glue    trail       variables
c
c ] 706.75 288 17 84 757 259341 1 13895562 134600 1.5 20 13 6 17 57% 227 51843 205 127%
c { 706.75 288 15 84 757 259341 1 13895562 134600 1.3 16 12 4 11 48% 227 51843 205 127%
c - 706.94 288 15 84 758 259361 1 13900009 116962 1.4 16 12 4 11 48% 227 51843 205 127%
c o 707.57 288 15 84 758 259375 1 13916459 129594 1.4 16 11 4 11 49% 228 51843 205 127%
c - 708.05 288 14 84 759 259519 1 13927540 118076 1.4 16 11 4 11 50% 228 51843 205 127%
c - 709.00 288 14 84 760 259670 1 13955089 116724 1.4 15 11 4 11 51% 230 51843 205 127%
c - 709.96 289 13 84 761 260008 1 13982658 116269 1.4 15 10 4 11 52% 231 51843 205 127%
c i 710.30 288 13 84 761 260028 1 13991557 121721 1.4 14 10 4 11 52% 242 51843 204 127%
c - 711.15 288 13 84 762 260938 1 14010246 86880 1.4 15 10 4 11 53% 221 51843 204 127%
c u 712.75 288 13 84 762 261968 1 14037595 106481 1.4 14 10 4 11 52% 226 51843 204 127%
c v 713.07 288 13 84 762 261968 1 14037595 100015 1.4 14 10 4 11 52% 226 51843 204 127%
c w 713.19 288 13 84 762 261968 1 14037595 99025 1.4 14 10 4 11 52% 226 51843 204 127%
c x 713.44 288 13 84 762 261968 1 14037595 98994 1.4 14 10 4 11 52% 226 49539 204 127%
c t 713.44 288 13 84 762 261968 1 14037595 98994 1.4 14 10 4 11 52% 222 49539 204 127%
c f 713.45 288 13 84 762 261968 1 14037595 98994 1.4 14 10 4 11 52% 224 49486 205 127%
c u 713.72 289 13 84 762 261968 1 14037595 98019 1.4 14 10 4 11 52% 231 49486 205 127%
c v 714.02 289 13 84 762 261968 1 14037595 97631 1.4 14 10 4 11 52% 231 49486 205 127%
c w 714.14 289 13 84 762 261968 1 14037595 97511 1.4 14 10 4 11 52% 231 49486 205 127%
c x 714.39 289 13 84 762 261968 1 14037595 97511 1.4 14 10 4 11 52% 231 49404 205 127%
c t 714.39 289 13 84 762 261968 1 14037595 97511 1.4 14 10 4 11 52% 224 49404 205 127%
c
c seconds     switched       rate            size/glue  tier1    binary       remaining
c          MB   reductions      conflicts          size   tier2     irredundant
c           level      restarts         redundant     glue    trail       variables
c
c - 714.43 288 13 84 763 262009 1 14037852 93545 1.4 14 10 4 11 52% 224 49404 205 127%
c - 715.90 288 13 84 764 263761 1 14065475 107871 1.4 15 10 4 11 52% 225 49404 205 127%
c - 717.59 288 14 84 765 265675 2 14093115 114299 1.5 15 10 4 11 52% 225 49404 205 127%
c - 718.89 288 14 84 766 266870 2 14120773 116602 1.4 15 10 4 11 51% 226 49404 205 127%
c - 720.47 288 14 84 767 268285 2 14148449 118720 1.5 15 10 4 11 51% 227 49404 205 127%
c - 721.90 288 14 84 768 269452 2 14176145 120181 1.5 15 10 4 11 51% 227 49404 205 127%
c - 723.35 288 14 84 769 270580 2 14203857 121282 1.5 15 10 4 11 51% 228 49404 205 127%
c - 724.85 288 13 84 770 271663 2 14231587 121760 1.5 15 10 4 11 51% 230 49404 205 127%
c } 726.12 288 14 85 770 272930 2 14252643 137934 1.5 15 10 4 11 51% 230 49404 205 127%
c [ 726.12 288 17 85 770 272930 1 14252643 137934 1.5 20 13 6 17 57% 230 49404 205 127%
c I 726.12 288 17 85 770 272930 1 14252643 137934 1.5 20 13 6 17 57% 230 49404 205 127%
c - 726.38 288 16 85 771 272935 1 14259336 122760 1.5 20 13 6 17 56% 230 49404 205 127%
c - 727.41 288 16 85 772 272946 1 14287102 122249 1.5 19 13 6 17 55% 230 49404 205 127%
c - 728.38 288 17 85 773 272959 1 14314886 119459 1.4 19 13 6 17 55% 231 49404 205 127%
c - 729.48 288 17 85 774 272966 1 14342690 118254 1.4 19 13 6 17 55% 231 49404 205 127%
c - 730.62 288 17 85 775 272978 1 14370513 122042 1.4 19 13 6 17 55% 231 49404 205 127%
c - 731.70 288 17 85 776 272990 1 14398352 122075 1.4 19 13 6 17 55% 231 49404 205 127%
c - 732.72 288 17 85 777 272992 1 14426208 122821 1.4 19 13 6 17 56% 231 49404 205 127%
c u 733.52 288 16 85 777 272992 1 14433967 126183 1.4 18 13 6 17 55% 245 49404 205 127%
c v 734.13 297 16 85 777 272992 1 14433967 120324 1.4 18 13 6 17 55% 245 49404 205 127%
c
c seconds     switched       rate             size/glue  tier1    binary       remaining
c          MB   reductions      conflicts           size   tier2     irredundant
c           level      restarts         redundant      glue    trail       variables
c
c w 734.36 299 16 85 777 272992 1 14433967 115947 1.4 18 13 6 17 55% 245 49404 205 127%
c t 734.36 299 16 85 777 272992 1 14433967 115947 1.4 18 13 6 17 55% 228 49404 205 127%
c o 734.36 299 16 85 777 272992 1 14433967 115947 1.4 18 13 6 17 55% 228 49404 205 127%
c - 735.06 288 17 85 778 272996 1 14454083 116321 1.4 19 13 6 17 56% 228 49404 205 127%
c - 736.18 288 16 85 779 273007 1 14481975 119306 1.4 18 13 6 17 56% 228 49404 205 127%
c - 737.22 288 16 85 780 273022 1 14509885 122171 1.4 18 13 6 17 55% 230 49404 205 127%
c i 737.42 289 16 85 780 273022 1 14514804 125176 1.4 18 13 6 17 55% 237 49404 204 127%
c s 737.95 288 16 85 780 273023 1 14522379 131216 1.4 18 13 6 17 55% 237 48877 204 127%
c e 737.96 288 16 85 780 273023 1 14522379 131216 1.4 18 13 6 17 55% 216 48927 200 124%
c - 738.45 288 17 85 781 273028 1 14537813 85161 1.4 19 14 6 17 56% 217 48927 200 124%
c - 739.32 288 18 85 782 273039 1 14565759 99235 1.4 19 14 6 17 56% 217 48927 200 124%
c - 740.28 288 18 85 783 273053 1 14593723 107971 1.4 20 14 6 17 56% 217 48927 200 124%
c - 741.32 288 18 85 784 273055 1 14621706 111695 1.4 20 14 6 17 56% 217 48927 200 124%
c - 742.37 288 18 85 785 273056 1 14649706 115572 1.4 20 14 6 17 56% 217 48927 200 124%
c - 743.38 288 18 85 786 273056 1 14677724 115124 1.4 21 14 6 17 56% 217 48927 200 124%
c - 744.42 288 18 85 787 273056 1 14705759 113827 1.4 20 14 6 17 56% 217 48927 200 124%
c ] 744.90 288 18 86 787 273062 1 14719168 123204 1.4 21 14 6 17 56% 217 48927 200 124%
c { 744.90 288 14 86 787 273062 2 14719168 123204 1.5 15 10 4 11 51% 217 48927 200 124%
c - 745.57 285 13 86 788 273155 2 14733812 117167 1.5 15 10 4 11 52% 217 48927 200 124%
c - 746.82 288 13 86 789 273173 1 14761885 123350 1.5 15 10 4 11 52% 218 48927 200 124%
c
c seconds     switched       rate             size/glue tier1    binary       remaining
c          MB   reductions      conflicts           size  tier2     irredundant
c           level      restarts         redundant     glue    trail       variables
c
c i 747.35 288 12 86 789 273180 1 14774591 132032 1.5 14 9 4 11 52% 222 48927 199 124%
c - 748.01 288 12 86 790 273283 1 14789975 98688 1.6 14 9 4 11 52% 209 48927 199 124%
c - 749.15 288 12 86 791 273447 1 14818081 113203 1.6 14 9 4 11 53% 210 48927 199 124%
c u 750.25 288 12 86 791 273722 1 14836285 127042 1.6 15 9 4 11 53% 220 48927 199 124%
c v 750.63 297 12 86 791 273722 1 14836285 126902 1.6 15 9 4 11 53% 220 48927 199 124%
c w 750.75 299 12 86 791 273722 1 14836285 126848 1.6 15 9 4 11 53% 220 48927 199 124%
c x 751.02 300 12 86 791 273722 1 14836285 126836 1.6 15 9 4 11 53% 220 48034 199 124%
c t 751.02 300 12 86 791 273722 1 14836285 126836 1.6 15 9 4 11 53% 209 48034 199 124%
c f 751.03 288 12 86 791 273722 1 14836285 126836 1.6 15 9 4 11 53% 213 47953 202 125%
c u 751.35 288 12 86 791 273722 1 14836285 126339 1.6 15 9 4 11 53% 213 47953 202 125%
c v 751.71 289 12 86 791 273722 1 14836285 126108 1.6 15 9 4 11 53% 213 47953 202 125%
c w 751.84 289 12 86 791 273722 1 14836285 126057 1.6 15 9 4 11 53% 213 47953 202 125%
c x 752.11 298 12 86 791 273722 1 14836285 126053 1.6 15 9 4 11 53% 213 47460 202 125%
c - 752.64 288 12 86 792 273928 1 14846205 122137 1.7 15 9 4 11 54% 213 47460 202 125%
c i 752.91 289 12 86 792 274015 1 14852883 127678 1.7 15 9 4 11 54% 216 47460 201 125%
c - 753.89 288 12 86 793 274328 1 14874347 123157 1.7 15 9 4 11 54% 202 47460 201 125%
c - 755.40 289 11 86 794 274812 1 14902508 124593 1.7 15 9 4 11 54% 202 47460 201 125%
c - 756.93 289 11 86 795 275370 1 14930686 127187 1.7 15 9 4 11 55% 204 47460 201 125%
c o 757.16 288 11 86 795 275400 1 14935267 131063 1.7 15 9 4 11 54% 204 47460 201 125%
c - 758.45 288 11 86 796 275683 1 14958881 128885 1.7 15 8 4 11 54% 204 47460 201 125%
c
c seconds     switched       rate             size/glue tier1    binary       remaining
c          MB   reductions      conflicts           size  tier2     irredundant
c           level      restarts         redundant     glue    trail       variables
c
c i 759.51 288 11 86 796 275724 1 14981110 145831 1.7 14 8 4 11 53% 211 47460 200 124%
c - 759.86 288 11 86 797 275873 1 14987094 116581 1.7 14 8 4 11 54% 199 47460 200 124%
c - 761.36 289 11 86 798 277031 1 15015325 118028 1.7 14 8 4 11 54% 199 47460 200 124%
c - 762.96 288 11 86 799 278126 1 15043575 127648 1.7 14 8 4 11 54% 199 47460 200 124%
c - 764.40 288 11 86 800 278828 1 15071842 128983 1.7 14 8 4 11 54% 200 47460 200 124%
c i 764.82 288 10 86 800 278828 1 15082182 135963 1.7 14 8 4 11 54% 212 47460 198 123%
c } 765.27 289 10 87 800 279270 1 15092023 143894 1.7 14 8 4 11 54% 212 47460 198 123%
c [ 765.27 289 18 87 800 279270 1 15092023 143894 1.4 21 14 6 17 56% 212 47460 198 123%
c B 765.27 289 18 87 800 279270 1 15092023 143894 1.4 21 14 6 17 56% 212 47460 198 123%
c - 765.57 288 18 87 801 279275 1 15100126 113521 1.4 20 14 6 17 56% 190 47460 198 123%
c - 766.53 288 18 87 802 279287 1 15128429 113478 1.4 20 14 6 17 56% 190 47460 198 123%
c - 767.64 288 18 87 803 279299 1 15156750 116489 1.4 21 15 6 17 55% 190 47460 198 123%
c - 768.67 288 18 87 804 279307 1 15185088 118054 1.4 20 14 6 17 54% 190 47460 198 123%
c - 769.83 288 19 87 805 279321 1 15213445 118730 1.4 21 15 6 17 54% 190 47460 198 123%
c - 771.04 288 18 87 806 279331 1 15241818 119274 1.4 21 15 6 17 54% 190 47460 198 123%
c u 771.58 295 18 87 806 279331 1 15245364 121245 1.4 21 15 6 17 54% 191 47460 198 123%
c v 772.03 296 18 87 806 279331 1 15245364 120503 1.4 21 15 6 17 54% 191 47460 198 123%
c w 772.21 296 18 87 806 279331 1 15245364 119731 1.4 21 15 6 17 54% 191 47460 198 123%
c x 772.54 308 18 87 806 279331 1 15245364 119726 1.4 21 15 6 17 54% 191 46886 198 123%
c t 773.50 308 18 87 806 279331 1 15245364 119726 1.4 21 15 6 17 54% 190 46886 198 123%
c
c seconds     switched       rate             size/glue  tier1    binary       remaining
c          MB   reductions      conflicts           size   tier2     irredundant
c           level      restarts         redundant      glue    trail       variables
c
c f 773.50 296 18 87 806 279331 1 15245364 119726 1.4 21 15 6 17 54% 196 46789 200 124%
c u 773.90 296 18 87 806 279331 1 15245364 119047 1.4 21 15 6 17 54% 198 46789 200 124%
c v 774.35 296 18 87 806 279331 1 15245364 118713 1.4 21 15 6 17 54% 198 46789 200 124%
c w 774.53 296 18 87 806 279331 1 15245364 118545 1.4 21 15 6 17 54% 198 46789 200 124%
c x 774.87 307 18 87 806 279331 1 15245364 118544 1.4 21 15 6 17 54% 198 46588 200 124%
c t 774.87 307 18 87 806 279331 1 15245364 118544 1.4 21 15 6 17 54% 196 46588 200 124%
c - 775.85 296 18 87 807 279332 1 15270213 119991 1.4 21 14 6 17 54% 196 46588 200 124%
c - 776.99 295 18 87 808 279339 1 15298620 123560 1.5 20 14 6 17 53% 196 46588 200 124%
c - 778.06 297 18 87 809 279351 1 15327046 122328 1.5 21 14 6 17 53% 196 46588 200 124%
c - 779.10 296 18 87 810 279363 1 15355489 119396 1.4 21 14 6 17 54% 196 46588 200 124%
c - 780.21 295 19 87 811 279371 1 15383949 120079 1.4 21 15 6 17 54% 196 46588 200 124%
c - 781.28 295 19 87 812 279384 1 15412428 117832 1.4 21 15 6 17 54% 196 46588 200 124%
c - 782.41 296 19 87 813 279394 1 15440926 116819 1.4 21 15 6 17 53% 196 46588 200 124%
c - 783.65 296 19 87 814 279395 1 15469442 118079 1.4 21 15 6 17 52% 196 46588 200 124%
c - 784.88 296 19 87 815 279396 1 15497972 118937 1.4 21 14 6 17 52% 196 46588 200 124%
c - 786.11 296 19 87 816 279396 1 15526521 119552 1.4 21 15 6 17 52% 196 46588 200 124%
c - 787.36 296 19 87 817 279399 1 15555086 120099 1.4 21 15 6 17 52% 196 46588 200 124%
c ] 787.39 296 19 88 817 279399 1 15555687 120527 1.4 21 15 6 17 52% 196 46588 200 124%
c { 787.39 296 10 88 817 279399 1 15555687 120527 1.7 14 8 4 11 54% 196 46588 200 124%
c o 787.40 296 10 88 817 279429 1 15555865 120676 1.7 14 8 4 11 54% 196 46588 200 124%
c
c seconds     switched       rate             size/glue tier1    binary       remaining
c          MB   reductions      conflicts           size  tier2     irredundant
c           level      restarts         redundant     glue    trail       variables
c
c - 789.74 295 12 88 818 283205 1 15583670 113759 1.6 14 9 3 11 53% 196 46588 200 124%
c - 791.91 295 12 88 819 286080 2 15612272 113346 1.6 14 9 3 11 52% 196 46588 200 124%
c s 793.23 295 12 88 819 287160 2 15627892 124927 1.5 14 9 3 11 51% 196 46122 200 124%
c e 793.23 296 12 88 819 287160 2 15627892 124927 1.5 14 9 3 11 51% 184 46202 195 121%
c s 793.24 296 12 88 819 287160 2 15627892 124927 1.5 14 9 3 11 51% 184 46201 195 121%
c - 794.04 295 13 88 820 288071 2 15640892 107270 1.5 14 9 3 11 51% 184 46201 195 121%
c u 795.42 296 13 88 820 289203 2 15660819 118878 1.5 14 9 3 11 51% 200 46201 195 121%
c v 795.78 296 13 88 820 289203 2 15660819 117999 1.5 14 9 3 11 51% 200 46201 195 121%
c w 795.94 296 13 88 820 289203 2 15660819 117800 1.5 14 9 3 11 51% 200 46201 195 121%
c x 796.28 296 13 88 820 289203 2 15660819 117795 1.5 14 9 3 11 51% 200 45973 195 121%
c t 796.28 296 13 88 820 289203 2 15660819 117795 1.5 14 9 3 11 51% 184 45973 195 121%
c f 796.29 296 13 88 820 289203 2 15660819 117795 1.5 14 9 3 11 51% 185 45946 196 122%
c u 796.65 296 13 88 820 289203 2 15660819 115618 1.5 14 9 3 11 51% 193 45946 196 122%
c v 797.08 295 13 88 820 289203 2 15660819 114722 1.5 14 9 3 11 51% 195 45946 196 122%
c w 797.24 296 13 88 820 289203 2 15660819 114561 1.5 14 9 3 11 51% 195 45946 196 122%
c x 797.59 296 13 88 820 289203 2 15660819 114544 1.5 14 9 3 11 51% 195 45710 196 122%
c t 797.59 296 13 88 820 289203 2 15660819 114544 1.5 14 9 3 11 51% 185 45710 196 122%
c - 798.10 295 13 88 821 289678 2 15669528 103625 1.5 14 10 3 11 51% 185 45710 196 122%
c - 799.69 295 13 88 822 291376 2 15698182 106053 1.5 14 10 3 11 50% 185 45710 196 122%
c - 801.30 296 13 88 823 292946 2 15726853 108053 1.5 14 10 3 11 50% 186 45710 196 122%
c
c seconds     switched       rate             size/glue  tier1    binary       remaining
c          MB   reductions      conflicts           size   tier2     irredundant
c           level      restarts         redundant      glue    trail       variables
c
c - 802.84 296 13 88 824 294305 2 15755543 109343 1.5 14 10 3 11 50% 186 45710 196 122%
c - 804.30 296 13 88 825 295152 2 15784249 109795 1.5 14 10 3 11 50% 188 45710 196 122%
c - 805.81 295 13 88 826 296481 2 15812971 110417 1.5 14 10 3 11 49% 188 45710 196 122%
c - 807.48 296 13 88 827 297996 2 15841711 111667 1.5 14 10 3 11 50% 188 45710 196 122%
c - 809.05 295 13 88 828 299242 2 15870468 112155 1.5 14 10 3 11 50% 189 45710 196 122%
c - 810.60 296 13 88 829 300675 2 15899243 112717 1.5 14 10 3 11 50% 191 45710 196 122%
c - 812.16 295 13 88 830 301819 2 15928035 113180 1.5 14 9 3 11 50% 192 45710 196 122%
c } 813.02 295 13 89 830 303015 2 15944626 125835 1.5 14 10 3 11 50% 192 45710 196 122%
c [ 813.02 295 19 89 830 303015 1 15944626 125835 1.4 21 15 6 17 52% 192 45710 196 122%
c W 813.07 296 19 89 830 303015 1 15944626 125835 1.4 21 15 6 17 52% 192 45710 196 122%
c - 813.53 296 19 89 831 303021 1 15956845 112105 1.4 21 15 6 17 52% 192 45710 196 122%
c - 814.64 295 18 89 832 303035 1 15985672 109022 1.4 20 14 6 17 52% 192 45710 196 122%
c - 815.73 295 18 89 833 303045 1 16014516 108501 1.4 20 14 6 17 51% 192 45710 196 122%
c - 816.87 295 18 89 834 303056 1 16043377 108620 1.4 20 14 6 17 52% 192 45710 196 122%
c - 818.08 296 18 89 835 303068 1 16072257 109542 1.4 20 14 6 17 52% 192 45710 196 122%
c u 818.96 296 17 89 835 303074 1 16082702 115652 1.4 19 14 6 17 51% 200 45710 196 122%
c v 819.46 296 17 89 835 303074 1 16082702 112381 1.4 19 14 6 17 51% 200 45710 196 122%
c w 819.64 296 17 89 835 303074 1 16082702 108682 1.4 19 14 6 17 51% 200 45710 196 122%
c x 820.03 296 17 89 835 303074 1 16082702 108650 1.4 19 14 6 17 51% 200 45056 196 122%
c t 820.04 296 17 89 835 303074 1 16082702 108650 1.4 19 14 6 17 51% 192 45056 196 122%
c
c seconds     switched       rate             size/glue  tier1    binary       remaining
c          MB   reductions      conflicts           size   tier2     irredundant
c           level      restarts         redundant      glue    trail       variables
c
c o 820.04 296 17 89 835 303074 1 16082702 108650 1.4 19 14 6 17 51% 192 45056 196 122%
c - 820.72 295 17 89 836 303076 1 16101153 103874 1.4 20 14 6 17 52% 192 45056 196 122%
c - 821.88 296 17 89 837 303077 1 16130067 110196 1.5 19 13 6 17 52% 192 45056 196 122%
c - 823.06 296 16 89 838 303088 1 16158999 113864 1.5 19 13 6 17 52% 192 45056 196 122%
c - 824.32 296 16 89 839 303100 1 16187947 115679 1.5 19 13 5 17 51% 192 45056 196 122%
c - 825.52 296 16 89 840 303108 1 16216913 115324 1.5 19 12 5 17 51% 192 45056 196 122%
c - 826.75 296 16 89 841 303122 1 16245898 114966 1.5 19 12 5 17 51% 192 45056 196 122%
c - 828.02 296 15 89 842 303135 1 16274898 114820 1.5 18 12 5 17 50% 192 45056 196 122%
c - 829.27 296 15 89 843 303139 1 16303915 116128 1.5 18 12 5 17 50% 193 45056 196 122%
c - 830.47 296 15 89 844 303140 1 16332949 116151 1.5 18 12 5 17 51% 193 45056 196 122%
c - 831.63 296 14 89 845 303141 1 16362001 115480 1.5 17 11 5 17 51% 194 45056 196 122%
c i 832.37 295 14 89 845 303141 1 16381501 127847 1.5 17 11 5 17 51% 200 45056 190 118%
c - 832.80 295 14 89 846 303141 1 16391072 75090 1.5 16 11 5 17 51% 195 45056 190 118%
c - 833.80 295 13 89 847 303151 1 16420158 87446 1.5 16 11 5 17 50% 197 45056 190 118%
c i 834.00 295 13 89 847 303155 1 16426109 91279 1.5 16 11 5 17 49% 203 45056 180 112%
c i 834.05 296 13 89 847 303155 1 16427525 92203 1.5 15 10 5 17 49% 208 45056 177 110%
c i 834.06 296 13 89 847 303155 1 16427612 92239 1.5 15 10 5 17 49% 210 45056 173 107%
c i 834.06 296 13 89 847 303155 1 16427674 92265 1.5 15 10 5 17 49% 211 45056 163 101%
c i 834.06 296 13 89 847 303155 1 16427677 92266 1.5 15 10 5 17 49% 212 45056 159 99%
c ] 834.06 296 13 89 847 303155 1 16427690 92266 1.5 15 10 5 17 49% 215 45056 124 77%
c
c seconds     switched       rate            size/glue  tier1    binary       remaining
c          MB   reductions      conflicts          size   tier2     irredundant
c           level      restarts         redundant     glue    trail       variables
c
c 0 834.06 296 13 89 847 303155 2 16427690 92266 1.5 14 10 3 11 50% 215 45056 124 77%
c
c ---- [ result ] ------------------------------------------------------------
c
s UNSATISFIABLE
c
c ---- [ profiling ] ---------------------------------------------------------
c
c         760.44   91.17 %  search
c         385.10   46.17 %  stable
c         375.34   45.00 %  focused
c          73.41    8.80 %  simplify
c          66.05    7.92 %  probe
c          59.02    7.08 %  vivify
c           7.31    0.88 %  reduce
c           6.90    0.83 %  eliminate
c           6.68    0.80 %  subsume
c           5.79    0.69 %  sweep
c           0.83    0.10 %  substitute
c           0.65    0.08 %  walking
c           0.35    0.04 %  factor
c           0.19    0.02 %  preprocess
c           0.04    0.00 %  congruence
c           0.03    0.00 %  transitive
c           0.01    0.00 %  parse
c           0.01    0.00 %  lucky
c           0.00    0.00 %  backbone
c =============================================
c         834.06  100.00 %  total
c
c ---- [ statistics ] --------------------------------------------------------
c
c conflicts:                         16427690            19695.99 per second
c decisions:                         21744538                1.32 per conflict
c eliminated:                             173              107 %  variables
c factored:                               226              140 %  variables
c iterations:                              15                9 %  variables
c propagations:                     454414844           544821    per second
c reductions:                             847            19395    interval
c reordered:                               53           309956    interval
c rephased:                                71           231376    interval
c restarts:                            303155               54    interval
c strengthened:                            35                0 %  checks
c subsumed:                              9307                0 %  checks
c switched:                                89           184581    interval
c vivified:                            381597               32 %  checks
c walks:                                   24           684487    interval
c
c ---- [ glue usage ] --------------------------------------------------------
c
c focused glue 3   used 3243820 clauses 13.18% accumulated 51.47% tier1
c focused glue 4   used 1940789 clauses  7.89% accumulated 59.36%
c focused glue 5-9 used 6400168 clauses 26.01% accumulated 85.37%
c focused glue 10  used 1030424 clauses  4.19% accumulated 89.56%
c focused glue 11  used  796926 clauses  3.24% accumulated 92.80% tier2
c
c stable glue 5    used  2619320 clauses  5.14% accumulated 50.75% tier1
c stable glue 6    used  2443815 clauses  4.79% accumulated 55.54%
c stable glue 7-15 used 16383751 clauses 32.14% accumulated 87.68%
c stable glue 16   used  1101271 clauses  2.16% accumulated 89.84%
c stable glue 17   used   996863 clauses  1.96% accumulated 91.79% tier2
c
c ---- [ resources ] ---------------------------------------------------------
c
c maximum-resident-set-size:     331064803328 bytes     315728 MB
c process-time:                        13m 54s             834.06 seconds
c
c ---- [ shutting down ] -----------------------------------------------------
c
c exit 20
